<?xml version = '1.0' encoding = 'UTF-8'?>
<Diagram class="oracle.dbtools.crest.swingui.relational.DPVRelational" name="Relational_1" id="32E759C8-C20D-E719-8B1B-C436A9ACD555">
<createdBy>haras</createdBy>
<modifiedBy>haras</modifiedBy>
<createdTime>2018-11-12 17:56:24 UTC</createdTime>
<autoRoute>false</autoRoute>
<boxInbox>true</boxInbox>
<showLegend>false</showLegend>
<showLabels>false</showLabels>
<showRelAttributes>false</showRelAttributes>
<gridEnabled>false</gridEnabled>
<showGrid>false</showGrid>
<diagramColor>-1</diagramColor>
<display>false</display>
<notation>1</notation>
<objectViews>
<OView class="oracle.dbtools.crest.swingui.relational.TVTable" oid="0DACAAE4-9348-035B-9EC7-8057104494C9" otype="Table" vid="BDAABAB5-1B2F-7EFD-0ED1-32A7F6A3BD1D">
<hideElementsInCurrentOnly>false</hideElementsInCurrentOnly>
<bounds x="409" y="293" width="170" height="110"/>
</OView>
<OView class="oracle.dbtools.crest.swingui.relational.TVTable" oid="2689A3A6-73A9-5784-6B42-8CCA7F276E14" otype="Table" vid="182807C4-3207-BDA5-2A56-A0A7CD21D6C2">
<hideElementsInCurrentOnly>false</hideElementsInCurrentOnly>
<bounds x="557" y="73" width="170" height="126"/>
</OView>
<OView class="oracle.dbtools.crest.swingui.relational.TVTable" oid="39B9D246-A9EA-84C3-631F-1C53B2A2D8BF" otype="Table" vid="7365BE1C-20CB-0373-9BA5-2646A64DD1E0">
<hideElementsInCurrentOnly>false</hideElementsInCurrentOnly>
<bounds x="943" y="106" width="170" height="411"/>
</OView>
<OView class="oracle.dbtools.crest.swingui.relational.TVTable" oid="3BD67E5A-3C7C-54D4-C524-0A37E7051683" otype="Table" vid="F5381BE2-13C5-6E88-9F99-2DCFFDB0CA3E">
<hideElementsInCurrentOnly>false</hideElementsInCurrentOnly>
<bounds x="48" y="87" width="170" height="110"/>
</OView>
<OView class="oracle.dbtools.crest.swingui.relational.TVTable" oid="3BF07D48-078B-DA7E-7FA4-39D54A408243" otype="Table" vid="3836F2FE-1CFC-34FC-6A26-9C04A72B89AA">
<hideElementsInCurrentOnly>false</hideElementsInCurrentOnly>
<bounds x="953" y="210" width="150" height="96"/>
</OView>
<OView class="oracle.dbtools.crest.swingui.relational.TVTable" oid="57089471-D3A0-9DF5-190C-508B7C7D2DCF" otype="Table" vid="7B97B2BA-B5D6-5022-2BFA-8661DBF4B8E9">
<hideElementsInCurrentOnly>false</hideElementsInCurrentOnly>
<bounds x="410" y="485" width="170" height="110"/>
</OView>
<OView class="oracle.dbtools.crest.swingui.relational.TVTable" oid="65F3EA0F-D8B7-3806-D55E-EC7A9908E6D0" otype="Table" vid="1B8A8090-CB18-A6C9-6985-A00FB1B48DC7">
<hideElementsInCurrentOnly>false</hideElementsInCurrentOnly>
<bounds x="953" y="380" width="150" height="90"/>
</OView>
<OView class="oracle.dbtools.crest.swingui.relational.TVTable" oid="755CC6E1-EB28-D67B-51B3-EC19DB4C177D" otype="Table" vid="20E3EF10-9F4E-699B-E288-D4328FD54D1D">
<hideElementsInCurrentOnly>false</hideElementsInCurrentOnly>
<bounds x="50" y="660" width="170" height="127"/>
</OView>
<OView class="oracle.dbtools.crest.swingui.relational.TVTable" oid="A96612DC-6244-81C6-854B-7781D0AFC4AB" otype="Table" vid="3591C697-0197-EDCD-0E34-0AB98B0D4E42">
<hideElementsInCurrentOnly>false</hideElementsInCurrentOnly>
<bounds x="50" y="292" width="170" height="252"/>
</OView>
<OView class="oracle.dbtools.crest.swingui.relational.TVTable" oid="E54190B0-9049-0148-11E2-DF2F19023619" otype="Table" vid="084B585A-D26D-C8A5-B13A-8DA546CB2FCC">
<hideElementsInCurrentOnly>false</hideElementsInCurrentOnly>
<bounds x="494" y="680" width="170" height="110"/>
</OView>
</objectViews>
<connectors>
<Connector class="oracle.dbtools.crest.swingui.relational.TVFKRelation" oid="1B4C7401-B3B2-5E41-C728-0D9663DFEA47" otype="FKIndexAssociation" vid_source="3591C697-0197-EDCD-0E34-0AB98B0D4E42" vid_target="7B97B2BA-B5D6-5022-2BFA-8661DBF4B8E9">
<hideElementsInCurrentOnly>false</hideElementsInCurrentOnly>
<backgroundColor>-16777216</backgroundColor>
<lineWidth>1</lineWidth>
<points>
<point x="220" y="514"/>
<point x="410" y="514"/>
</points>
</Connector>
<Connector class="oracle.dbtools.crest.swingui.relational.TVFKRelation" oid="35E290C5-5560-31BC-6ACE-CDE210E46615" otype="FKIndexAssociation" vid_source="7365BE1C-20CB-0373-9BA5-2646A64DD1E0" vid_target="1B8A8090-CB18-A6C9-6985-A00FB1B48DC7">
<hideElementsInCurrentOnly>false</hideElementsInCurrentOnly>
<backgroundColor>-16777216</backgroundColor>
<lineWidth>1</lineWidth>
<points>
<point x="1113" y="425"/>
<point x="953" y="425"/>
</points>
</Connector>
<Connector class="oracle.dbtools.crest.swingui.relational.TVFKRelation" oid="5146C39A-233F-6396-F21A-9450439AE00B" otype="FKIndexAssociation" vid_source="3591C697-0197-EDCD-0E34-0AB98B0D4E42" vid_target="BDAABAB5-1B2F-7EFD-0ED1-32A7F6A3BD1D">
<hideElementsInCurrentOnly>false</hideElementsInCurrentOnly>
<backgroundColor>-16777216</backgroundColor>
<lineWidth>1</lineWidth>
<points>
<point x="220" y="348"/>
<point x="409" y="348"/>
</points>
</Connector>
<Connector class="oracle.dbtools.crest.swingui.relational.TVFKRelation" oid="6BD52013-C4AC-5645-D52D-D98954AA441D" otype="FKIndexAssociation" vid_source="1B8A8090-CB18-A6C9-6985-A00FB1B48DC7" vid_target="BDAABAB5-1B2F-7EFD-0ED1-32A7F6A3BD1D">
<hideElementsInCurrentOnly>false</hideElementsInCurrentOnly>
<backgroundColor>-16777216</backgroundColor>
<lineWidth>1</lineWidth>
<points>
<point x="953" y="452"/>
<point x="494" y="452"/>
<point x="494" y="403"/>
</points>
</Connector>
<Connector class="oracle.dbtools.crest.swingui.relational.TVFKRelation" oid="6DBA0164-9136-007A-6609-34A1D7F92FEA" otype="FKIndexAssociation" vid_source="1B8A8090-CB18-A6C9-6985-A00FB1B48DC7" vid_target="084B585A-D26D-C8A5-B13A-8DA546CB2FCC">
<hideElementsInCurrentOnly>false</hideElementsInCurrentOnly>
<backgroundColor>-16777216</backgroundColor>
<lineWidth>1</lineWidth>
<points>
<point x="1055" y="470"/>
<point x="1055" y="728"/>
<point x="664" y="728"/>
</points>
</Connector>
<Connector class="oracle.dbtools.crest.swingui.relational.TVFKRelation" oid="8FFF2859-FBFA-29A4-47BB-CC8AFB4BD65F" otype="FKIndexAssociation" vid_source="20E3EF10-9F4E-699B-E288-D4328FD54D1D" vid_target="084B585A-D26D-C8A5-B13A-8DA546CB2FCC">
<hideElementsInCurrentOnly>false</hideElementsInCurrentOnly>
<backgroundColor>-16777216</backgroundColor>
<lineWidth>1</lineWidth>
<points>
<point x="220" y="733"/>
<point x="494" y="733"/>
</points>
</Connector>
<Connector class="oracle.dbtools.crest.swingui.relational.TVFKRelation" oid="9B9AF735-A112-615E-7ADA-0F558FB381C1" otype="FKIndexAssociation" vid_source="182807C4-3207-BDA5-2A56-A0A7CD21D6C2" vid_target="7365BE1C-20CB-0373-9BA5-2646A64DD1E0">
<hideElementsInCurrentOnly>false</hideElementsInCurrentOnly>
<backgroundColor>-16777216</backgroundColor>
<lineWidth>1</lineWidth>
<points>
<point x="727" y="152"/>
<point x="943" y="152"/>
</points>
</Connector>
<Connector class="oracle.dbtools.crest.swingui.relational.TVFKRelation" oid="9CB5FCEA-C523-D0C0-D417-F500ECF54DC9" otype="FKIndexAssociation" vid_source="3836F2FE-1CFC-34FC-6A26-9C04A72B89AA" vid_target="BDAABAB5-1B2F-7EFD-0ED1-32A7F6A3BD1D">
<hideElementsInCurrentOnly>false</hideElementsInCurrentOnly>
<backgroundColor>-16777216</backgroundColor>
<lineWidth>1</lineWidth>
<points>
<point x="953" y="251"/>
<point x="491" y="251"/>
<point x="491" y="293"/>
</points>
</Connector>
<Connector class="oracle.dbtools.crest.swingui.relational.TVFKRelation" oid="B10CCA6F-0F56-3668-8444-1344E2F6C942" otype="FKIndexAssociation" vid_source="3591C697-0197-EDCD-0E34-0AB98B0D4E42" vid_target="20E3EF10-9F4E-699B-E288-D4328FD54D1D">
<hideElementsInCurrentOnly>false</hideElementsInCurrentOnly>
<backgroundColor>-16777216</backgroundColor>
<lineWidth>1</lineWidth>
<points>
<point x="135" y="544"/>
<point x="135" y="660"/>
</points>
</Connector>
<Connector class="oracle.dbtools.crest.swingui.relational.TVFKRelation" oid="CB05C669-B4CE-772A-DA9A-8690D579594B" otype="FKIndexAssociation" vid_source="F5381BE2-13C5-6E88-9F99-2DCFFDB0CA3E" vid_target="3591C697-0197-EDCD-0E34-0AB98B0D4E42">
<hideElementsInCurrentOnly>false</hideElementsInCurrentOnly>
<backgroundColor>-16777216</backgroundColor>
<lineWidth>1</lineWidth>
<points>
<point x="134" y="197"/>
<point x="134" y="292"/>
</points>
</Connector>
<Connector class="oracle.dbtools.crest.swingui.relational.TVFKRelation" oid="D8D28E38-A69D-AA20-5AF8-5DE762EE37CE" otype="FKIndexAssociation" vid_source="1B8A8090-CB18-A6C9-6985-A00FB1B48DC7" vid_target="7B97B2BA-B5D6-5022-2BFA-8661DBF4B8E9">
<hideElementsInCurrentOnly>false</hideElementsInCurrentOnly>
<backgroundColor>-16777216</backgroundColor>
<lineWidth>1</lineWidth>
<points>
<point x="973" y="470"/>
<point x="973" y="543"/>
<point x="580" y="543"/>
</points>
</Connector>
<Connector class="oracle.dbtools.crest.swingui.relational.TVFKRelation" oid="FD22B895-DF67-E3BE-9773-D2499D583E65" otype="FKIndexAssociation" vid_source="7365BE1C-20CB-0373-9BA5-2646A64DD1E0" vid_target="3836F2FE-1CFC-34FC-6A26-9C04A72B89AA">
<hideElementsInCurrentOnly>false</hideElementsInCurrentOnly>
<backgroundColor>-16777216</backgroundColor>
<lineWidth>1</lineWidth>
<points>
<point x="1113" y="258"/>
<point x="953" y="258"/>
</points>
</Connector>
</connectors>
<arcs>
<Arc class="oracle.dbtools.crest.swingui.relational.TVFKArc" oid="32140384-7F06-C13A-1718-B8230CB83DA1" otype="FKArc" vid="ABCAEF78-4A4F-091C-63DA-07B5498C5854">
<hideElementsInCurrentOnly>false</hideElementsInCurrentOnly>
<bounds x="923" y="86" width="210" height="451"/>
</Arc>
</arcs>
</Diagram>