<?xml version = '1.0' encoding = 'UTF-8'?>
<FKIndexAssociation class="oracle.dbtools.crest.model.design.relational.FKIndexAssociation" directorySegmentName="seg_0" id="1B4C7401-B3B2-5E41-C728-0D9663DFEA47" containerWithKeyObject="57089471-D3A0-9DF5-190C-508B7C7D2DCF" localFKIndex="72AFCED8-E01E-4323-AB3F-B050DB61AD7D" name="Race_results_Racecar_FK">
<createdBy>haras</createdBy>
<createdTime>2018-11-12 17:56:28 UTC</createdTime>
<generatorID>DE0CAD76-F038-0675-D044-7614D9668FBD</generatorID>
<ownerDesignName>blancpain_gt_series</ownerDesignName>
<referredTableLongName>Racecar</referredTableLongName>
<deleteRule>NO ACTION</deleteRule>
<referredTableID>A96612DC-6244-81C6-854B-7781D0AFC4AB</referredTableID>
<keyObject>7419F056-A0FE-AA95-C374-DEECD823AFB8</keyObject>
<referredKeyID>7419F056-A0FE-AA95-C374-DEECD823AFB8</referredKeyID>
<mandatory>true</mandatory>
<refColNames>racecar_id</refColNames>
<transferable>true</transferable>
<rely>false</rely>
<columnDependencyConstraintGenerateInDDL>true</columnDependencyConstraintGenerateInDDL>
</FKIndexAssociation>