<?xml version = '1.0' encoding = 'UTF-8'?>
<FKIndexAssociation class="oracle.dbtools.crest.model.design.relational.FKIndexAssociation" directorySegmentName="seg_0" id="35E290C5-5560-31BC-6ACE-CDE210E46615" containerWithKeyObject="65F3EA0F-D8B7-3806-D55E-EC7A9908E6D0" localFKIndex="5070ACE2-5325-25FB-0F4C-18D15F66F667" name="Race_Session_FK">
<createdBy>haras</createdBy>
<createdTime>2018-11-12 17:56:28 UTC</createdTime>
<generatorID>CEC824D1-C934-E3F1-EC59-45120A24BC43</generatorID>
<ownerDesignName>blancpain_gt_series</ownerDesignName>
<referredTableLongName>Session</referredTableLongName>
<arc>32140384-7F06-C13A-1718-B8230CB83DA1</arc>
<deleteRule>NO ACTION</deleteRule>
<referredTableID>39B9D246-A9EA-84C3-631F-1C53B2A2D8BF</referredTableID>
<keyObject>9801568F-7693-9FD2-7432-DDC3DF37EF1F</keyObject>
<referredKeyID>9801568F-7693-9FD2-7432-DDC3DF37EF1F</referredKeyID>
<mandatory>true</mandatory>
<refColNames>session_id</refColNames>
<transferable>true</transferable>
<rely>false</rely>
<columnDependencyConstraintGenerateInDDL>true</columnDependencyConstraintGenerateInDDL>
</FKIndexAssociation>