<?xml version = '1.0' encoding = 'UTF-8'?>
<FKIndexAssociation class="oracle.dbtools.crest.model.design.relational.FKIndexAssociation" directorySegmentName="seg_0" id="6BD52013-C4AC-5645-D52D-D98954AA441D" containerWithKeyObject="0DACAAE4-9348-035B-9EC7-8057104494C9" localFKIndex="86C2A6EA-9A30-3DD6-5368-30B7152D8494" name="Qualifying_results_Race_FK">
<createdBy>haras</createdBy>
<createdTime>2018-11-12 17:56:28 UTC</createdTime>
<generatorID>3C0A0826-0C39-3ABF-A6E9-7DDDEA5F9066</generatorID>
<ownerDesignName>blancpain_gt_series</ownerDesignName>
<referredTableLongName>Race</referredTableLongName>
<deleteRule>NO ACTION</deleteRule>
<referredTableID>65F3EA0F-D8B7-3806-D55E-EC7A9908E6D0</referredTableID>
<keyObject>A4B3B399-4AAB-025C-DE94-7F39F1A2793B</keyObject>
<referredKeyID>A4B3B399-4AAB-025C-DE94-7F39F1A2793B</referredKeyID>
<mandatory>true</mandatory>
<refColNames>session_id</refColNames>
<transferable>true</transferable>
<rely>false</rely>
<columnDependencyConstraintGenerateInDDL>true</columnDependencyConstraintGenerateInDDL>
</FKIndexAssociation>