<?xml version = '1.0' encoding = 'UTF-8'?>
<FKIndexAssociation class="oracle.dbtools.crest.model.design.relational.FKIndexAssociation" directorySegmentName="seg_0" id="8FFF2859-FBFA-29A4-47BB-CC8AFB4BD65F" containerWithKeyObject="E54190B0-9049-0148-11E2-DF2F19023619" localFKIndex="A15FB834-2510-46F0-CE82-296FABAB4E16" name="Stint_Driver_FK">
<createdBy>haras</createdBy>
<createdTime>2018-11-12 17:56:28 UTC</createdTime>
<generatorID>4159435A-4CA0-0D04-B8E1-381CBFD85E12</generatorID>
<ownerDesignName>blancpain_gt_series</ownerDesignName>
<referredTableLongName>Driver</referredTableLongName>
<deleteRule>NO ACTION</deleteRule>
<referredTableID>755CC6E1-EB28-D67B-51B3-EC19DB4C177D</referredTableID>
<keyObject>75E4D39E-1EDE-7EDA-1988-E12EF71BC63F</keyObject>
<referredKeyID>75E4D39E-1EDE-7EDA-1988-E12EF71BC63F</referredKeyID>
<mandatory>true</mandatory>
<refColNames>driver_id</refColNames>
<transferable>true</transferable>
<rely>false</rely>
<columnDependencyConstraintGenerateInDDL>true</columnDependencyConstraintGenerateInDDL>
</FKIndexAssociation>