<?xml version = '1.0' encoding = 'UTF-8'?>
<FKIndexAssociation class="oracle.dbtools.crest.model.design.relational.FKIndexAssociation" directorySegmentName="seg_0" id="9B9AF735-A112-615E-7ADA-0F558FB381C1" containerWithKeyObject="39B9D246-A9EA-84C3-631F-1C53B2A2D8BF" localFKIndex="A0A10C83-A304-E9A2-D309-A7258A3E5BB4" name="Session_Circuit_FK">
<createdBy>haras</createdBy>
<createdTime>2018-11-12 17:56:28 UTC</createdTime>
<generatorID>4A1CBB56-472F-E1E0-B694-2F330583283B</generatorID>
<ownerDesignName>blancpain_gt_series</ownerDesignName>
<referredTableLongName>Circuit</referredTableLongName>
<deleteRule>NO ACTION</deleteRule>
<referredTableID>2689A3A6-73A9-5784-6B42-8CCA7F276E14</referredTableID>
<keyObject>C8E7B63A-DFAF-4132-7A7D-7840294A5CB3</keyObject>
<referredKeyID>C8E7B63A-DFAF-4132-7A7D-7840294A5CB3</referredKeyID>
<mandatory>true</mandatory>
<refColNames>circuit_id</refColNames>
<transferable>true</transferable>
<rely>false</rely>
<columnDependencyConstraintGenerateInDDL>true</columnDependencyConstraintGenerateInDDL>
</FKIndexAssociation>