<?xml version = '1.0' encoding = 'UTF-8'?>
<FKIndexAssociation class="oracle.dbtools.crest.model.design.relational.FKIndexAssociation" directorySegmentName="seg_0" id="9CB5FCEA-C523-D0C0-D417-F500ECF54DC9" containerWithKeyObject="0DACAAE4-9348-035B-9EC7-8057104494C9" localFKIndex="6F4B52BE-CE42-2F96-278C-C53389B50395" name="Qualifying_results_Qualifying_FK">
<createdBy>haras</createdBy>
<createdTime>2018-11-12 17:56:28 UTC</createdTime>
<generatorID>1D001B4F-E424-E471-7051-99010EF35347</generatorID>
<ownerDesignName>blancpain_gt_series</ownerDesignName>
<referredTableLongName>Qualifying</referredTableLongName>
<deleteRule>NO ACTION</deleteRule>
<referredTableID>3BF07D48-078B-DA7E-7FA4-39D54A408243</referredTableID>
<keyObject>B29C56F0-F246-1381-85F4-87B46A8E9D7E</keyObject>
<referredKeyID>B29C56F0-F246-1381-85F4-87B46A8E9D7E</referredKeyID>
<mandatory>true</mandatory>
<refColNames>session_id</refColNames>
<transferable>true</transferable>
<rely>false</rely>
<columnDependencyConstraintGenerateInDDL>true</columnDependencyConstraintGenerateInDDL>
</FKIndexAssociation>