<?xml version = '1.0' encoding = 'UTF-8'?>
<FKIndexAssociation class="oracle.dbtools.crest.model.design.relational.FKIndexAssociation" directorySegmentName="seg_0" id="B10CCA6F-0F56-3668-8444-1344E2F6C942" containerWithKeyObject="755CC6E1-EB28-D67B-51B3-EC19DB4C177D" localFKIndex="35A9D9F1-C063-8A90-E621-76238B5656DF" name="Driver_Racecar_FK">
<createdBy>haras</createdBy>
<createdTime>2018-11-12 17:56:28 UTC</createdTime>
<generatorID>57F372B6-AAFD-F4E5-D6BE-0F12ABBFDFEC</generatorID>
<ownerDesignName>blancpain_gt_series</ownerDesignName>
<referredTableLongName>Racecar</referredTableLongName>
<deleteRule>NO ACTION</deleteRule>
<referredTableID>A96612DC-6244-81C6-854B-7781D0AFC4AB</referredTableID>
<keyObject>7419F056-A0FE-AA95-C374-DEECD823AFB8</keyObject>
<referredKeyID>7419F056-A0FE-AA95-C374-DEECD823AFB8</referredKeyID>
<mandatory>true</mandatory>
<refColNames>racecar_id</refColNames>
<transferable>true</transferable>
<rely>false</rely>
<columnDependencyConstraintGenerateInDDL>true</columnDependencyConstraintGenerateInDDL>
</FKIndexAssociation>