<?xml version = '1.0' encoding = 'UTF-8'?>
<FKIndexAssociation class="oracle.dbtools.crest.model.design.relational.FKIndexAssociation" directorySegmentName="seg_0" id="CB05C669-B4CE-772A-DA9A-8690D579594B" containerWithKeyObject="A96612DC-6244-81C6-854B-7781D0AFC4AB" localFKIndex="53C73AA6-7DD6-0761-59DC-824474E8B823" name="Racecar_Team_FK">
<createdBy>haras</createdBy>
<createdTime>2018-11-12 17:56:28 UTC</createdTime>
<generatorID>4E82373A-31B5-1269-8ADC-C8DD412AE8AB</generatorID>
<ownerDesignName>blancpain_gt_series</ownerDesignName>
<referredTableLongName>Team</referredTableLongName>
<deleteRule>NO ACTION</deleteRule>
<referredTableID>3BD67E5A-3C7C-54D4-C524-0A37E7051683</referredTableID>
<keyObject>C6D7A559-917E-46D9-B6DA-3A55C04DF14B</keyObject>
<referredKeyID>C6D7A559-917E-46D9-B6DA-3A55C04DF14B</referredKeyID>
<mandatory>true</mandatory>
<refColNames>team_id</refColNames>
<transferable>true</transferable>
<rely>false</rely>
<columnDependencyConstraintGenerateInDDL>true</columnDependencyConstraintGenerateInDDL>
</FKIndexAssociation>