<?xml version = '1.0' encoding = 'UTF-8'?>
<FKIndexAssociation class="oracle.dbtools.crest.model.design.relational.FKIndexAssociation" directorySegmentName="seg_0" id="D8D28E38-A69D-AA20-5AF8-5DE762EE37CE" containerWithKeyObject="57089471-D3A0-9DF5-190C-508B7C7D2DCF" localFKIndex="0C5C9DF7-8FA8-DCF4-B403-DC39ECFACC12" name="Race_results_Race_FK">
<createdBy>haras</createdBy>
<createdTime>2018-11-12 17:56:28 UTC</createdTime>
<generatorID>C0DED174-E05E-2C50-8244-89B5DECDF3AB</generatorID>
<ownerDesignName>blancpain_gt_series</ownerDesignName>
<referredTableLongName>Race</referredTableLongName>
<deleteRule>NO ACTION</deleteRule>
<referredTableID>65F3EA0F-D8B7-3806-D55E-EC7A9908E6D0</referredTableID>
<keyObject>A4B3B399-4AAB-025C-DE94-7F39F1A2793B</keyObject>
<referredKeyID>A4B3B399-4AAB-025C-DE94-7F39F1A2793B</referredKeyID>
<mandatory>true</mandatory>
<refColNames>session_id</refColNames>
<transferable>true</transferable>
<rely>false</rely>
<columnDependencyConstraintGenerateInDDL>true</columnDependencyConstraintGenerateInDDL>
</FKIndexAssociation>