<?xml version = '1.0' encoding = 'UTF-8'?>
<FKIndexAssociation class="oracle.dbtools.crest.model.design.relational.FKIndexAssociation" directorySegmentName="seg_0" id="FD22B895-DF67-E3BE-9773-D2499D583E65" containerWithKeyObject="3BF07D48-078B-DA7E-7FA4-39D54A408243" localFKIndex="26327BFD-26F5-3EB2-E876-8465B6EC3877" name="Qualifying_Session_FK">
<createdBy>haras</createdBy>
<createdTime>2018-11-12 17:56:28 UTC</createdTime>
<generatorID>AE5EFA74-D8F8-3E5C-958A-18493E14BC56</generatorID>
<ownerDesignName>blancpain_gt_series</ownerDesignName>
<referredTableLongName>Session</referredTableLongName>
<arc>32140384-7F06-C13A-1718-B8230CB83DA1</arc>
<deleteRule>NO ACTION</deleteRule>
<referredTableID>39B9D246-A9EA-84C3-631F-1C53B2A2D8BF</referredTableID>
<keyObject>9801568F-7693-9FD2-7432-DDC3DF37EF1F</keyObject>
<referredKeyID>9801568F-7693-9FD2-7432-DDC3DF37EF1F</referredKeyID>
<mandatory>true</mandatory>
<refColNames>session_id</refColNames>
<transferable>true</transferable>
<rely>false</rely>
<columnDependencyConstraintGenerateInDDL>true</columnDependencyConstraintGenerateInDDL>
</FKIndexAssociation>