<?xml version = '1.0' encoding = 'UTF-8'?>
<Diagram class="oracle.dbtools.crest.swingui.relational.DPVRelational" name="Relational_1" id="F5BFAA4F-12BC-E7C8-0910-7BF3EB304518">
<createdBy>ivanharasta</createdBy>
<modifiedBy>ivanharasta</modifiedBy>
<createdTime>2018-11-20 15:20:50 UTC</createdTime>
<autoRoute>false</autoRoute>
<boxInbox>true</boxInbox>
<showLegend>false</showLegend>
<showLabels>false</showLabels>
<showRelAttributes>false</showRelAttributes>
<gridEnabled>false</gridEnabled>
<showGrid>false</showGrid>
<diagramColor>-1</diagramColor>
<display>false</display>
<notation>1</notation>
<objectViews>
<OView class="oracle.dbtools.crest.swingui.relational.TVTable" oid="015F2D86-394A-B720-DBB8-6E80D021613A" otype="Table" vid="83DB5720-571B-B2D5-78A5-A6BF22C6165B">
<hideElementsInCurrentOnly>false</hideElementsInCurrentOnly>
<bounds x="940" y="592" width="170" height="110"/>
</OView>
<OView class="oracle.dbtools.crest.swingui.relational.TVTable" oid="127D2DF7-DDF9-4E73-5D97-05B6B5B87613" otype="Table" vid="4D8CFFB1-ECBB-66B4-D43D-B9677BD0A476">
<hideElementsInCurrentOnly>false</hideElementsInCurrentOnly>
<bounds x="297" y="160" width="256" height="329"/>
</OView>
<OView class="oracle.dbtools.crest.swingui.relational.TVTable" oid="1C2546CF-189C-9B26-99FE-18930FE94751" otype="Table" vid="238B979B-3DE4-F679-53FE-5B43B1BCC317">
<hideElementsInCurrentOnly>false</hideElementsInCurrentOnly>
<bounds x="12" y="244" width="211" height="144"/>
</OView>
<OView class="oracle.dbtools.crest.swingui.relational.TVTable" oid="27123257-B7BE-08E0-0627-CB3FC2B4B735" otype="Table" vid="41ED9F52-3A9C-D35B-18F6-64C7657C5D28">
<hideElementsInCurrentOnly>false</hideElementsInCurrentOnly>
<bounds x="829" y="74" width="294" height="411"/>
</OView>
<OView class="oracle.dbtools.crest.swingui.relational.TVTable" oid="7B91B4DE-0AA1-A8F6-A225-370140E69280" otype="Table" vid="4129B717-6607-D8CB-CEB1-68F79A424BBD">
<hideElementsInCurrentOnly>false</hideElementsInCurrentOnly>
<bounds x="590" y="348" width="215" height="202"/>
</OView>
<OView class="oracle.dbtools.crest.swingui.relational.TVTable" oid="953AC25E-3641-3BD2-26B8-AB24CF222D71" otype="Table" vid="10473E1C-102A-D0B8-D9AD-84D5CE8189B8">
<hideElementsInCurrentOnly>false</hideElementsInCurrentOnly>
<bounds x="1209" y="126" width="253" height="161"/>
</OView>
<OView class="oracle.dbtools.crest.swingui.relational.TVTable" oid="9682C878-9D78-841F-70B6-03890E33DD7F" otype="Table" vid="8D76F01D-123A-3351-EB2D-CAAAF056F0A8">
<hideElementsInCurrentOnly>false</hideElementsInCurrentOnly>
<bounds x="636" y="704" width="207" height="141"/>
</OView>
<OView class="oracle.dbtools.crest.swingui.relational.TVTable" oid="A5B48A4C-ED04-D327-3083-75D800550C1F" otype="Table" vid="57C07902-CDED-1E6E-9158-06F080C89E65">
<hideElementsInCurrentOnly>false</hideElementsInCurrentOnly>
<bounds x="1214" y="592" width="170" height="110"/>
</OView>
<OView class="oracle.dbtools.crest.swingui.relational.TVTable" oid="A7A112B7-43A7-E0F7-3D73-023B25EF499B" otype="Table" vid="030A702D-C5E2-C4EB-8044-7E3E0F1D8B46">
<hideElementsInCurrentOnly>false</hideElementsInCurrentOnly>
<bounds x="862" y="351" width="237" height="117"/>
</OView>
<OView class="oracle.dbtools.crest.swingui.relational.TVTable" oid="B39988F0-122B-B5D7-1FFC-4CD75391123A" otype="Table" vid="78D3CA5F-45E1-FA95-9F90-33BD35E4881C">
<hideElementsInCurrentOnly>false</hideElementsInCurrentOnly>
<bounds x="261" y="585" width="303" height="275"/>
</OView>
<OView class="oracle.dbtools.crest.swingui.relational.TVTable" oid="D615F2AA-0E6E-1D19-B1AB-FE1203851350" otype="Table" vid="214EC95E-9DD0-B45F-C466-508B0186801D">
<hideElementsInCurrentOnly>false</hideElementsInCurrentOnly>
<bounds x="298" y="16" width="251" height="110"/>
</OView>
<OView class="oracle.dbtools.crest.swingui.relational.TVTable" oid="DF1884CE-F3F1-209C-ECD4-7B30DEB9DB13" otype="Table" vid="2235E710-8D73-9DF8-94A0-1D6A225AF9FE">
<hideElementsInCurrentOnly>false</hideElementsInCurrentOnly>
<bounds x="859" y="239" width="240" height="96"/>
</OView>
<OView class="oracle.dbtools.crest.swingui.relational.TVTable" oid="EEDA23B8-5645-641C-257C-B0794029331E" otype="Table" vid="8BEA4A45-C67B-EA36-2DAE-96362D32D5F8">
<hideElementsInCurrentOnly>false</hideElementsInCurrentOnly>
<bounds x="1174" y="387" width="295" height="110"/>
</OView>
</objectViews>
<connectors>
<Connector class="oracle.dbtools.crest.swingui.relational.TVFKRelation" oid="0A3E7532-D6F7-E5BD-80A4-02A984CD2DDB" otype="FKIndexAssociation" vid_source="57C07902-CDED-1E6E-9158-06F080C89E65" vid_target="8BEA4A45-C67B-EA36-2DAE-96362D32D5F8">
<hideElementsInCurrentOnly>false</hideElementsInCurrentOnly>
<backgroundColor>-16777216</backgroundColor>
<lineWidth>1</lineWidth>
<points>
<point x="1299" y="592"/>
<point x="1299" y="497"/>
</points>
</Connector>
<Connector class="oracle.dbtools.crest.swingui.relational.TVFKRelation" oid="0D9C64EF-BEDA-083E-87E3-6E8756C7F62D" otype="FKIndexAssociation" vid_source="10473E1C-102A-D0B8-D9AD-84D5CE8189B8" vid_target="41ED9F52-3A9C-D35B-18F6-64C7657C5D28">
<hideElementsInCurrentOnly>false</hideElementsInCurrentOnly>
<backgroundColor>-16777216</backgroundColor>
<lineWidth>1</lineWidth>
<points>
<point x="1209" y="206"/>
<point x="1123" y="206"/>
</points>
</Connector>
<Connector class="oracle.dbtools.crest.swingui.relational.TVFKRelation" oid="1ACA3632-F07C-CC7D-0B63-B369E8E86EAC" otype="FKIndexAssociation" vid_source="030A702D-C5E2-C4EB-8044-7E3E0F1D8B46" vid_target="4129B717-6607-D8CB-CEB1-68F79A424BBD">
<hideElementsInCurrentOnly>false</hideElementsInCurrentOnly>
<backgroundColor>-16777216</backgroundColor>
<lineWidth>1</lineWidth>
<points>
<point x="862" y="439"/>
<point x="805" y="439"/>
</points>
</Connector>
<Connector class="oracle.dbtools.crest.swingui.relational.TVFKRelation" oid="2D9E39AC-2476-0803-3C55-C3A8CFEF5A33" otype="FKIndexAssociation" vid_source="4129B717-6607-D8CB-CEB1-68F79A424BBD" vid_target="8D76F01D-123A-3351-EB2D-CAAAF056F0A8">
<hideElementsInCurrentOnly>false</hideElementsInCurrentOnly>
<backgroundColor>-16777216</backgroundColor>
<lineWidth>1</lineWidth>
<points>
<point x="720" y="550"/>
<point x="720" y="704"/>
</points>
</Connector>
<Connector class="oracle.dbtools.crest.swingui.relational.TVFKRelation" oid="329C62FA-553A-DEBA-0BFB-7618CF199BF9" otype="FKIndexAssociation" vid_source="57C07902-CDED-1E6E-9158-06F080C89E65" vid_target="83DB5720-571B-B2D5-78A5-A6BF22C6165B">
<hideElementsInCurrentOnly>false</hideElementsInCurrentOnly>
<backgroundColor>-16777216</backgroundColor>
<lineWidth>1</lineWidth>
<points>
<point x="1214" y="647"/>
<point x="1110" y="647"/>
</points>
</Connector>
<Connector class="oracle.dbtools.crest.swingui.relational.TVFKRelation" oid="47D8C3AE-3948-6908-F032-CBEBAC7C3523" otype="FKIndexAssociation" vid_source="41ED9F52-3A9C-D35B-18F6-64C7657C5D28" vid_target="030A702D-C5E2-C4EB-8044-7E3E0F1D8B46">
<hideElementsInCurrentOnly>false</hideElementsInCurrentOnly>
<backgroundColor>-16777216</backgroundColor>
<lineWidth>1</lineWidth>
<points>
<point x="1123" y="409"/>
<point x="862" y="409"/>
</points>
</Connector>
<Connector class="oracle.dbtools.crest.swingui.relational.TVFKRelation" oid="48D7A4F4-AF18-2839-B651-C3472C00C5DF" otype="FKIndexAssociation" vid_source="78D3CA5F-45E1-FA95-9F90-33BD35E4881C" vid_target="83DB5720-571B-B2D5-78A5-A6BF22C6165B">
<hideElementsInCurrentOnly>false</hideElementsInCurrentOnly>
<backgroundColor>-16777216</backgroundColor>
<lineWidth>1</lineWidth>
<points>
<point x="564" y="647"/>
<point x="940" y="647"/>
</points>
</Connector>
<Connector class="oracle.dbtools.crest.swingui.relational.TVFKRelation" oid="60632FE9-D386-4FC7-6F8E-D91E8FDA7AB0" otype="FKIndexAssociation" vid_source="78D3CA5F-45E1-FA95-9F90-33BD35E4881C" vid_target="8D76F01D-123A-3351-EB2D-CAAAF056F0A8">
<hideElementsInCurrentOnly>false</hideElementsInCurrentOnly>
<backgroundColor>-16777216</backgroundColor>
<lineWidth>1</lineWidth>
<points>
<point x="564" y="774"/>
<point x="636" y="774"/>
</points>
</Connector>
<Connector class="oracle.dbtools.crest.swingui.relational.TVFKRelation" oid="6129BFEB-75A6-11B2-1563-F6561D53EC00" otype="FKIndexAssociation" vid_source="4D8CFFB1-ECBB-66B4-D43D-B9677BD0A476" vid_target="78D3CA5F-45E1-FA95-9F90-33BD35E4881C">
<hideElementsInCurrentOnly>false</hideElementsInCurrentOnly>
<backgroundColor>-16777216</backgroundColor>
<lineWidth>1</lineWidth>
<points>
<point x="425" y="489"/>
<point x="425" y="585"/>
</points>
</Connector>
<Connector class="oracle.dbtools.crest.swingui.relational.TVFKRelation" oid="8E88F0EF-FFC0-CD12-6721-2351A6CDF6D2" otype="FKIndexAssociation" vid_source="41ED9F52-3A9C-D35B-18F6-64C7657C5D28" vid_target="2235E710-8D73-9DF8-94A0-1D6A225AF9FE">
<hideElementsInCurrentOnly>false</hideElementsInCurrentOnly>
<backgroundColor>-16777216</backgroundColor>
<lineWidth>1</lineWidth>
<points>
<point x="1123" y="272"/>
<point x="859" y="272"/>
</points>
</Connector>
<Connector class="oracle.dbtools.crest.swingui.relational.TVFKRelation" oid="8F156DAA-4551-8C4C-3211-B44AB9A44B5C" otype="FKIndexAssociation" vid_source="2235E710-8D73-9DF8-94A0-1D6A225AF9FE" vid_target="4129B717-6607-D8CB-CEB1-68F79A424BBD">
<hideElementsInCurrentOnly>false</hideElementsInCurrentOnly>
<backgroundColor>-16777216</backgroundColor>
<lineWidth>1</lineWidth>
<points>
<point x="859" y="294"/>
<point x="708" y="294"/>
<point x="708" y="348"/>
</points>
</Connector>
<Connector class="oracle.dbtools.crest.swingui.relational.TVFKRelation" oid="AD06517A-65B6-FE2F-553B-A45F82168003" otype="FKIndexAssociation" vid_source="214EC95E-9DD0-B45F-C466-508B0186801D" vid_target="4D8CFFB1-ECBB-66B4-D43D-B9677BD0A476">
<hideElementsInCurrentOnly>false</hideElementsInCurrentOnly>
<backgroundColor>-16777216</backgroundColor>
<lineWidth>1</lineWidth>
<points>
<point x="423" y="126"/>
<point x="423" y="160"/>
</points>
</Connector>
<Connector class="oracle.dbtools.crest.swingui.relational.TVFKRelation" oid="AFEA59E8-1386-16EC-8BB0-76BB480188EB" otype="FKIndexAssociation" vid_source="4D8CFFB1-ECBB-66B4-D43D-B9677BD0A476" vid_target="238B979B-3DE4-F679-53FE-5B43B1BCC317">
<hideElementsInCurrentOnly>false</hideElementsInCurrentOnly>
<backgroundColor>-16777216</backgroundColor>
<lineWidth>1</lineWidth>
<points>
<point x="297" y="316"/>
<point x="223" y="316"/>
</points>
</Connector>
<Connector class="oracle.dbtools.crest.swingui.relational.TVFKRelation" oid="EC645CD9-97A4-6E91-77CC-3480FDBD456B" otype="FKIndexAssociation" vid_source="10473E1C-102A-D0B8-D9AD-84D5CE8189B8" vid_target="8BEA4A45-C67B-EA36-2DAE-96362D32D5F8">
<hideElementsInCurrentOnly>false</hideElementsInCurrentOnly>
<backgroundColor>-16777216</backgroundColor>
<lineWidth>1</lineWidth>
<points>
<point x="1335" y="287"/>
<point x="1335" y="387"/>
</points>
</Connector>
</connectors>
<arcs>
<Arc class="oracle.dbtools.crest.swingui.relational.TVFKArc" oid="04E7B38F-3D83-C34F-5497-E7F7C7B3E453" otype="FKArc" vid="54DCCFC6-6A4D-DAD7-7117-5C98CF278919">
<hideElementsInCurrentOnly>false</hideElementsInCurrentOnly>
<bounds x="809" y="54" width="334" height="451"/>
</Arc>
</arcs>
</Diagram>