<?xml version = '1.0' encoding = 'UTF-8'?>
<FKArc class="oracle.dbtools.crest.model.design.relational.FKArc" directorySegmentName="seg_0" id="2B141C7D-F3A4-40BB-7E62-D6587BBF253E" name="FKArc_1">
<createdBy>haras</createdBy>
<createdTime>2018-11-12 16:26:25 UTC</createdTime>
<ownerDesignName>blancpain_gt_series</ownerDesignName>
<mandatory>false</mandatory>
<reverseArc>true</reverseArc>
<table>A3728ED5-47AC-64A8-484C-D878712EE190</table>
<fkeys>
<fkeyID>21D388CD-2E19-960E-761A-A9F8A69A2B78</fkeyID>
<fkeyID>E392E801-38E0-36F7-65B9-6A2ADDC65B48</fkeyID>
</fkeys>
</FKArc>