<?xml version = '1.0' encoding = 'UTF-8'?>
<Entity class="oracle.dbtools.crest.model.design.logical.Entity" directorySegmentName="seg_0" id="07B39754-ADB8-1274-3A92-F0A26B99C2E3" name="Race">
<createdBy>harasiva</createdBy>
<createdTime>2018-11-07 07:22:50 UTC</createdTime>
<ownerDesignName>blancpain_gt_series</ownerDesignName>
<engineerTo>
<item key="1B8632C1-662A-1051-B5F6-ABE2B3EC7A63" value="true"/>
</engineerTo>
<adequatelyNormalized>NO</adequatelyNormalized>
<expectedVolumes>0</expectedVolumes>
<fwdEngineeringStrategyName>Single Table</fwdEngineeringStrategyName>
<growthPercent>0</growthPercent>
<growthType>Year</growthType>
<hierarchicalParent>A5FD008D-48AF-B545-9496-43D9ED2A895F</hierarchicalParent>
<maxVolumes>9999999</maxVolumes>
<minVolumes>0</minVolumes>
<normalForm>Third</normalForm>
<attributes itemClass="oracle.dbtools.crest.model.design.logical.Attribute">
<Attribute name="formation_lap" id="35D8DB68-B672-C6D9-2E0D-8173875DE214">
<createdBy>harasiva</createdBy>
<createdTime>2018-11-07 07:25:05 UTC</createdTime>
<ownerDesignName>blancpain_gt_series</ownerDesignName>
<engineerTo>
<item key="1B8632C1-662A-1051-B5F6-ABE2B3EC7A63" value="true"/>
</engineerTo>
<useDomainConstraints>false</useDomainConstraints>
<use>1</use>
<logicalDatatype>LOGDT006</logicalDatatype>
<dataTypeSize>1 CHAR</dataTypeSize>
<ownDataTypeParameters>1 CHAR,,</ownDataTypeParameters>
</Attribute>
<Attribute name="laps" id="A3281C2E-26D8-D21E-6ABB-EBA3F36DA5CF">
<createdBy>haras</createdBy>
<createdTime>2018-11-12 15:23:28 UTC</createdTime>
<ownerDesignName>blancpain_gt_series</ownerDesignName>
<engineerTo>
<item key="1B8632C1-662A-1051-B5F6-ABE2B3EC7A63" value="true"/>
</engineerTo>
<useDomainConstraints>false</useDomainConstraints>
<use>1</use>
<logicalDatatype>LOGDT011</logicalDatatype>
<ownDataTypeParameters>,,</ownDataTypeParameters>
</Attribute>
</attributes>
</Entity>