<?xml version = '1.0' encoding = 'UTF-8'?>
<Entity class="oracle.dbtools.crest.model.design.logical.Entity" directorySegmentName="seg_0" id="0CAB07AA-7CF9-3A5B-D286-A68E0CECFBF8" name="Driver">
<createdBy>harasiva</createdBy>
<createdTime>2018-11-07 07:05:22 UTC</createdTime>
<ownerDesignName>blancpain_gt_series</ownerDesignName>
<engineerTo>
<item key="D408453D-4BC9-6C18-2256-62093C7EF6D2" value="true"/>
</engineerTo>
<adequatelyNormalized>NO</adequatelyNormalized>
<expectedVolumes>0</expectedVolumes>
<fwdEngineeringStrategyName>Single Table</fwdEngineeringStrategyName>
<growthPercent>0</growthPercent>
<growthType>Year</growthType>
<maxVolumes>9999999</maxVolumes>
<minVolumes>0</minVolumes>
<normalForm>Third</normalForm>
<attributes itemClass="oracle.dbtools.crest.model.design.logical.Attribute">
<Attribute name="driver_id" id="727382E0-D928-BA7E-9957-A2CBC82F6F3F">
<createdBy>harasiva</createdBy>
<createdTime>2018-11-07 07:06:18 UTC</createdTime>
<ownerDesignName>blancpain_gt_series</ownerDesignName>
<engineerTo>
<item key="D408453D-4BC9-6C18-2256-62093C7EF6D2" value="true"/>
</engineerTo>
<useDomainConstraints>false</useDomainConstraints>
<use>1</use>
<logicalDatatype>LOGDT011</logicalDatatype>
<ownDataTypeParameters>,,</ownDataTypeParameters>
</Attribute>
<Attribute name="first_name" id="EAC2FEEE-5134-C9CF-DB44-02DFA045851C">
<createdBy>harasiva</createdBy>
<createdTime>2018-11-07 07:06:26 UTC</createdTime>
<ownerDesignName>blancpain_gt_series</ownerDesignName>
<engineerTo>
<item key="D408453D-4BC9-6C18-2256-62093C7EF6D2" value="true"/>
</engineerTo>
<useDomainConstraints>false</useDomainConstraints>
<use>1</use>
<logicalDatatype>LOGDT024</logicalDatatype>
<dataTypeSize>200 CHAR</dataTypeSize>
<ownDataTypeParameters>200 CHAR,,</ownDataTypeParameters>
</Attribute>
<Attribute name="last_name" id="73E27F36-F1AA-EC77-3751-8F25E706430F">
<createdBy>harasiva</createdBy>
<createdTime>2018-11-07 07:06:44 UTC</createdTime>
<ownerDesignName>blancpain_gt_series</ownerDesignName>
<engineerTo>
<item key="D408453D-4BC9-6C18-2256-62093C7EF6D2" value="true"/>
</engineerTo>
<useDomainConstraints>false</useDomainConstraints>
<use>1</use>
<logicalDatatype>LOGDT024</logicalDatatype>
<dataTypeSize>200 CHAR</dataTypeSize>
<ownDataTypeParameters>200 CHAR,,</ownDataTypeParameters>
</Attribute>
<Attribute name="gender" id="C7608915-798B-9F22-E49E-6EDD8F933F98">
<createdBy>haras</createdBy>
<createdTime>2018-11-12 16:11:55 UTC</createdTime>
<ownerDesignName>blancpain_gt_series</ownerDesignName>
<engineerTo>
<item key="D408453D-4BC9-6C18-2256-62093C7EF6D2" value="true"/>
</engineerTo>
<useDomainConstraints>false</useDomainConstraints>
<use>1</use>
<logicalDatatype>LOGDT024</logicalDatatype>
<dataTypeSize>200 CHAR</dataTypeSize>
<ownDataTypeParameters>200 CHAR,,</ownDataTypeParameters>
</Attribute>
<Attribute name="birth_date" id="89E69615-C635-ED0E-886E-65D8FEB833D5">
<createdBy>harasiva</createdBy>
<createdTime>2018-11-07 07:07:24 UTC</createdTime>
<ownerDesignName>blancpain_gt_series</ownerDesignName>
<engineerTo>
<item key="D408453D-4BC9-6C18-2256-62093C7EF6D2" value="true"/>
</engineerTo>
<useDomainConstraints>false</useDomainConstraints>
<use>1</use>
<logicalDatatype>LOGDT007</logicalDatatype>
<ownDataTypeParameters>,,</ownDataTypeParameters>
</Attribute>
<Attribute name="nationality" id="1E7A2B10-BECA-1A26-447C-1E5FBE8FC526">
<createdBy>harasiva</createdBy>
<createdTime>2018-11-07 07:07:04 UTC</createdTime>
<ownerDesignName>blancpain_gt_series</ownerDesignName>
<engineerTo>
<item key="D408453D-4BC9-6C18-2256-62093C7EF6D2" value="true"/>
</engineerTo>
<useDomainConstraints>false</useDomainConstraints>
<use>1</use>
<logicalDatatype>LOGDT024</logicalDatatype>
<dataTypeSize>200 CHAR</dataTypeSize>
<ownDataTypeParameters>200 CHAR,,</ownDataTypeParameters>
</Attribute>
<Attribute name="website_url" id="FFDAC9B2-C4B0-FFD1-F6DA-154014104AD2">
<createdBy>harasiva</createdBy>
<createdTime>2018-11-07 07:06:53 UTC</createdTime>
<ownerDesignName>blancpain_gt_series</ownerDesignName>
<engineerTo>
<item key="D408453D-4BC9-6C18-2256-62093C7EF6D2" value="true"/>
</engineerTo>
<nullsAllowed>true</nullsAllowed>
<useDomainConstraints>false</useDomainConstraints>
<use>1</use>
<logicalDatatype>LOGDT024</logicalDatatype>
<dataTypeSize>200 CHAR</dataTypeSize>
<ownDataTypeParameters>200 CHAR,,</ownDataTypeParameters>
</Attribute>
<Attribute name="racecar_id" id="43677777-B195-ECCD-020E-99410E4C2934">
<createdBy>harasiva</createdBy>
<createdTime>2018-11-07 07:08:51 UTC</createdTime>
<generatorID>57F372B6-AAFD-F4E5-D6BE-0F12ABBFDFEC</generatorID>
<ownerDesignName>blancpain_gt_series</ownerDesignName>
<engineerTo>
<item key="D408453D-4BC9-6C18-2256-62093C7EF6D2" value="true"/>
</engineerTo>
<referedAttribute>91753656-091A-5BA6-51A0-D4C8404A98D0</referedAttribute>
<useDomainConstraints>false</useDomainConstraints>
<use>1</use>
<logicalDatatype>LOGDT011</logicalDatatype>
<ownDataTypeParameters>,,</ownDataTypeParameters>
</Attribute>
</attributes>
<identifiers itemClass="oracle.dbtools.crest.model.design.logical.CandidateKey">
<identifier id="43DD188E-EBE9-7FFE-9299-2DBFAEDDFCBD" name="Driver PK">
<createdBy>harasiva</createdBy>
<createdTime>2018-11-07 07:06:23 UTC</createdTime>
<ownerDesignName>blancpain_gt_series</ownerDesignName>
<shouldEngineer>false</shouldEngineer>
<engineerTo>
<item key="D408453D-4BC9-6C18-2256-62093C7EF6D2" value="false"/>
</engineerTo>
<pk>true</pk>
<usedAttributes>
<attributeRef>727382E0-D928-BA7E-9957-A2CBC82F6F3F</attributeRef>
</usedAttributes>
</identifier>
</identifiers>
</Entity>