<?xml version = '1.0' encoding = 'UTF-8'?>
<Entity class="oracle.dbtools.crest.model.design.logical.Entity" directorySegmentName="seg_0" id="1242C64D-B469-A2CA-D098-6CF8F5502364" name="Results">
<createdBy>ivanharasta</createdBy>
<createdTime>2018-11-20 14:28:37 UTC</createdTime>
<ownerDesignName>blancpain_gt_series</ownerDesignName>
<engineerTo>
<item key="D408453D-4BC9-6C18-2256-62093C7EF6D2" value="true"/>
</engineerTo>
<adequatelyNormalized>NO</adequatelyNormalized>
<expectedVolumes>0</expectedVolumes>
<fwdEngineeringStrategyName>Single Table</fwdEngineeringStrategyName>
<growthPercent>0</growthPercent>
<growthType>Year</growthType>
<maxVolumes>9999999</maxVolumes>
<minVolumes>0</minVolumes>
<normalForm>Third</normalForm>
<attributes itemClass="oracle.dbtools.crest.model.design.logical.Attribute">
<Attribute name="best_qualifying_laptime" id="52809183-ED45-A2D9-12FA-C7342670BE91">
<createdBy>ivanharasta</createdBy>
<createdTime>2018-11-20 14:52:10 UTC</createdTime>
<ownerDesignName>blancpain_gt_series</ownerDesignName>
<engineerTo>
<item key="D408453D-4BC9-6C18-2256-62093C7EF6D2" value="true"/>
</engineerTo>
<useDomainConstraints>false</useDomainConstraints>
<use>1</use>
<logicalDatatype>LOGDT024</logicalDatatype>
<dataTypeSize>100 CHAR</dataTypeSize>
<ownDataTypeParameters>100 CHAR,,</ownDataTypeParameters>
</Attribute>
<Attribute name="starting_position" id="37D3B088-870A-D782-EADE-A05C7DB0C917">
<createdBy>ivanharasta</createdBy>
<createdTime>2018-11-20 14:52:10 UTC</createdTime>
<ownerDesignName>blancpain_gt_series</ownerDesignName>
<engineerTo>
<item key="D408453D-4BC9-6C18-2256-62093C7EF6D2" value="true"/>
</engineerTo>
<useDomainConstraints>false</useDomainConstraints>
<use>1</use>
<logicalDatatype>LOGDT011</logicalDatatype>
<ownDataTypeParameters>,,</ownDataTypeParameters>
</Attribute>
<Attribute name="pits_count" id="83281F6E-740D-0587-A5A2-F82CF3FC5306">
<createdBy>haras</createdBy>
<createdTime>2018-11-20 20:17:06 UTC</createdTime>
<ownerDesignName>blancpain_gt_series</ownerDesignName>
<engineerTo>
<item key="D408453D-4BC9-6C18-2256-62093C7EF6D2" value="true"/>
</engineerTo>
<useDomainConstraints>false</useDomainConstraints>
<use>1</use>
<logicalDatatype>LOGDT011</logicalDatatype>
<ownDataTypeParameters>,,</ownDataTypeParameters>
</Attribute>
<Attribute name="final_position" id="566EC30A-F45C-B896-3B2E-663A55EE4553">
<createdBy>ivanharasta</createdBy>
<createdTime>2018-11-20 14:52:10 UTC</createdTime>
<ownerDesignName>blancpain_gt_series</ownerDesignName>
<engineerTo>
<item key="D408453D-4BC9-6C18-2256-62093C7EF6D2" value="true"/>
</engineerTo>
<nullsAllowed>true</nullsAllowed>
<useDomainConstraints>false</useDomainConstraints>
<use>1</use>
<logicalDatatype>LOGDT011</logicalDatatype>
<ownDataTypeParameters>,,</ownDataTypeParameters>
</Attribute>
<Attribute name="points" id="7167B7D6-44E4-3826-D04A-324757FAEB7C">
<createdBy>ivanharasta</createdBy>
<createdTime>2018-11-20 14:52:10 UTC</createdTime>
<ownerDesignName>blancpain_gt_series</ownerDesignName>
<engineerTo>
<item key="D408453D-4BC9-6C18-2256-62093C7EF6D2" value="true"/>
</engineerTo>
<nullsAllowed>true</nullsAllowed>
<useDomainConstraints>false</useDomainConstraints>
<use>1</use>
<logicalDatatype>LOGDT011</logicalDatatype>
<ownDataTypeParameters>,,</ownDataTypeParameters>
</Attribute>
<Attribute name="incident_count" id="F5B81B10-F803-5AB8-3DE0-9617784F6C1D">
<createdBy>haras</createdBy>
<createdTime>2018-11-20 20:45:58 UTC</createdTime>
<ownerDesignName>blancpain_gt_series</ownerDesignName>
<engineerTo>
<item key="D408453D-4BC9-6C18-2256-62093C7EF6D2" value="true"/>
</engineerTo>
<nullsAllowed>true</nullsAllowed>
<useDomainConstraints>false</useDomainConstraints>
<use>1</use>
<logicalDatatype>LOGDT011</logicalDatatype>
<ownDataTypeParameters>,,</ownDataTypeParameters>
</Attribute>
<Attribute name="participation_id" id="AF8BB0B7-70CD-CC2D-30C7-706756C41333">
<createdBy>harasiva</createdBy>
<createdTime>2018-11-21 07:51:37 UTC</createdTime>
<generatorID>13771E7C-E81E-3BD1-1F63-0C0D1A43CAE5</generatorID>
<ownerDesignName>blancpain_gt_series</ownerDesignName>
<engineerTo>
<item key="D408453D-4BC9-6C18-2256-62093C7EF6D2" value="true"/>
</engineerTo>
<referedAttribute>B1AEF6DC-832D-D5EE-6A78-9CA300343E03</referedAttribute>
<useDomainConstraints>false</useDomainConstraints>
<use>1</use>
<logicalDatatype>LOGDT011</logicalDatatype>
<ownDataTypeParameters>,,</ownDataTypeParameters>
</Attribute>
</attributes>
<identifiers itemClass="oracle.dbtools.crest.model.design.logical.CandidateKey">
<identifier id="0DFE1A38-1CCB-9F2F-4160-02CB9EE06236" name="Registration PK">
<createdBy>ivanharasta</createdBy>
<createdTime>2018-11-20 14:29:03 UTC</createdTime>
<ownerDesignName>blancpain_gt_series</ownerDesignName>
<shouldEngineer>false</shouldEngineer>
<engineerTo>
<item key="D408453D-4BC9-6C18-2256-62093C7EF6D2" value="false"/>
</engineerTo>
<pk>true</pk>
<usedAttributes>
<attributeRef>AF8BB0B7-70CD-CC2D-30C7-706756C41333</attributeRef>
</usedAttributes>
</identifier>
</identifiers>
</Entity>