<?xml version = '1.0' encoding = 'UTF-8'?>
<Entity class="oracle.dbtools.crest.model.design.logical.Entity" directorySegmentName="seg_0" id="3AFE980E-F2CF-6DB5-7DD1-FFA78CA9C35F" name="Qualifying_results">
<createdBy>harasiva</createdBy>
<createdTime>2018-11-07 07:55:25 UTC</createdTime>
<ownerDesignName>blancpain_gt_series</ownerDesignName>
<engineerTo>
<item key="1B8632C1-662A-1051-B5F6-ABE2B3EC7A63" value="true"/>
</engineerTo>
<adequatelyNormalized>NO</adequatelyNormalized>
<expectedVolumes>0</expectedVolumes>
<fwdEngineeringStrategyName>Single Table</fwdEngineeringStrategyName>
<growthPercent>0</growthPercent>
<growthType>Year</growthType>
<maxVolumes>9999999</maxVolumes>
<minVolumes>0</minVolumes>
<normalForm>Third</normalForm>
<attributes itemClass="oracle.dbtools.crest.model.design.logical.Attribute">
<Attribute name="result_id" id="B917E150-56D3-20F0-9E0D-80C77952503C">
<createdBy>harasiva</createdBy>
<createdTime>2018-11-07 07:55:25 UTC</createdTime>
<ownerDesignName>blancpain_gt_series</ownerDesignName>
<engineerTo>
<item key="1B8632C1-662A-1051-B5F6-ABE2B3EC7A63" value="true"/>
</engineerTo>
<useDomainConstraints>false</useDomainConstraints>
<use>1</use>
<logicalDatatype>LOGDT011</logicalDatatype>
<ownDataTypeParameters>,,</ownDataTypeParameters>
</Attribute>
<Attribute name="driver_id1" id="7611D00B-4269-5E19-B71D-D324B370DECD">
<createdBy>harasiva</createdBy>
<createdTime>2018-11-07 07:56:13 UTC</createdTime>
<generatorID>525EA926-4D08-F1F3-F20D-CFD3180A41E5</generatorID>
<ownerDesignName>blancpain_gt_series</ownerDesignName>
<engineerTo>
<item key="1B8632C1-662A-1051-B5F6-ABE2B3EC7A63" value="true"/>
</engineerTo>
<referedAttribute>727382E0-D928-BA7E-9957-A2CBC82F6F3F</referedAttribute>
<useDomainConstraints>false</useDomainConstraints>
<use>1</use>
<logicalDatatype>LOGDT011</logicalDatatype>
<ownDataTypeParameters>,,</ownDataTypeParameters>
</Attribute>
<Attribute name="place" id="2F9A2A38-F698-AB58-21C4-7159ED22C463">
<createdBy>haras</createdBy>
<createdTime>2018-11-12 15:31:54 UTC</createdTime>
<ownerDesignName>blancpain_gt_series</ownerDesignName>
<engineerTo>
<item key="1B8632C1-662A-1051-B5F6-ABE2B3EC7A63" value="true"/>
</engineerTo>
<useDomainConstraints>false</useDomainConstraints>
<use>1</use>
<logicalDatatype>LOGDT011</logicalDatatype>
<ownDataTypeParameters>,,</ownDataTypeParameters>
</Attribute>
<Attribute name="best_laptime" id="0A23F893-5759-2B69-4267-6037E7B29A86">
<createdBy>haras</createdBy>
<createdTime>2018-11-12 15:32:04 UTC</createdTime>
<ownerDesignName>blancpain_gt_series</ownerDesignName>
<engineerTo>
<item key="1B8632C1-662A-1051-B5F6-ABE2B3EC7A63" value="true"/>
</engineerTo>
<useDomainConstraints>false</useDomainConstraints>
<use>1</use>
<logicalDatatype>LOGDT007</logicalDatatype>
<ownDataTypeParameters>,,</ownDataTypeParameters>
</Attribute>
<Attribute name="session_id" id="9E5962B4-FB2A-58B7-2F47-181B1DF635A3">
<createdBy>harasiva</createdBy>
<createdTime>2018-11-07 07:57:59 UTC</createdTime>
<generatorID>1D001B4F-E424-E471-7051-99010EF35347</generatorID>
<ownerDesignName>blancpain_gt_series</ownerDesignName>
<engineerTo>
<item key="1B8632C1-662A-1051-B5F6-ABE2B3EC7A63" value="true"/>
</engineerTo>
<referedAttribute>23F3BAFF-F248-B680-951D-282E6F2415A5</referedAttribute>
<useDomainConstraints>false</useDomainConstraints>
<use>1</use>
<logicalDatatype>LOGDT011</logicalDatatype>
<ownDataTypeParameters>,,</ownDataTypeParameters>
</Attribute>
<Attribute name="session_id1" id="D53C7175-D1B8-19C2-A885-A4C651B7586A">
<createdBy>haras</createdBy>
<createdTime>2018-11-12 15:30:43 UTC</createdTime>
<generatorID>3C0A0826-0C39-3ABF-A6E9-7DDDEA5F9066</generatorID>
<ownerDesignName>blancpain_gt_series</ownerDesignName>
<engineerTo>
<item key="1B8632C1-662A-1051-B5F6-ABE2B3EC7A63" value="true"/>
</engineerTo>
<referedAttribute>23F3BAFF-F248-B680-951D-282E6F2415A5</referedAttribute>
<useDomainConstraints>false</useDomainConstraints>
<use>1</use>
<logicalDatatype>LOGDT011</logicalDatatype>
<ownDataTypeParameters>,,</ownDataTypeParameters>
</Attribute>
</attributes>
<identifiers itemClass="oracle.dbtools.crest.model.design.logical.CandidateKey">
<identifier id="16FD07E5-7835-566D-DA03-C196B5BC1F6A" name="Results PK">
<createdBy>harasiva</createdBy>
<createdTime>2018-11-07 07:55:25 UTC</createdTime>
<ownerDesignName>blancpain_gt_series</ownerDesignName>
<engineerTo>
<item key="1B8632C1-662A-1051-B5F6-ABE2B3EC7A63" value="true"/>
</engineerTo>
<pk>true</pk>
<usedAttributes>
<attributeRef>B917E150-56D3-20F0-9E0D-80C77952503C</attributeRef>
</usedAttributes>
</identifier>
</identifiers>
</Entity>