<?xml version = '1.0' encoding = 'UTF-8'?>
<Entity class="oracle.dbtools.crest.model.design.logical.Entity" directorySegmentName="seg_0" id="5703D5F6-C2DD-CD75-E0D4-50225997F097" name="Race_results">
<createdBy>harasiva</createdBy>
<createdTime>2018-11-07 07:31:31 UTC</createdTime>
<ownerDesignName>blancpain_gt_series</ownerDesignName>
<engineerTo>
<item key="96FA102A-F7F3-FF04-D92E-F1DD00D7623F" value="true"/>
</engineerTo>
<adequatelyNormalized>NO</adequatelyNormalized>
<expectedVolumes>0</expectedVolumes>
<fwdEngineeringStrategyName>Single Table</fwdEngineeringStrategyName>
<growthPercent>0</growthPercent>
<growthType>Year</growthType>
<maxVolumes>9999999</maxVolumes>
<minVolumes>0</minVolumes>
<normalForm>Third</normalForm>
<attributes itemClass="oracle.dbtools.crest.model.design.logical.Attribute">
<Attribute name="result_id" id="A445B2BF-F494-0FAC-0362-69835524E698">
<createdBy>harasiva</createdBy>
<createdTime>2018-11-07 07:32:19 UTC</createdTime>
<ownerDesignName>blancpain_gt_series</ownerDesignName>
<engineerTo>
<item key="96FA102A-F7F3-FF04-D92E-F1DD00D7623F" value="true"/>
</engineerTo>
<useDomainConstraints>false</useDomainConstraints>
<use>1</use>
<logicalDatatype>LOGDT011</logicalDatatype>
<ownDataTypeParameters>,,</ownDataTypeParameters>
</Attribute>
<Attribute name="racecar_id" id="05AF672A-F5AF-5ADF-AC58-0B80A3D58B78">
<createdBy>harasiva</createdBy>
<createdTime>2018-11-07 07:33:56 UTC</createdTime>
<generatorID>DE0CAD76-F038-0675-D044-7614D9668FBD</generatorID>
<ownerDesignName>blancpain_gt_series</ownerDesignName>
<engineerTo>
<item key="96FA102A-F7F3-FF04-D92E-F1DD00D7623F" value="true"/>
</engineerTo>
<referedAttribute>727382E0-D928-BA7E-9957-A2CBC82F6F3F</referedAttribute>
<useDomainConstraints>false</useDomainConstraints>
<use>1</use>
<logicalDatatype>LOGDT011</logicalDatatype>
<ownDataTypeParameters>,,</ownDataTypeParameters>
</Attribute>
<Attribute name="session_id" id="1BB4A5AA-6557-9AAA-3C70-E6D6A2B15663">
<createdBy>harasiva</createdBy>
<createdTime>2018-11-07 07:55:58 UTC</createdTime>
<generatorID>C0DED174-E05E-2C50-8244-89B5DECDF3AB</generatorID>
<ownerDesignName>blancpain_gt_series</ownerDesignName>
<engineerTo>
<item key="96FA102A-F7F3-FF04-D92E-F1DD00D7623F" value="true"/>
</engineerTo>
<referedAttribute>23F3BAFF-F248-B680-951D-282E6F2415A5</referedAttribute>
<useDomainConstraints>false</useDomainConstraints>
<use>1</use>
<logicalDatatype>LOGDT011</logicalDatatype>
<ownDataTypeParameters>,,</ownDataTypeParameters>
</Attribute>
<Attribute name="place" id="4A2C3F59-7447-33A6-AA3C-FB0632C6D2C3">
<createdBy>haras</createdBy>
<createdTime>2018-11-12 15:36:26 UTC</createdTime>
<ownerDesignName>blancpain_gt_series</ownerDesignName>
<engineerTo>
<item key="96FA102A-F7F3-FF04-D92E-F1DD00D7623F" value="true"/>
</engineerTo>
<useDomainConstraints>false</useDomainConstraints>
<use>1</use>
<logicalDatatype>LOGDT011</logicalDatatype>
<ownDataTypeParameters>,,</ownDataTypeParameters>
</Attribute>
<Attribute name="points" id="72F8B43C-52C8-420D-5F88-9F7141541B1B">
<createdBy>haras</createdBy>
<createdTime>2018-11-12 16:19:18 UTC</createdTime>
<ownerDesignName>blancpain_gt_series</ownerDesignName>
<engineerTo>
<item key="96FA102A-F7F3-FF04-D92E-F1DD00D7623F" value="true"/>
</engineerTo>
<useDomainConstraints>false</useDomainConstraints>
<use>1</use>
<logicalDatatype>LOGDT011</logicalDatatype>
<ownDataTypeParameters>,,</ownDataTypeParameters>
</Attribute>
</attributes>
<identifiers itemClass="oracle.dbtools.crest.model.design.logical.CandidateKey">
<identifier id="F44C84AF-AFF4-5616-1EEB-AABD20005C81" name="Results PK">
<createdBy>harasiva</createdBy>
<createdTime>2018-11-07 07:32:29 UTC</createdTime>
<ownerDesignName>blancpain_gt_series</ownerDesignName>
<engineerTo>
<item key="96FA102A-F7F3-FF04-D92E-F1DD00D7623F" value="true"/>
</engineerTo>
<pk>true</pk>
<usedAttributes>
<attributeRef>A445B2BF-F494-0FAC-0362-69835524E698</attributeRef>
</usedAttributes>
</identifier>
</identifiers>
</Entity>