<?xml version = '1.0' encoding = 'UTF-8'?>
<Entity class="oracle.dbtools.crest.model.design.logical.Entity" directorySegmentName="seg_0" id="5E0FB047-3341-1BA5-969D-DE0929C61850" name="Stint">
<createdBy>haras</createdBy>
<createdTime>2018-11-12 17:38:37 UTC</createdTime>
<ownerDesignName>blancpain_gt_series</ownerDesignName>
<engineerTo>
<item key="96FA102A-F7F3-FF04-D92E-F1DD00D7623F" value="true"/>
</engineerTo>
<adequatelyNormalized>NO</adequatelyNormalized>
<expectedVolumes>0</expectedVolumes>
<fwdEngineeringStrategyName>Single Table</fwdEngineeringStrategyName>
<growthPercent>0</growthPercent>
<growthType>Year</growthType>
<maxVolumes>9999999</maxVolumes>
<minVolumes>0</minVolumes>
<normalForm>Third</normalForm>
<attributes itemClass="oracle.dbtools.crest.model.design.logical.Attribute">
<Attribute name="stint_id" id="199BAAFD-D1E9-9846-B357-B63C341ACD8D">
<createdBy>haras</createdBy>
<createdTime>2018-11-12 17:38:42 UTC</createdTime>
<ownerDesignName>blancpain_gt_series</ownerDesignName>
<engineerTo>
<item key="96FA102A-F7F3-FF04-D92E-F1DD00D7623F" value="true"/>
</engineerTo>
<use>0</use>
<ownDataTypeParameters>,,</ownDataTypeParameters>
</Attribute>
<Attribute name="stint_sequence" id="37BDA6BF-06A0-B49F-F629-36C696AA5A71">
<createdBy>haras</createdBy>
<createdTime>2018-11-12 17:38:46 UTC</createdTime>
<ownerDesignName>blancpain_gt_series</ownerDesignName>
<engineerTo>
<item key="96FA102A-F7F3-FF04-D92E-F1DD00D7623F" value="true"/>
</engineerTo>
<useDomainConstraints>false</useDomainConstraints>
<use>1</use>
<logicalDatatype>LOGDT011</logicalDatatype>
<ownDataTypeParameters>,,</ownDataTypeParameters>
</Attribute>
<Attribute name="laps" id="16FD1465-AF5B-173D-24A1-313448298A98">
<createdBy>haras</createdBy>
<createdTime>2018-11-12 17:39:15 UTC</createdTime>
<ownerDesignName>blancpain_gt_series</ownerDesignName>
<engineerTo>
<item key="96FA102A-F7F3-FF04-D92E-F1DD00D7623F" value="true"/>
</engineerTo>
<useDomainConstraints>false</useDomainConstraints>
<use>1</use>
<logicalDatatype>LOGDT011</logicalDatatype>
<ownDataTypeParameters>,,</ownDataTypeParameters>
</Attribute>
<Attribute name="driver_id" id="73E4BD47-1F07-0D02-D706-37F2D98BDA99">
<createdBy>haras</createdBy>
<createdTime>2018-11-12 17:39:56 UTC</createdTime>
<generatorID>4159435A-4CA0-0D04-B8E1-381CBFD85E12</generatorID>
<ownerDesignName>blancpain_gt_series</ownerDesignName>
<engineerTo>
<item key="96FA102A-F7F3-FF04-D92E-F1DD00D7623F" value="true"/>
</engineerTo>
<referedAttribute>727382E0-D928-BA7E-9957-A2CBC82F6F3F</referedAttribute>
<useDomainConstraints>false</useDomainConstraints>
<use>1</use>
<logicalDatatype>LOGDT011</logicalDatatype>
<ownDataTypeParameters>,,</ownDataTypeParameters>
</Attribute>
<Attribute name="race_id" id="1290BD84-8A89-22E0-419F-754F4D5785F7">
<createdBy>haras</createdBy>
<createdTime>2018-11-12 17:40:15 UTC</createdTime>
<generatorID>DAC5980A-F2E0-7085-5865-C99C5788BA20</generatorID>
<ownerDesignName>blancpain_gt_series</ownerDesignName>
<engineerTo>
<item key="96FA102A-F7F3-FF04-D92E-F1DD00D7623F" value="true"/>
</engineerTo>
<referedAttribute>23F3BAFF-F248-B680-951D-282E6F2415A5</referedAttribute>
<useDomainConstraints>false</useDomainConstraints>
<use>1</use>
<logicalDatatype>LOGDT011</logicalDatatype>
<ownDataTypeParameters>,,</ownDataTypeParameters>
</Attribute>
<Attribute name="incident_points" id="E9F30723-529B-1DCE-EE60-E0D62F6B7339">
<createdBy>haras</createdBy>
<createdTime>2018-11-12 17:44:18 UTC</createdTime>
<ownerDesignName>blancpain_gt_series</ownerDesignName>
<engineerTo>
<item key="96FA102A-F7F3-FF04-D92E-F1DD00D7623F" value="true"/>
</engineerTo>
<useDomainConstraints>false</useDomainConstraints>
<use>1</use>
<logicalDatatype>LOGDT011</logicalDatatype>
<ownDataTypeParameters>,,</ownDataTypeParameters>
</Attribute>
</attributes>
<identifiers itemClass="oracle.dbtools.crest.model.design.logical.CandidateKey">
<identifier id="DCDE4C34-72D0-04E6-F3CB-02814B6820DD" name="Stint PK">
<createdBy>haras</createdBy>
<createdTime>2018-11-12 17:39:34 UTC</createdTime>
<ownerDesignName>blancpain_gt_series</ownerDesignName>
<engineerTo>
<item key="96FA102A-F7F3-FF04-D92E-F1DD00D7623F" value="true"/>
</engineerTo>
<pk>true</pk>
<usedAttributes>
<attributeRef>199BAAFD-D1E9-9846-B357-B63C341ACD8D</attributeRef>
</usedAttributes>
</identifier>
</identifiers>
</Entity>