<?xml version = '1.0' encoding = 'UTF-8'?>
<Entity class="oracle.dbtools.crest.model.design.logical.Entity" directorySegmentName="seg_0" id="6619E1DD-B1FA-81D0-7042-DE2202ED6A80" name="Circuit">
<createdBy>harasiva</createdBy>
<createdTime>2018-11-07 07:14:58 UTC</createdTime>
<ownerDesignName>blancpain_gt_series</ownerDesignName>
<engineerTo>
<item key="D408453D-4BC9-6C18-2256-62093C7EF6D2" value="true"/>
</engineerTo>
<adequatelyNormalized>NO</adequatelyNormalized>
<expectedVolumes>0</expectedVolumes>
<fwdEngineeringStrategyName>Single Table</fwdEngineeringStrategyName>
<growthPercent>0</growthPercent>
<growthType>Year</growthType>
<maxVolumes>9999999</maxVolumes>
<minVolumes>0</minVolumes>
<normalForm>Third</normalForm>
<attributes itemClass="oracle.dbtools.crest.model.design.logical.Attribute">
<Attribute name="circuit_id" id="5E3AB018-086A-E519-76D9-990586278E51">
<createdBy>harasiva</createdBy>
<createdTime>2018-11-07 07:15:24 UTC</createdTime>
<ownerDesignName>blancpain_gt_series</ownerDesignName>
<engineerTo>
<item key="D408453D-4BC9-6C18-2256-62093C7EF6D2" value="true"/>
</engineerTo>
<useDomainConstraints>false</useDomainConstraints>
<use>1</use>
<logicalDatatype>LOGDT011</logicalDatatype>
<ownDataTypeParameters>,,</ownDataTypeParameters>
</Attribute>
<Attribute name="name" id="978948E7-FFE9-F937-A825-ACFAC0CA2F8C">
<createdBy>harasiva</createdBy>
<createdTime>2018-11-07 07:15:34 UTC</createdTime>
<ownerDesignName>blancpain_gt_series</ownerDesignName>
<engineerTo>
<item key="D408453D-4BC9-6C18-2256-62093C7EF6D2" value="true"/>
</engineerTo>
<useDomainConstraints>false</useDomainConstraints>
<use>1</use>
<logicalDatatype>LOGDT024</logicalDatatype>
<dataTypeSize>200 CHAR</dataTypeSize>
<ownDataTypeParameters>200 CHAR,,</ownDataTypeParameters>
</Attribute>
<Attribute name="country" id="57A46FE4-EB7A-B0C1-798C-0593979BA9FB">
<createdBy>harasiva</createdBy>
<createdTime>2018-11-07 07:15:59 UTC</createdTime>
<ownerDesignName>blancpain_gt_series</ownerDesignName>
<engineerTo>
<item key="D408453D-4BC9-6C18-2256-62093C7EF6D2" value="true"/>
</engineerTo>
<useDomainConstraints>false</useDomainConstraints>
<use>1</use>
<logicalDatatype>LOGDT024</logicalDatatype>
<dataTypeSize>200 CHAR</dataTypeSize>
<ownDataTypeParameters>200 CHAR,,</ownDataTypeParameters>
</Attribute>
<Attribute name="corners" id="6EF8C84A-ED5E-16FE-CFC2-62D95F0B8FB8">
<createdBy>harasiva</createdBy>
<createdTime>2018-11-07 07:16:23 UTC</createdTime>
<ownerDesignName>blancpain_gt_series</ownerDesignName>
<engineerTo>
<item key="D408453D-4BC9-6C18-2256-62093C7EF6D2" value="true"/>
</engineerTo>
<useDomainConstraints>false</useDomainConstraints>
<use>1</use>
<logicalDatatype>LOGDT011</logicalDatatype>
<ownDataTypeParameters>,,</ownDataTypeParameters>
</Attribute>
<Attribute name="length" id="F855F2D9-E32F-E97E-6279-B5925342EDA9">
<createdBy>harasiva</createdBy>
<createdTime>2018-11-07 07:16:44 UTC</createdTime>
<ownerDesignName>blancpain_gt_series</ownerDesignName>
<engineerTo>
<item key="D408453D-4BC9-6C18-2256-62093C7EF6D2" value="true"/>
</engineerTo>
<useDomainConstraints>false</useDomainConstraints>
<use>1</use>
<logicalDatatype>LOGDT011</logicalDatatype>
<ownDataTypeParameters>,,</ownDataTypeParameters>
</Attribute>
<Attribute name="viewers_capacity" id="F0C8BC36-1E7A-0969-A8CE-D00D910B681F">
<createdBy>harasiva</createdBy>
<createdTime>2018-11-07 07:17:37 UTC</createdTime>
<ownerDesignName>blancpain_gt_series</ownerDesignName>
<engineerTo>
<item key="D408453D-4BC9-6C18-2256-62093C7EF6D2" value="true"/>
</engineerTo>
<nullsAllowed>true</nullsAllowed>
<useDomainConstraints>false</useDomainConstraints>
<use>1</use>
<logicalDatatype>LOGDT011</logicalDatatype>
<ownDataTypeParameters>,,</ownDataTypeParameters>
</Attribute>
<Attribute name="car_capacity" id="5DACE462-1B86-ADB6-6EBA-02C4707CE82B">
<createdBy>harasiva</createdBy>
<createdTime>2018-11-07 07:17:54 UTC</createdTime>
<ownerDesignName>blancpain_gt_series</ownerDesignName>
<engineerTo>
<item key="D408453D-4BC9-6C18-2256-62093C7EF6D2" value="true"/>
</engineerTo>
<nullsAllowed>true</nullsAllowed>
<useDomainConstraints>false</useDomainConstraints>
<use>1</use>
<logicalDatatype>LOGDT011</logicalDatatype>
<ownDataTypeParameters>,,</ownDataTypeParameters>
</Attribute>
</attributes>
<identifiers itemClass="oracle.dbtools.crest.model.design.logical.CandidateKey">
<identifier id="9B02EBB8-680A-1435-D3A8-7FBE624AB905" name="Circuit PK">
<createdBy>harasiva</createdBy>
<createdTime>2018-11-07 07:15:32 UTC</createdTime>
<ownerDesignName>blancpain_gt_series</ownerDesignName>
<shouldEngineer>false</shouldEngineer>
<engineerTo>
<item key="D408453D-4BC9-6C18-2256-62093C7EF6D2" value="false"/>
</engineerTo>
<pk>true</pk>
<usedAttributes>
<attributeRef>5E3AB018-086A-E519-76D9-990586278E51</attributeRef>
</usedAttributes>
</identifier>
</identifiers>
</Entity>