<?xml version = '1.0' encoding = 'UTF-8'?>
<Entity class="oracle.dbtools.crest.model.design.logical.Entity" directorySegmentName="seg_0" id="6BC02C5B-75DF-D46C-E7FD-7E9C5EF46008" name="Driver_group">
<createdBy>ivanharasta</createdBy>
<createdTime>2018-11-20 14:50:02 UTC</createdTime>
<ownerDesignName>blancpain_gt_series</ownerDesignName>
<engineerTo>
<item key="D408453D-4BC9-6C18-2256-62093C7EF6D2" value="true"/>
</engineerTo>
<adequatelyNormalized>NO</adequatelyNormalized>
<expectedVolumes>0</expectedVolumes>
<fwdEngineeringStrategyName>Single Table</fwdEngineeringStrategyName>
<growthPercent>0</growthPercent>
<growthType>Year</growthType>
<maxVolumes>9999999</maxVolumes>
<minVolumes>0</minVolumes>
<normalForm>Third</normalForm>
<attributes itemClass="oracle.dbtools.crest.model.design.logical.Attribute">
<Attribute name="driver_group_id" id="A2FE9D86-58E3-2238-DFC2-45A6BAA4E95A">
<createdBy>ivanharasta</createdBy>
<createdTime>2018-11-20 14:50:46 UTC</createdTime>
<ownerDesignName>blancpain_gt_series</ownerDesignName>
<engineerTo>
<item key="D408453D-4BC9-6C18-2256-62093C7EF6D2" value="true"/>
</engineerTo>
<useDomainConstraints>false</useDomainConstraints>
<use>1</use>
<logicalDatatype>LOGDT011</logicalDatatype>
<ownDataTypeParameters>,,</ownDataTypeParameters>
</Attribute>
<Attribute name="racecar_id" id="787CFE82-93D1-814C-B0C3-F4992C4FA870">
<createdBy>harasiva</createdBy>
<createdTime>2018-11-21 07:03:19 UTC</createdTime>
<generatorID>7BB62000-2417-65A0-B583-29313137722E</generatorID>
<ownerDesignName>blancpain_gt_series</ownerDesignName>
<engineerTo>
<item key="D408453D-4BC9-6C18-2256-62093C7EF6D2" value="true"/>
</engineerTo>
<referedAttribute>91753656-091A-5BA6-51A0-D4C8404A98D0</referedAttribute>
<useDomainConstraints>false</useDomainConstraints>
<use>1</use>
<logicalDatatype>LOGDT011</logicalDatatype>
<ownDataTypeParameters>,,</ownDataTypeParameters>
</Attribute>
</attributes>
<identifiers itemClass="oracle.dbtools.crest.model.design.logical.CandidateKey">
<identifier id="44070EB7-2564-6C69-04AC-E1B31922E546" name="Driver_group PK">
<createdBy>ivanharasta</createdBy>
<createdTime>2018-11-20 14:50:58 UTC</createdTime>
<ownerDesignName>blancpain_gt_series</ownerDesignName>
<shouldEngineer>false</shouldEngineer>
<engineerTo>
<item key="D408453D-4BC9-6C18-2256-62093C7EF6D2" value="false"/>
</engineerTo>
<pk>true</pk>
<usedAttributes>
<attributeRef>A2FE9D86-58E3-2238-DFC2-45A6BAA4E95A</attributeRef>
</usedAttributes>
</identifier>
</identifiers>
</Entity>