<?xml version = '1.0' encoding = 'UTF-8'?>
<Entity class="oracle.dbtools.crest.model.design.logical.Entity" directorySegmentName="seg_0" id="9D6C5B96-3CAD-A186-2322-7DD77D7D55EF" name="Mechanic">
<createdBy>haras</createdBy>
<createdTime>2018-11-20 19:46:01 UTC</createdTime>
<ownerDesignName>blancpain_gt_series</ownerDesignName>
<engineerTo>
<item key="D408453D-4BC9-6C18-2256-62093C7EF6D2" value="true"/>
</engineerTo>
<adequatelyNormalized>NO</adequatelyNormalized>
<expectedVolumes>0</expectedVolumes>
<fwdEngineeringStrategyName>Single Table</fwdEngineeringStrategyName>
<growthPercent>0</growthPercent>
<growthType>Year</growthType>
<maxVolumes>9999999</maxVolumes>
<minVolumes>0</minVolumes>
<normalForm>Third</normalForm>
<attributes itemClass="oracle.dbtools.crest.model.design.logical.Attribute">
<Attribute name="mechanic_id" id="3682D592-EA36-D309-CC1C-A66517A6578B">
<createdBy>haras</createdBy>
<createdTime>2018-11-20 19:46:23 UTC</createdTime>
<ownerDesignName>blancpain_gt_series</ownerDesignName>
<engineerTo>
<item key="D408453D-4BC9-6C18-2256-62093C7EF6D2" value="true"/>
</engineerTo>
<useDomainConstraints>false</useDomainConstraints>
<use>1</use>
<logicalDatatype>LOGDT011</logicalDatatype>
<ownDataTypeParameters>,,</ownDataTypeParameters>
</Attribute>
<Attribute name="first_name" id="512DEBFC-9AA5-2DD7-A237-8F15EBCA4704">
<createdBy>haras</createdBy>
<createdTime>2018-11-20 19:46:34 UTC</createdTime>
<ownerDesignName>blancpain_gt_series</ownerDesignName>
<engineerTo>
<item key="D408453D-4BC9-6C18-2256-62093C7EF6D2" value="true"/>
</engineerTo>
<useDomainConstraints>false</useDomainConstraints>
<use>1</use>
<logicalDatatype>LOGDT024</logicalDatatype>
<dataTypeSize>200 CHAR</dataTypeSize>
<ownDataTypeParameters>200 CHAR,,</ownDataTypeParameters>
</Attribute>
<Attribute name="last_name" id="B006BC96-9B95-8868-226D-E619C30CBBD8">
<createdBy>haras</createdBy>
<createdTime>2018-11-20 19:46:57 UTC</createdTime>
<ownerDesignName>blancpain_gt_series</ownerDesignName>
<engineerTo>
<item key="D408453D-4BC9-6C18-2256-62093C7EF6D2" value="true"/>
</engineerTo>
<useDomainConstraints>false</useDomainConstraints>
<use>1</use>
<logicalDatatype>LOGDT024</logicalDatatype>
<dataTypeSize>200 CHAR</dataTypeSize>
<ownDataTypeParameters>200 CHAR,,</ownDataTypeParameters>
</Attribute>
</attributes>
<identifiers itemClass="oracle.dbtools.crest.model.design.logical.CandidateKey">
<identifier id="E14BE887-8325-E3F0-7EF2-A5D8DD70B995" name="Mechanic PK">
<createdBy>haras</createdBy>
<createdTime>2018-11-20 19:46:33 UTC</createdTime>
<ownerDesignName>blancpain_gt_series</ownerDesignName>
<shouldEngineer>false</shouldEngineer>
<engineerTo>
<item key="D408453D-4BC9-6C18-2256-62093C7EF6D2" value="false"/>
</engineerTo>
<pk>true</pk>
<usedAttributes>
<attributeRef>3682D592-EA36-D309-CC1C-A66517A6578B</attributeRef>
</usedAttributes>
</identifier>
</identifiers>
</Entity>