<?xml version = '1.0' encoding = 'UTF-8'?>
<Entity class="oracle.dbtools.crest.model.design.logical.Entity" directorySegmentName="seg_0" id="E257AF62-98DA-6173-6933-8AF51093B698" name="Team">
<createdBy>harasiva</createdBy>
<createdTime>2018-11-07 06:46:45 UTC</createdTime>
<ownerDesignName>blancpain_gt_series</ownerDesignName>
<engineerTo>
<item key="1B8632C1-662A-1051-B5F6-ABE2B3EC7A63" value="true"/>
</engineerTo>
<adequatelyNormalized>NO</adequatelyNormalized>
<expectedVolumes>0</expectedVolumes>
<fwdEngineeringStrategyName>Single Table</fwdEngineeringStrategyName>
<growthPercent>0</growthPercent>
<growthType>Year</growthType>
<maxVolumes>9999999</maxVolumes>
<minVolumes>0</minVolumes>
<normalForm>Third</normalForm>
<attributes itemClass="oracle.dbtools.crest.model.design.logical.Attribute">
<Attribute name="team_id" id="A1E2DFE6-2386-F175-513E-2A130D92DA7A">
<createdBy>harasiva</createdBy>
<createdTime>2018-11-07 06:46:53 UTC</createdTime>
<ownerDesignName>blancpain_gt_series</ownerDesignName>
<engineerTo>
<item key="1B8632C1-662A-1051-B5F6-ABE2B3EC7A63" value="true"/>
</engineerTo>
<useDomainConstraints>false</useDomainConstraints>
<use>1</use>
<logicalDatatype>LOGDT011</logicalDatatype>
<ownDataTypeParameters>,,</ownDataTypeParameters>
</Attribute>
<Attribute name="name" id="60BFA2CD-8CB5-7299-505A-4F1F8D27DE9B">
<createdBy>harasiva</createdBy>
<createdTime>2018-11-07 06:47:10 UTC</createdTime>
<ownerDesignName>blancpain_gt_series</ownerDesignName>
<engineerTo>
<item key="1B8632C1-662A-1051-B5F6-ABE2B3EC7A63" value="true"/>
</engineerTo>
<useDomainConstraints>false</useDomainConstraints>
<use>1</use>
<logicalDatatype>LOGDT024</logicalDatatype>
<dataTypeSize>200 CHAR</dataTypeSize>
<ownDataTypeParameters>200 CHAR,,</ownDataTypeParameters>
</Attribute>
<Attribute name="foundation_date" id="7B45F09D-EB56-BBEA-2E82-DF0ED9DDEAFD">
<createdBy>harasiva</createdBy>
<createdTime>2018-11-07 06:49:15 UTC</createdTime>
<ownerDesignName>blancpain_gt_series</ownerDesignName>
<engineerTo>
<item key="1B8632C1-662A-1051-B5F6-ABE2B3EC7A63" value="true"/>
</engineerTo>
<useDomainConstraints>false</useDomainConstraints>
<use>1</use>
<logicalDatatype>LOGDT007</logicalDatatype>
<ownDataTypeParameters>,,</ownDataTypeParameters>
</Attribute>
<Attribute name="website_url" id="6902DB43-C15F-8F7D-A6F5-363184D57512">
<createdBy>harasiva</createdBy>
<createdTime>2018-11-07 06:50:50 UTC</createdTime>
<ownerDesignName>blancpain_gt_series</ownerDesignName>
<engineerTo>
<item key="1B8632C1-662A-1051-B5F6-ABE2B3EC7A63" value="true"/>
</engineerTo>
<nullsAllowed>true</nullsAllowed>
<useDomainConstraints>false</useDomainConstraints>
<use>1</use>
<logicalDatatype>LOGDT024</logicalDatatype>
<dataTypeSize>200 CHAR</dataTypeSize>
<ownDataTypeParameters>200 CHAR,,</ownDataTypeParameters>
</Attribute>
</attributes>
<identifiers itemClass="oracle.dbtools.crest.model.design.logical.CandidateKey">
<identifier id="8B41C6B5-B5C2-076E-33CA-DE77AE9B02D2" name="Team PK">
<createdBy>harasiva</createdBy>
<createdTime>2018-11-07 06:47:04 UTC</createdTime>
<ownerDesignName>blancpain_gt_series</ownerDesignName>
<engineerTo>
<item key="1B8632C1-662A-1051-B5F6-ABE2B3EC7A63" value="true"/>
</engineerTo>
<pk>true</pk>
<usedAttributes>
<attributeRef>A1E2DFE6-2386-F175-513E-2A130D92DA7A</attributeRef>
</usedAttributes>
</identifier>
</identifiers>
</Entity>