<?xml version = '1.0' encoding = 'UTF-8'?>
<Table class="oracle.dbtools.crest.model.design.relational.Table" directorySegmentName="seg_0" id="4D4D5DDA-ACD0-34AF-8457-3B6B7AAC8DC1" name="Session">
<createdBy>haras</createdBy>
<createdTime>2018-11-12 15:48:42 UTC</createdTime>
<generatorID>A5FD008D-48AF-B545-9496-43D9ED2A895F</generatorID>
<ownerDesignName>blancpain_gt_series</ownerDesignName>
<allowColumnReorder>false</allowColumnReorder>
<existDependencyGenerateInDDl>true</existDependencyGenerateInDDl>
<parsed>true</parsed>
<columns itemClass="oracle.dbtools.crest.model.design.relational.Column">
<Column name="session_id" id="40C3FAD5-3DFB-EDB5-0BD4-6FCBB0BECE1F">
<createdBy>haras</createdBy>
<createdTime>2018-11-12 15:48:42 UTC</createdTime>
<generatorID>23F3BAFF-F248-B680-951D-282E6F2415A5</generatorID>
<ownerDesignName>blancpain_gt_series</ownerDesignName>
<useDomainConstraints>false</useDomainConstraints>
<use>1</use>
<logicalDatatype>LOGDT011</logicalDatatype>
<ownDataTypeParameters>,,</ownDataTypeParameters>
<autoIncrementCycle>false</autoIncrementCycle>
</Column>
<Column name="name" id="CE6C84D6-A9C6-B610-C573-8F9DC6CF690F">
<createdBy>haras</createdBy>
<createdTime>2018-11-12 15:48:42 UTC</createdTime>
<generatorID>96C0FBA4-850A-EE7C-5CE5-7C7631EFCB82</generatorID>
<ownerDesignName>blancpain_gt_series</ownerDesignName>
<useDomainConstraints>false</useDomainConstraints>
<use>1</use>
<logicalDatatype>LOGDT024</logicalDatatype>
<dataTypeSize>200 CHAR</dataTypeSize>
<ownDataTypeParameters>200 CHAR,,</ownDataTypeParameters>
<autoIncrementCycle>false</autoIncrementCycle>
</Column>
<Column name="begin_date" id="8DF4BE8B-3C9D-7581-952A-8BF529D56876">
<createdBy>haras</createdBy>
<createdTime>2018-11-12 15:48:42 UTC</createdTime>
<generatorID>95668FEB-4E6E-E98C-9215-25C27F7D3FF0</generatorID>
<ownerDesignName>blancpain_gt_series</ownerDesignName>
<useDomainConstraints>false</useDomainConstraints>
<use>1</use>
<logicalDatatype>LOGDT007</logicalDatatype>
<ownDataTypeParameters>,,</ownDataTypeParameters>
<autoIncrementCycle>false</autoIncrementCycle>
</Column>
<Column name="end_date" id="AEA75DD5-979C-BD89-D1B3-7D7A7269F71F">
<createdBy>haras</createdBy>
<createdTime>2018-11-12 15:48:42 UTC</createdTime>
<generatorID>F894F82C-9DED-227E-07A4-61921FC25764</generatorID>
<ownerDesignName>blancpain_gt_series</ownerDesignName>
<useDomainConstraints>false</useDomainConstraints>
<use>1</use>
<logicalDatatype>LOGDT007</logicalDatatype>
<ownDataTypeParameters>,,</ownDataTypeParameters>
<autoIncrementCycle>false</autoIncrementCycle>
</Column>
<Column name="Circuit_circuit_id" id="1876C748-3034-A73F-82EF-F43EF0F2A6A1">
<createdBy>haras</createdBy>
<createdTime>2018-11-12 15:48:42 UTC</createdTime>
<generatorID>36EB2F66-7ABC-6056-2768-E3A8AF14F7BE</generatorID>
<ownerDesignName>blancpain_gt_series</ownerDesignName>
<useDomainConstraints>false</useDomainConstraints>
<use>1</use>
<logicalDatatype>LOGDT011</logicalDatatype>
<ownDataTypeParameters>,,</ownDataTypeParameters>
<previousColumn>false</previousColumn>
<autoIncrementCycle>false</autoIncrementCycle>
<associations>
<colAssociation fkAssociation="E3BCC1B9-2ECB-A322-66C4-0D5666572C3E" referredColumn="6D93468D-49A0-2968-4B42-8CF1536BDBE5"/>
</associations>
</Column>
</columns>
<indexes itemClass="oracle.dbtools.crest.model.design.relational.Index">
<ind_PK_UK id="E6577F1D-34BC-8249-1B30-6A1FF8EC5DD3" name="Session_PK">
<createdBy>haras</createdBy>
<createdTime>2018-11-12 15:48:42 UTC</createdTime>
<generatorID>FEFDA260-C700-824B-2969-E081B068BB92</generatorID>
<ownerDesignName>blancpain_gt_series</ownerDesignName>
<pk>true</pk>
<indexState>Primary Constraint</indexState>
<isSurrogateKey>false</isSurrogateKey>
<indexColumnUsage>
<colUsage columnID="40C3FAD5-3DFB-EDB5-0BD4-6FCBB0BECE1F"/>
</indexColumnUsage>
</ind_PK_UK>
<ind_PK_UK id="836C6C7B-4C53-B8B2-207B-0EA65BE30D96" name="Session_Circuit_FK">
<createdBy>haras</createdBy>
<createdTime>2018-11-12 15:48:42 UTC</createdTime>
<generatorID>4A1CBB56-472F-E1E0-B694-2F330583283B</generatorID>
<ownerDesignName>blancpain_gt_series</ownerDesignName>
<indexState>Foreign Key</indexState>
<isSurrogateKey>false</isSurrogateKey>
<indexColumnUsage>
<colUsage columnID="1876C748-3034-A73F-82EF-F43EF0F2A6A1"/>
</indexColumnUsage>
</ind_PK_UK>
</indexes>
</Table>