<?xml version = '1.0' encoding = 'UTF-8'?>
<Table class="oracle.dbtools.crest.model.design.relational.Table" directorySegmentName="seg_0" id="0DACAAE4-9348-035B-9EC7-8057104494C9" name="Qualifying_results">
<createdBy>haras</createdBy>
<createdTime>2018-11-12 17:56:28 UTC</createdTime>
<generatorID>3AFE980E-F2CF-6DB5-7DD1-FFA78CA9C35F</generatorID>
<ownerDesignName>blancpain_gt_series</ownerDesignName>
<allowColumnReorder>false</allowColumnReorder>
<existDependencyGenerateInDDl>true</existDependencyGenerateInDDl>
<parsed>true</parsed>
<columns itemClass="oracle.dbtools.crest.model.design.relational.Column">
<Column name="result_id" id="A8FE9B81-B61A-06B0-8ABB-07DB3F8CEE96">
<createdBy>haras</createdBy>
<createdTime>2018-11-12 17:56:28 UTC</createdTime>
<generatorID>B917E150-56D3-20F0-9E0D-80C77952503C</generatorID>
<ownerDesignName>blancpain_gt_series</ownerDesignName>
<useDomainConstraints>false</useDomainConstraints>
<use>1</use>
<logicalDatatype>LOGDT011</logicalDatatype>
<ownDataTypeParameters>,,</ownDataTypeParameters>
<autoIncrementCycle>false</autoIncrementCycle>
</Column>
<Column name="place" id="C7303954-D821-F127-D714-F89B196C0CAC">
<createdBy>haras</createdBy>
<createdTime>2018-11-12 17:56:28 UTC</createdTime>
<generatorID>2F9A2A38-F698-AB58-21C4-7159ED22C463</generatorID>
<ownerDesignName>blancpain_gt_series</ownerDesignName>
<useDomainConstraints>false</useDomainConstraints>
<use>1</use>
<logicalDatatype>LOGDT011</logicalDatatype>
<ownDataTypeParameters>,,</ownDataTypeParameters>
<autoIncrementCycle>false</autoIncrementCycle>
</Column>
<Column name="best_laptime" id="D141534B-FBA1-1BB0-6C52-2BF435340BAB">
<createdBy>haras</createdBy>
<createdTime>2018-11-12 17:56:28 UTC</createdTime>
<generatorID>0A23F893-5759-2B69-4267-6037E7B29A86</generatorID>
<ownerDesignName>blancpain_gt_series</ownerDesignName>
<useDomainConstraints>false</useDomainConstraints>
<use>1</use>
<logicalDatatype>LOGDT007</logicalDatatype>
<ownDataTypeParameters>,,</ownDataTypeParameters>
<autoIncrementCycle>false</autoIncrementCycle>
</Column>
<Column name="racecar_id" id="D4C827E7-9AC8-04BF-3B77-9E8B840BE8CD">
<createdBy>haras</createdBy>
<createdTime>2018-11-12 17:56:28 UTC</createdTime>
<generatorID>7611D00B-4269-5E19-B71D-D324B370DECD</generatorID>
<ownerDesignName>blancpain_gt_series</ownerDesignName>
<useDomainConstraints>false</useDomainConstraints>
<use>1</use>
<logicalDatatype>LOGDT011</logicalDatatype>
<ownDataTypeParameters>,,</ownDataTypeParameters>
<previousColumn>false</previousColumn>
<autoIncrementCycle>false</autoIncrementCycle>
</Column>
<Column name="Qualifying_session_id" id="2CE85261-D6A2-0A12-27AA-A69CB7277D19">
<createdBy>haras</createdBy>
<createdTime>2018-11-12 17:56:28 UTC</createdTime>
<generatorID>9E5962B4-FB2A-58B7-2F47-181B1DF635A3</generatorID>
<ownerDesignName>blancpain_gt_series</ownerDesignName>
<useDomainConstraints>false</useDomainConstraints>
<use>1</use>
<logicalDatatype>LOGDT011</logicalDatatype>
<ownDataTypeParameters>,,</ownDataTypeParameters>
<previousColumn>false</previousColumn>
<autoIncrementCycle>false</autoIncrementCycle>
<associations>
<colAssociation fkAssociation="9CB5FCEA-C523-D0C0-D417-F500ECF54DC9" referredColumn="B68A695D-6F5B-18B3-CE6A-2B09070BC7BF"/>
</associations>
</Column>
<Column name="Race_session_id" id="46261928-EA76-F2AF-77C5-D235ECDEA9FC">
<createdBy>haras</createdBy>
<createdTime>2018-11-12 17:56:28 UTC</createdTime>
<generatorID>D53C7175-D1B8-19C2-A885-A4C651B7586A</generatorID>
<ownerDesignName>blancpain_gt_series</ownerDesignName>
<useDomainConstraints>false</useDomainConstraints>
<use>1</use>
<logicalDatatype>LOGDT011</logicalDatatype>
<ownDataTypeParameters>,,</ownDataTypeParameters>
<previousColumn>false</previousColumn>
<autoIncrementCycle>false</autoIncrementCycle>
<associations>
<colAssociation fkAssociation="6BD52013-C4AC-5645-D52D-D98954AA441D" referredColumn="DEA38359-EC15-3E62-8EAF-E415A8877FF2"/>
</associations>
</Column>
</columns>
<indexes itemClass="oracle.dbtools.crest.model.design.relational.Index">
<ind_PK_UK id="ABE2D8B3-D981-AE1C-E72E-5CAE199704BD" name="Qualifying_results_PK">
<createdBy>haras</createdBy>
<createdTime>2018-11-12 17:56:28 UTC</createdTime>
<generatorID>16FD07E5-7835-566D-DA03-C196B5BC1F6A</generatorID>
<ownerDesignName>blancpain_gt_series</ownerDesignName>
<pk>true</pk>
<indexState>Primary Constraint</indexState>
<isSurrogateKey>false</isSurrogateKey>
<indexColumnUsage>
<colUsage columnID="A8FE9B81-B61A-06B0-8ABB-07DB3F8CEE96"/>
</indexColumnUsage>
</ind_PK_UK>
<ind_PK_UK id="6F4B52BE-CE42-2F96-278C-C53389B50395" name="Qualifying_results_Qualifying_FK">
<createdBy>haras</createdBy>
<createdTime>2018-11-12 17:56:28 UTC</createdTime>
<generatorID>1D001B4F-E424-E471-7051-99010EF35347</generatorID>
<ownerDesignName>blancpain_gt_series</ownerDesignName>
<indexState>Foreign Key</indexState>
<isSurrogateKey>false</isSurrogateKey>
<indexColumnUsage>
<colUsage columnID="2CE85261-D6A2-0A12-27AA-A69CB7277D19"/>
</indexColumnUsage>
</ind_PK_UK>
<ind_PK_UK id="86C2A6EA-9A30-3DD6-5368-30B7152D8494" name="Qualifying_results_Race_FK">
<createdBy>haras</createdBy>
<createdTime>2018-11-12 17:56:28 UTC</createdTime>
<generatorID>3C0A0826-0C39-3ABF-A6E9-7DDDEA5F9066</generatorID>
<ownerDesignName>blancpain_gt_series</ownerDesignName>
<indexState>Foreign Key</indexState>
<isSurrogateKey>false</isSurrogateKey>
<indexColumnUsage>
<colUsage columnID="46261928-EA76-F2AF-77C5-D235ECDEA9FC"/>
</indexColumnUsage>
</ind_PK_UK>
<ind_PK_UK id="2C2A15DF-9A03-77D3-BB4D-D3BF061672CD" name="Qualifying_results_Racecar_FK">
<createdBy>haras</createdBy>
<createdTime>2018-11-12 17:56:28 UTC</createdTime>
<generatorID>525EA926-4D08-F1F3-F20D-CFD3180A41E5</generatorID>
<ownerDesignName>blancpain_gt_series</ownerDesignName>
<indexState>Foreign Key</indexState>
<isSurrogateKey>false</isSurrogateKey>
</ind_PK_UK>
</indexes>
</Table>