<?xml version = '1.0' encoding = 'UTF-8'?>
<Table class="oracle.dbtools.crest.model.design.relational.Table" directorySegmentName="seg_0" id="57089471-D3A0-9DF5-190C-508B7C7D2DCF" name="Race_results">
<createdBy>haras</createdBy>
<createdTime>2018-11-12 17:56:28 UTC</createdTime>
<generatorID>5703D5F6-C2DD-CD75-E0D4-50225997F097</generatorID>
<ownerDesignName>blancpain_gt_series</ownerDesignName>
<allowColumnReorder>false</allowColumnReorder>
<existDependencyGenerateInDDl>true</existDependencyGenerateInDDl>
<parsed>true</parsed>
<columns itemClass="oracle.dbtools.crest.model.design.relational.Column">
<Column name="result_id" id="891DBAF7-E419-19CC-B201-01B01A060D6B">
<createdBy>haras</createdBy>
<createdTime>2018-11-12 17:56:28 UTC</createdTime>
<generatorID>A445B2BF-F494-0FAC-0362-69835524E698</generatorID>
<ownerDesignName>blancpain_gt_series</ownerDesignName>
<useDomainConstraints>false</useDomainConstraints>
<use>1</use>
<logicalDatatype>LOGDT011</logicalDatatype>
<ownDataTypeParameters>,,</ownDataTypeParameters>
<autoIncrementCycle>false</autoIncrementCycle>
</Column>
<Column name="racecar_id" id="B9D2F3BE-4701-7236-6FC8-4F396C2F2127">
<createdBy>haras</createdBy>
<createdTime>2018-11-12 17:56:28 UTC</createdTime>
<generatorID>05AF672A-F5AF-5ADF-AC58-0B80A3D58B78</generatorID>
<ownerDesignName>blancpain_gt_series</ownerDesignName>
<useDomainConstraints>false</useDomainConstraints>
<use>1</use>
<logicalDatatype>LOGDT011</logicalDatatype>
<ownDataTypeParameters>,,</ownDataTypeParameters>
<previousColumn>false</previousColumn>
<autoIncrementCycle>false</autoIncrementCycle>
</Column>
<Column name="Race_session_id" id="4AECDAD3-E5E4-B319-D350-4E88C60837ED">
<createdBy>haras</createdBy>
<createdTime>2018-11-12 17:56:28 UTC</createdTime>
<generatorID>1BB4A5AA-6557-9AAA-3C70-E6D6A2B15663</generatorID>
<ownerDesignName>blancpain_gt_series</ownerDesignName>
<useDomainConstraints>false</useDomainConstraints>
<use>1</use>
<logicalDatatype>LOGDT011</logicalDatatype>
<ownDataTypeParameters>,,</ownDataTypeParameters>
<previousColumn>false</previousColumn>
<autoIncrementCycle>false</autoIncrementCycle>
<associations>
<colAssociation fkAssociation="D8D28E38-A69D-AA20-5AF8-5DE762EE37CE" referredColumn="DEA38359-EC15-3E62-8EAF-E415A8877FF2"/>
</associations>
</Column>
<Column name="place" id="05F7FEBE-6D2F-20AA-24DA-EB3BD1C45185">
<createdBy>haras</createdBy>
<createdTime>2018-11-12 17:56:28 UTC</createdTime>
<generatorID>4A2C3F59-7447-33A6-AA3C-FB0632C6D2C3</generatorID>
<ownerDesignName>blancpain_gt_series</ownerDesignName>
<useDomainConstraints>false</useDomainConstraints>
<use>1</use>
<logicalDatatype>LOGDT011</logicalDatatype>
<ownDataTypeParameters>,,</ownDataTypeParameters>
<autoIncrementCycle>false</autoIncrementCycle>
</Column>
<Column name="points" id="A3996185-5617-0C9F-7785-BE779C6F963A">
<createdBy>haras</createdBy>
<createdTime>2018-11-12 17:56:28 UTC</createdTime>
<generatorID>72F8B43C-52C8-420D-5F88-9F7141541B1B</generatorID>
<ownerDesignName>blancpain_gt_series</ownerDesignName>
<useDomainConstraints>false</useDomainConstraints>
<use>1</use>
<logicalDatatype>LOGDT011</logicalDatatype>
<ownDataTypeParameters>,,</ownDataTypeParameters>
<autoIncrementCycle>false</autoIncrementCycle>
</Column>
</columns>
<indexes itemClass="oracle.dbtools.crest.model.design.relational.Index">
<ind_PK_UK id="581D38FF-E447-6B5A-4E26-22B41D0492BE" name="Race_results_PK">
<createdBy>haras</createdBy>
<createdTime>2018-11-12 17:56:28 UTC</createdTime>
<generatorID>F44C84AF-AFF4-5616-1EEB-AABD20005C81</generatorID>
<ownerDesignName>blancpain_gt_series</ownerDesignName>
<pk>true</pk>
<indexState>Primary Constraint</indexState>
<isSurrogateKey>false</isSurrogateKey>
<indexColumnUsage>
<colUsage columnID="891DBAF7-E419-19CC-B201-01B01A060D6B"/>
</indexColumnUsage>
</ind_PK_UK>
<ind_PK_UK id="0C5C9DF7-8FA8-DCF4-B403-DC39ECFACC12" name="Race_results_Race_FK">
<createdBy>haras</createdBy>
<createdTime>2018-11-12 17:56:28 UTC</createdTime>
<generatorID>C0DED174-E05E-2C50-8244-89B5DECDF3AB</generatorID>
<ownerDesignName>blancpain_gt_series</ownerDesignName>
<indexState>Foreign Key</indexState>
<isSurrogateKey>false</isSurrogateKey>
<indexColumnUsage>
<colUsage columnID="4AECDAD3-E5E4-B319-D350-4E88C60837ED"/>
</indexColumnUsage>
</ind_PK_UK>
<ind_PK_UK id="72AFCED8-E01E-4323-AB3F-B050DB61AD7D" name="Race_results_Racecar_FK">
<createdBy>haras</createdBy>
<createdTime>2018-11-12 17:56:28 UTC</createdTime>
<generatorID>DE0CAD76-F038-0675-D044-7614D9668FBD</generatorID>
<ownerDesignName>blancpain_gt_series</ownerDesignName>
<indexState>Foreign Key</indexState>
<isSurrogateKey>false</isSurrogateKey>
</ind_PK_UK>
</indexes>
</Table>