<?xml version = '1.0' encoding = 'UTF-8'?>
<Table class="oracle.dbtools.crest.model.design.relational.Table" directorySegmentName="seg_0" id="A96612DC-6244-81C6-854B-7781D0AFC4AB" name="Racecar">
<createdBy>haras</createdBy>
<createdTime>2018-11-12 17:56:28 UTC</createdTime>
<generatorID>BC127FEA-E230-551F-1D8D-0530AFA36110</generatorID>
<ownerDesignName>blancpain_gt_series</ownerDesignName>
<allowColumnReorder>false</allowColumnReorder>
<existDependencyGenerateInDDl>true</existDependencyGenerateInDDl>
<parsed>true</parsed>
<columns itemClass="oracle.dbtools.crest.model.design.relational.Column">
<Column name="racecar_id" id="CAC64B11-F955-5A7C-12E6-20E12741AFB3">
<createdBy>haras</createdBy>
<createdTime>2018-11-12 17:56:28 UTC</createdTime>
<generatorID>91753656-091A-5BA6-51A0-D4C8404A98D0</generatorID>
<ownerDesignName>blancpain_gt_series</ownerDesignName>
<useDomainConstraints>false</useDomainConstraints>
<use>1</use>
<logicalDatatype>LOGDT011</logicalDatatype>
<ownDataTypeParameters>,,</ownDataTypeParameters>
<autoIncrementCycle>false</autoIncrementCycle>
</Column>
<Column name="manufacturer" id="A05E2E55-51BD-0EAF-5633-2EF939B84996">
<createdBy>haras</createdBy>
<createdTime>2018-11-12 17:56:28 UTC</createdTime>
<generatorID>B488FB69-3B9F-C40E-FDE5-DEF98AB611FF</generatorID>
<ownerDesignName>blancpain_gt_series</ownerDesignName>
<useDomainConstraints>false</useDomainConstraints>
<use>1</use>
<logicalDatatype>LOGDT024</logicalDatatype>
<dataTypeSize>200 CHAR</dataTypeSize>
<ownDataTypeParameters>200 CHAR,,</ownDataTypeParameters>
<autoIncrementCycle>false</autoIncrementCycle>
</Column>
<Column name="type" id="071E7448-83DD-4AC1-3E8B-4B39F7061870">
<createdBy>haras</createdBy>
<createdTime>2018-11-12 17:56:28 UTC</createdTime>
<generatorID>50C4CB76-45E1-41B7-6D0D-45608B13F4E7</generatorID>
<ownerDesignName>blancpain_gt_series</ownerDesignName>
<useDomainConstraints>false</useDomainConstraints>
<use>1</use>
<logicalDatatype>LOGDT024</logicalDatatype>
<dataTypeSize>200 CHAR</dataTypeSize>
<ownDataTypeParameters>200 CHAR,,</ownDataTypeParameters>
<autoIncrementCycle>false</autoIncrementCycle>
</Column>
<Column name="full_name" id="FA684B30-A22B-E408-DB66-987A7B9BC4D6">
<createdBy>haras</createdBy>
<createdTime>2018-11-12 17:56:28 UTC</createdTime>
<generatorID>776C8BDE-0ECC-6B18-D867-D700899CC9BD</generatorID>
<ownerDesignName>blancpain_gt_series</ownerDesignName>
<useDomainConstraints>false</useDomainConstraints>
<use>1</use>
<logicalDatatype>LOGDT024</logicalDatatype>
<dataTypeSize>200 CHAR</dataTypeSize>
<ownDataTypeParameters>200 CHAR,,</ownDataTypeParameters>
<autoIncrementCycle>false</autoIncrementCycle>
</Column>
<Column name="number" id="346027C3-1F27-C6F0-0D06-75547DBD79DD">
<createdBy>haras</createdBy>
<createdTime>2018-11-12 17:56:28 UTC</createdTime>
<generatorID>D65A95D0-3D3E-063E-0F40-C72E8CF3004F</generatorID>
<ownerDesignName>blancpain_gt_series</ownerDesignName>
<useDomainConstraints>false</useDomainConstraints>
<use>1</use>
<logicalDatatype>LOGDT011</logicalDatatype>
<ownDataTypeParameters>,,</ownDataTypeParameters>
<autoIncrementCycle>false</autoIncrementCycle>
</Column>
<Column name="class" id="49DB5000-3A3A-057E-86B1-964B249C43DC">
<createdBy>haras</createdBy>
<createdTime>2018-11-12 17:56:28 UTC</createdTime>
<generatorID>86F78A99-D992-57B4-256F-53945FDB216A</generatorID>
<ownerDesignName>blancpain_gt_series</ownerDesignName>
<useDomainConstraints>false</useDomainConstraints>
<use>1</use>
<logicalDatatype>LOGDT024</logicalDatatype>
<dataTypeSize>200 CHAR</dataTypeSize>
<ownDataTypeParameters>200 CHAR,,</ownDataTypeParameters>
<autoIncrementCycle>false</autoIncrementCycle>
</Column>
<Column name="power" id="C5338FF3-A80E-F66A-3B32-DBEDE2F02F67">
<createdBy>haras</createdBy>
<createdTime>2018-11-12 17:56:28 UTC</createdTime>
<generatorID>86F776B8-3423-79B1-B12F-FD501F980B0F</generatorID>
<ownerDesignName>blancpain_gt_series</ownerDesignName>
<useDomainConstraints>false</useDomainConstraints>
<use>1</use>
<logicalDatatype>LOGDT011</logicalDatatype>
<ownDataTypeParameters>,,</ownDataTypeParameters>
<autoIncrementCycle>false</autoIncrementCycle>
</Column>
<Column name="weight" id="31EB68FE-6F7E-4852-895E-20B4ED7D9FAB">
<createdBy>haras</createdBy>
<createdTime>2018-11-12 17:56:28 UTC</createdTime>
<generatorID>E81FC77E-1A42-DE13-7382-62C8BA289D19</generatorID>
<ownerDesignName>blancpain_gt_series</ownerDesignName>
<useDomainConstraints>false</useDomainConstraints>
<use>1</use>
<logicalDatatype>LOGDT011</logicalDatatype>
<ownDataTypeParameters>,,</ownDataTypeParameters>
<autoIncrementCycle>false</autoIncrementCycle>
</Column>
<Column name="fuel_tank" id="1C8154B2-4268-1ACF-916E-08B7EE7943F8">
<createdBy>haras</createdBy>
<createdTime>2018-11-12 17:56:28 UTC</createdTime>
<generatorID>0C26131F-239C-17A7-B0B4-FDE860F01638</generatorID>
<ownerDesignName>blancpain_gt_series</ownerDesignName>
<useDomainConstraints>false</useDomainConstraints>
<use>1</use>
<logicalDatatype>LOGDT011</logicalDatatype>
<ownDataTypeParameters>,,</ownDataTypeParameters>
<autoIncrementCycle>false</autoIncrementCycle>
</Column>
<Column name="front_tyres" id="C53FA824-0D1A-9F45-1EBE-EDC13244FC59">
<createdBy>haras</createdBy>
<createdTime>2018-11-12 17:56:28 UTC</createdTime>
<generatorID>0BDBE719-63BE-EC27-AE21-07676CFC355F</generatorID>
<ownerDesignName>blancpain_gt_series</ownerDesignName>
<nullsAllowed>true</nullsAllowed>
<useDomainConstraints>false</useDomainConstraints>
<use>1</use>
<logicalDatatype>LOGDT024</logicalDatatype>
<dataTypeSize>50 CHAR</dataTypeSize>
<ownDataTypeParameters>50 CHAR,,</ownDataTypeParameters>
<autoIncrementCycle>false</autoIncrementCycle>
</Column>
<Column name="back_tyres" id="84A2D074-AF13-84AB-AD75-743BA464D4F8">
<createdBy>haras</createdBy>
<createdTime>2018-11-12 17:56:28 UTC</createdTime>
<generatorID>79574764-3515-CC73-F0FB-AF7647494A62</generatorID>
<ownerDesignName>blancpain_gt_series</ownerDesignName>
<nullsAllowed>true</nullsAllowed>
<useDomainConstraints>false</useDomainConstraints>
<use>1</use>
<logicalDatatype>LOGDT024</logicalDatatype>
<dataTypeSize>50 CHAR</dataTypeSize>
<ownDataTypeParameters>50 CHAR,,</ownDataTypeParameters>
<autoIncrementCycle>false</autoIncrementCycle>
</Column>
<Column name="engine_layout" id="7C3C3658-4332-E73A-F871-ECBF85FC74BF">
<createdBy>haras</createdBy>
<createdTime>2018-11-12 17:56:28 UTC</createdTime>
<generatorID>B1B9D5DA-13F4-323F-4DAA-5A46F51CDABC</generatorID>
<ownerDesignName>blancpain_gt_series</ownerDesignName>
<nullsAllowed>true</nullsAllowed>
<useDomainConstraints>false</useDomainConstraints>
<use>1</use>
<logicalDatatype>LOGDT024</logicalDatatype>
<dataTypeSize>50 CHAR</dataTypeSize>
<ownDataTypeParameters>50 CHAR,,</ownDataTypeParameters>
<autoIncrementCycle>false</autoIncrementCycle>
</Column>
<Column name="displacement" id="907CB03C-60D6-4E84-78F5-599C05016167">
<createdBy>haras</createdBy>
<createdTime>2018-11-12 17:56:28 UTC</createdTime>
<generatorID>70AA3B7E-EAFD-314A-9786-EE844B0603F1</generatorID>
<ownerDesignName>blancpain_gt_series</ownerDesignName>
<nullsAllowed>true</nullsAllowed>
<useDomainConstraints>false</useDomainConstraints>
<use>1</use>
<logicalDatatype>LOGDT011</logicalDatatype>
<ownDataTypeParameters>,,</ownDataTypeParameters>
<autoIncrementCycle>false</autoIncrementCycle>
</Column>
<Column name="length" id="B6713284-B0FB-EA40-66DB-3E1FDF6CE4AE">
<createdBy>haras</createdBy>
<createdTime>2018-11-12 17:56:28 UTC</createdTime>
<generatorID>64236B16-D6BA-D3A3-C185-8571905B796E</generatorID>
<ownerDesignName>blancpain_gt_series</ownerDesignName>
<nullsAllowed>true</nullsAllowed>
<useDomainConstraints>false</useDomainConstraints>
<use>1</use>
<logicalDatatype>LOGDT011</logicalDatatype>
<ownDataTypeParameters>,,</ownDataTypeParameters>
<autoIncrementCycle>false</autoIncrementCycle>
</Column>
<Column name="width" id="64DFE6FF-9778-CD29-3361-AE49D6D0791D">
<createdBy>haras</createdBy>
<createdTime>2018-11-12 17:56:28 UTC</createdTime>
<generatorID>7637B559-8D22-83D2-5453-E5C261F53409</generatorID>
<ownerDesignName>blancpain_gt_series</ownerDesignName>
<nullsAllowed>true</nullsAllowed>
<useDomainConstraints>false</useDomainConstraints>
<use>1</use>
<logicalDatatype>LOGDT011</logicalDatatype>
<ownDataTypeParameters>,,</ownDataTypeParameters>
<autoIncrementCycle>false</autoIncrementCycle>
</Column>
<Column name="wheelbase" id="0FAE949C-1749-DFD3-35D7-B33D6159F5F0">
<createdBy>haras</createdBy>
<createdTime>2018-11-12 17:56:28 UTC</createdTime>
<generatorID>7BC579EB-A02E-37D0-0207-FD0C6380390D</generatorID>
<ownerDesignName>blancpain_gt_series</ownerDesignName>
<nullsAllowed>true</nullsAllowed>
<useDomainConstraints>false</useDomainConstraints>
<use>1</use>
<logicalDatatype>LOGDT011</logicalDatatype>
<ownDataTypeParameters>,,</ownDataTypeParameters>
<autoIncrementCycle>false</autoIncrementCycle>
</Column>
<Column name="Team_team_id" id="5D48A95B-2468-FED9-5577-AEE216C692F8">
<createdBy>haras</createdBy>
<createdTime>2018-11-12 17:56:28 UTC</createdTime>
<generatorID>41A7B2F3-6380-777E-DBC2-880D5196F991</generatorID>
<ownerDesignName>blancpain_gt_series</ownerDesignName>
<useDomainConstraints>false</useDomainConstraints>
<use>1</use>
<logicalDatatype>LOGDT011</logicalDatatype>
<ownDataTypeParameters>,,</ownDataTypeParameters>
<previousColumn>false</previousColumn>
<autoIncrementCycle>false</autoIncrementCycle>
<associations>
<colAssociation fkAssociation="CB05C669-B4CE-772A-DA9A-8690D579594B" referredColumn="037CE88C-1148-B9B4-9D9E-C9F0DCE816B4"/>
</associations>
</Column>
</columns>
<indexes itemClass="oracle.dbtools.crest.model.design.relational.Index">
<ind_PK_UK id="7419F056-A0FE-AA95-C374-DEECD823AFB8" name="Racecar_PK">
<createdBy>haras</createdBy>
<createdTime>2018-11-12 17:56:28 UTC</createdTime>
<generatorID>A6EA1E4C-CD44-F930-33BC-8D8F49291EAB</generatorID>
<ownerDesignName>blancpain_gt_series</ownerDesignName>
<pk>true</pk>
<indexState>Primary Constraint</indexState>
<isSurrogateKey>false</isSurrogateKey>
<indexColumnUsage>
<colUsage columnID="CAC64B11-F955-5A7C-12E6-20E12741AFB3"/>
</indexColumnUsage>
</ind_PK_UK>
<ind_PK_UK id="53C73AA6-7DD6-0761-59DC-824474E8B823" name="Racecar_Team_FK">
<createdBy>haras</createdBy>
<createdTime>2018-11-12 17:56:28 UTC</createdTime>
<generatorID>4E82373A-31B5-1269-8ADC-C8DD412AE8AB</generatorID>
<ownerDesignName>blancpain_gt_series</ownerDesignName>
<indexState>Foreign Key</indexState>
<isSurrogateKey>false</isSurrogateKey>
<indexColumnUsage>
<colUsage columnID="5D48A95B-2468-FED9-5577-AEE216C692F8"/>
</indexColumnUsage>
</ind_PK_UK>
</indexes>
</Table>