<?xml version = '1.0' encoding = 'UTF-8'?>
<Table class="oracle.dbtools.crest.model.design.relational.Table" directorySegmentName="seg_0" id="E54190B0-9049-0148-11E2-DF2F19023619" name="Stint">
<createdBy>haras</createdBy>
<createdTime>2018-11-12 17:56:28 UTC</createdTime>
<generatorID>5E0FB047-3341-1BA5-969D-DE0929C61850</generatorID>
<ownerDesignName>blancpain_gt_series</ownerDesignName>
<allowColumnReorder>false</allowColumnReorder>
<existDependencyGenerateInDDl>true</existDependencyGenerateInDDl>
<parsed>true</parsed>
<columns itemClass="oracle.dbtools.crest.model.design.relational.Column">
<Column name="stint_id" id="022B58E8-CD0F-342B-F49D-5D3FE4EE7364">
<createdBy>haras</createdBy>
<createdTime>2018-11-12 17:56:28 UTC</createdTime>
<generatorID>199BAAFD-D1E9-9846-B357-B63C341ACD8D</generatorID>
<ownerDesignName>blancpain_gt_series</ownerDesignName>
<use>0</use>
<ownDataTypeParameters>,,</ownDataTypeParameters>
<autoIncrementCycle>false</autoIncrementCycle>
</Column>
<Column name="stint_sequence" id="327EB51B-3CEF-22F9-0221-A50BFB069220">
<createdBy>haras</createdBy>
<createdTime>2018-11-12 17:56:28 UTC</createdTime>
<generatorID>37BDA6BF-06A0-B49F-F629-36C696AA5A71</generatorID>
<ownerDesignName>blancpain_gt_series</ownerDesignName>
<useDomainConstraints>false</useDomainConstraints>
<use>1</use>
<logicalDatatype>LOGDT011</logicalDatatype>
<ownDataTypeParameters>,,</ownDataTypeParameters>
<autoIncrementCycle>false</autoIncrementCycle>
</Column>
<Column name="laps" id="BF777C17-A419-31E0-4876-618C51B0CCC2">
<createdBy>haras</createdBy>
<createdTime>2018-11-12 17:56:28 UTC</createdTime>
<generatorID>16FD1465-AF5B-173D-24A1-313448298A98</generatorID>
<ownerDesignName>blancpain_gt_series</ownerDesignName>
<useDomainConstraints>false</useDomainConstraints>
<use>1</use>
<logicalDatatype>LOGDT011</logicalDatatype>
<ownDataTypeParameters>,,</ownDataTypeParameters>
<autoIncrementCycle>false</autoIncrementCycle>
</Column>
<Column name="Driver_driver_id" id="717CE5C7-2E3F-18CE-A6CE-9247B4D04172">
<createdBy>haras</createdBy>
<createdTime>2018-11-12 17:56:28 UTC</createdTime>
<generatorID>73E4BD47-1F07-0D02-D706-37F2D98BDA99</generatorID>
<ownerDesignName>blancpain_gt_series</ownerDesignName>
<useDomainConstraints>false</useDomainConstraints>
<use>1</use>
<logicalDatatype>LOGDT011</logicalDatatype>
<ownDataTypeParameters>,,</ownDataTypeParameters>
<previousColumn>false</previousColumn>
<autoIncrementCycle>false</autoIncrementCycle>
<associations>
<colAssociation fkAssociation="8FFF2859-FBFA-29A4-47BB-CC8AFB4BD65F" referredColumn="857E26D2-A9B9-E1F8-153F-431376F207A6"/>
</associations>
</Column>
<Column name="Race_session_id" id="BA62A794-F6BC-6183-F2C8-0FCB3133A607">
<createdBy>haras</createdBy>
<createdTime>2018-11-12 17:56:28 UTC</createdTime>
<generatorID>1290BD84-8A89-22E0-419F-754F4D5785F7</generatorID>
<ownerDesignName>blancpain_gt_series</ownerDesignName>
<useDomainConstraints>false</useDomainConstraints>
<use>1</use>
<logicalDatatype>LOGDT011</logicalDatatype>
<ownDataTypeParameters>,,</ownDataTypeParameters>
<previousColumn>false</previousColumn>
<autoIncrementCycle>false</autoIncrementCycle>
<associations>
<colAssociation fkAssociation="6DBA0164-9136-007A-6609-34A1D7F92FEA" referredColumn="DEA38359-EC15-3E62-8EAF-E415A8877FF2"/>
</associations>
</Column>
<Column name="incident_points" id="EFC30C0A-92E7-D619-B98C-BEEBB76B66B1">
<createdBy>haras</createdBy>
<createdTime>2018-11-12 17:56:28 UTC</createdTime>
<generatorID>E9F30723-529B-1DCE-EE60-E0D62F6B7339</generatorID>
<ownerDesignName>blancpain_gt_series</ownerDesignName>
<useDomainConstraints>false</useDomainConstraints>
<use>1</use>
<logicalDatatype>LOGDT011</logicalDatatype>
<ownDataTypeParameters>,,</ownDataTypeParameters>
<autoIncrementCycle>false</autoIncrementCycle>
</Column>
</columns>
<indexes itemClass="oracle.dbtools.crest.model.design.relational.Index">
<ind_PK_UK id="6A17B10D-0D55-466D-9A22-66DB35FAFB98" name="Stint_PK">
<createdBy>haras</createdBy>
<createdTime>2018-11-12 17:56:28 UTC</createdTime>
<generatorID>DCDE4C34-72D0-04E6-F3CB-02814B6820DD</generatorID>
<ownerDesignName>blancpain_gt_series</ownerDesignName>
<pk>true</pk>
<indexState>Primary Constraint</indexState>
<isSurrogateKey>false</isSurrogateKey>
<indexColumnUsage>
<colUsage columnID="022B58E8-CD0F-342B-F49D-5D3FE4EE7364"/>
</indexColumnUsage>
</ind_PK_UK>
<ind_PK_UK id="A15FB834-2510-46F0-CE82-296FABAB4E16" name="Stint_Driver_FK">
<createdBy>haras</createdBy>
<createdTime>2018-11-12 17:56:28 UTC</createdTime>
<generatorID>4159435A-4CA0-0D04-B8E1-381CBFD85E12</generatorID>
<ownerDesignName>blancpain_gt_series</ownerDesignName>
<indexState>Foreign Key</indexState>
<isSurrogateKey>false</isSurrogateKey>
<indexColumnUsage>
<colUsage columnID="717CE5C7-2E3F-18CE-A6CE-9247B4D04172"/>
</indexColumnUsage>
</ind_PK_UK>
<ind_PK_UK id="4341B2A2-3C5F-A580-75F6-A7DF1D8BE627" name="Stint_Race_FK">
<createdBy>haras</createdBy>
<createdTime>2018-11-12 17:56:28 UTC</createdTime>
<generatorID>DAC5980A-F2E0-7085-5865-C99C5788BA20</generatorID>
<ownerDesignName>blancpain_gt_series</ownerDesignName>
<indexState>Foreign Key</indexState>
<isSurrogateKey>false</isSurrogateKey>
<indexColumnUsage>
<colUsage columnID="BA62A794-F6BC-6183-F2C8-0FCB3133A607"/>
</indexColumnUsage>
</ind_PK_UK>
</indexes>
</Table>