<?xml version = '1.0' encoding = 'UTF-8'?>
<FKIndexAssociation class="oracle.dbtools.crest.model.design.relational.FKIndexAssociation" directorySegmentName="seg_0" id="0A3E7532-D6F7-E5BD-80A4-02A984CD2DDB" containerWithKeyObject="EEDA23B8-5645-641C-257C-B0794029331E" localFKIndex="4CB9F5BC-2A27-A187-1D5A-74231D0BCEF9" name="Relation_11_Sponsor_FK">
<createdBy>haras</createdBy>
<createdTime>2018-11-20 20:18:23 UTC</createdTime>
<generatorID>2D479DDB-DF3F-84BA-446B-2A288EBF12F7</generatorID>
<ownerDesignName>blancpain_gt_series</ownerDesignName>
<referredTableLongName>Sponsor</referredTableLongName>
<deleteRule>NO ACTION</deleteRule>
<referredTableID>A5B48A4C-ED04-D327-3083-75D800550C1F</referredTableID>
<keyObject>9F818A63-62B9-1EF4-6E4F-CB7DDF381AF2</keyObject>
<referredKeyID>9F818A63-62B9-1EF4-6E4F-CB7DDF381AF2</referredKeyID>
<mandatory>true</mandatory>
<refColNames>sponsor_id</refColNames>
<transferable>true</transferable>
<rely>false</rely>
<columnDependencyConstraintGenerateInDDL>true</columnDependencyConstraintGenerateInDDL>
</FKIndexAssociation>