<?xml version = '1.0' encoding = 'UTF-8'?>
<FKIndexAssociation class="oracle.dbtools.crest.model.design.relational.FKIndexAssociation" directorySegmentName="seg_0" id="0D9C64EF-BEDA-083E-87E3-6E8756C7F62D" containerWithKeyObject="27123257-B7BE-08E0-0627-CB3FC2B4B735" localFKIndex="766D675C-E7F0-E633-062E-CFE50E8F8C72" name="Session_Circuit_FK">
<createdBy>haras</createdBy>
<createdTime>2018-11-20 20:18:23 UTC</createdTime>
<generatorID>4A1CBB56-472F-E1E0-B694-2F330583283B</generatorID>
<ownerDesignName>blancpain_gt_series</ownerDesignName>
<referredTableLongName>Circuit</referredTableLongName>
<deleteRule>NO ACTION</deleteRule>
<referredTableID>953AC25E-3641-3BD2-26B8-AB24CF222D71</referredTableID>
<keyObject>CFE76D68-86FE-FD4D-D474-7EA22FFCD5FB</keyObject>
<referredKeyID>CFE76D68-86FE-FD4D-D474-7EA22FFCD5FB</referredKeyID>
<mandatory>true</mandatory>
<refColNames>circuit_id</refColNames>
<transferable>true</transferable>
<rely>false</rely>
<columnDependencyConstraintGenerateInDDL>true</columnDependencyConstraintGenerateInDDL>
</FKIndexAssociation>