<?xml version = '1.0' encoding = 'UTF-8'?>
<FKIndexAssociation class="oracle.dbtools.crest.model.design.relational.FKIndexAssociation" directorySegmentName="seg_0" id="1ACA3632-F07C-CC7D-0B63-B369E8E86EAC" containerWithKeyObject="7B91B4DE-0AA1-A8F6-A225-370140E69280" localFKIndex="1713C2A0-FDFD-1BF5-CDBD-594924961C91" name="Results_Race_FK">
<createdBy>haras</createdBy>
<createdTime>2018-11-20 20:18:23 UTC</createdTime>
<generatorID>F2F7A572-0B22-FE84-A570-E888A67FB876</generatorID>
<ownerDesignName>blancpain_gt_series</ownerDesignName>
<referredTableLongName>Race</referredTableLongName>
<deleteRule>NO ACTION</deleteRule>
<referredTableID>A7A112B7-43A7-E0F7-3D73-023B25EF499B</referredTableID>
<keyObject>8C723EA3-D578-4F6D-C757-73277C0E2424</keyObject>
<referredKeyID>8C723EA3-D578-4F6D-C757-73277C0E2424</referredKeyID>
<mandatory>true</mandatory>
<refColNames>session_id</refColNames>
<transferable>true</transferable>
<rely>false</rely>
<columnDependencyConstraintGenerateInDDL>true</columnDependencyConstraintGenerateInDDL>
</FKIndexAssociation>