<?xml version = '1.0' encoding = 'UTF-8'?>
<FKIndexAssociation class="oracle.dbtools.crest.model.design.relational.FKIndexAssociation" directorySegmentName="seg_0" id="2D9E39AC-2476-0803-3C55-C3A8CFEF5A33" containerWithKeyObject="9682C878-9D78-841F-70B6-03890E33DD7F" localFKIndex="AEE61246-7287-76F9-6F79-392E3257BD2D" name="Driver_group_Results_FK">
<createdBy>haras</createdBy>
<createdTime>2018-11-20 20:18:23 UTC</createdTime>
<generatorID>4D4E4DA1-FCC6-A032-5F46-A0CF3005EFFB</generatorID>
<ownerDesignName>blancpain_gt_series</ownerDesignName>
<referredTableLongName>Results</referredTableLongName>
<deleteRule>NO ACTION</deleteRule>
<referredTableID>7B91B4DE-0AA1-A8F6-A225-370140E69280</referredTableID>
<keyObject>AD3AB0FE-849F-7A4C-681C-198FE6FD3709</keyObject>
<referredKeyID>AD3AB0FE-849F-7A4C-681C-198FE6FD3709</referredKeyID>
<mandatory>true</mandatory>
<refColNames>results_id</refColNames>
<transferable>true</transferable>
<rely>false</rely>
<columnDependencyConstraintGenerateInDDL>true</columnDependencyConstraintGenerateInDDL>
</FKIndexAssociation>