<?xml version = '1.0' encoding = 'UTF-8'?>
<FKIndexAssociation class="oracle.dbtools.crest.model.design.relational.FKIndexAssociation" directorySegmentName="seg_0" id="47D8C3AE-3948-6908-F032-CBEBAC7C3523" containerWithKeyObject="A7A112B7-43A7-E0F7-3D73-023B25EF499B" localFKIndex="54FD508F-5B20-0FA3-B868-EBCC6932E45F" name="Race_Session_FK">
<createdBy>haras</createdBy>
<createdTime>2018-11-20 20:18:23 UTC</createdTime>
<generatorID>CEC824D1-C934-E3F1-EC59-45120A24BC43</generatorID>
<ownerDesignName>blancpain_gt_series</ownerDesignName>
<referredTableLongName>Session</referredTableLongName>
<arc>04E7B38F-3D83-C34F-5497-E7F7C7B3E453</arc>
<deleteRule>NO ACTION</deleteRule>
<referredTableID>27123257-B7BE-08E0-0627-CB3FC2B4B735</referredTableID>
<keyObject>83B472D9-0726-BE7D-2E41-AACAFBEFF007</keyObject>
<referredKeyID>83B472D9-0726-BE7D-2E41-AACAFBEFF007</referredKeyID>
<mandatory>true</mandatory>
<refColNames>session_id</refColNames>
<transferable>true</transferable>
<rely>false</rely>
<discriminatorValue>Race</discriminatorValue>
<columnDependencyConstraintGenerateInDDL>true</columnDependencyConstraintGenerateInDDL>
</FKIndexAssociation>