<?xml version = '1.0' encoding = 'UTF-8'?>
<FKIndexAssociation class="oracle.dbtools.crest.model.design.relational.FKIndexAssociation" directorySegmentName="seg_0" id="48D7A4F4-AF18-2839-B651-C3472C00C5DF" containerWithKeyObject="015F2D86-394A-B720-DBB8-6E80D021613A" localFKIndex="ED84EE39-CBFC-0114-EF38-4B289825362A" name="Relation_12_Driver_FK">
<createdBy>haras</createdBy>
<createdTime>2018-11-20 20:18:23 UTC</createdTime>
<generatorID>2F0CFD6F-1D0A-997B-5D9C-79B7975A1318</generatorID>
<ownerDesignName>blancpain_gt_series</ownerDesignName>
<referredTableLongName>Driver</referredTableLongName>
<deleteRule>NO ACTION</deleteRule>
<referredTableID>B39988F0-122B-B5D7-1FFC-4CD75391123A</referredTableID>
<keyObject>42B29710-3822-B2C7-45C1-B0BE5B69CCCF</keyObject>
<referredKeyID>42B29710-3822-B2C7-45C1-B0BE5B69CCCF</referredKeyID>
<mandatory>true</mandatory>
<refColNames>driver_id</refColNames>
<transferable>true</transferable>
<rely>false</rely>
<columnDependencyConstraintGenerateInDDL>true</columnDependencyConstraintGenerateInDDL>
</FKIndexAssociation>