<?xml version = '1.0' encoding = 'UTF-8'?>
<FKIndexAssociation class="oracle.dbtools.crest.model.design.relational.FKIndexAssociation" directorySegmentName="seg_0" id="60632FE9-D386-4FC7-6F8E-D91E8FDA7AB0" containerWithKeyObject="9682C878-9D78-841F-70B6-03890E33DD7F" localFKIndex="78690C36-501C-4F46-9190-98A4A84623CD" name="Driver_group_Driver_FK">
<createdBy>haras</createdBy>
<createdTime>2018-11-20 20:18:23 UTC</createdTime>
<generatorID>2FAD9C2D-C5FA-1D5C-74F3-FDB08B3D20AA</generatorID>
<ownerDesignName>blancpain_gt_series</ownerDesignName>
<referredTableLongName>Driver</referredTableLongName>
<deleteRule>NO ACTION</deleteRule>
<referredTableID>B39988F0-122B-B5D7-1FFC-4CD75391123A</referredTableID>
<keyObject>42B29710-3822-B2C7-45C1-B0BE5B69CCCF</keyObject>
<referredKeyID>42B29710-3822-B2C7-45C1-B0BE5B69CCCF</referredKeyID>
<mandatory>true</mandatory>
<refColNames>driver_id</refColNames>
<transferable>true</transferable>
<rely>false</rely>
<columnDependencyConstraintGenerateInDDL>true</columnDependencyConstraintGenerateInDDL>
</FKIndexAssociation>