<?xml version = '1.0' encoding = 'UTF-8'?>
<FKIndexAssociation class="oracle.dbtools.crest.model.design.relational.FKIndexAssociation" directorySegmentName="seg_0" id="6129BFEB-75A6-11B2-1563-F6561D53EC00" containerWithKeyObject="B39988F0-122B-B5D7-1FFC-4CD75391123A" localFKIndex="D6079DF9-E0E1-E9EE-BC96-80A2B58255E7" name="Driver_Racecar_FK">
<createdBy>haras</createdBy>
<createdTime>2018-11-20 20:18:23 UTC</createdTime>
<generatorID>57F372B6-AAFD-F4E5-D6BE-0F12ABBFDFEC</generatorID>
<ownerDesignName>blancpain_gt_series</ownerDesignName>
<referredTableLongName>Racecar</referredTableLongName>
<deleteRule>NO ACTION</deleteRule>
<referredTableID>127D2DF7-DDF9-4E73-5D97-05B6B5B87613</referredTableID>
<keyObject>8FE676A4-B7F4-FB2A-1C7E-9F1084ED192A</keyObject>
<referredKeyID>8FE676A4-B7F4-FB2A-1C7E-9F1084ED192A</referredKeyID>
<mandatory>true</mandatory>
<refColNames>racecar_id</refColNames>
<transferable>true</transferable>
<rely>false</rely>
<columnDependencyConstraintGenerateInDDL>true</columnDependencyConstraintGenerateInDDL>
</FKIndexAssociation>