<?xml version = '1.0' encoding = 'UTF-8'?>
<FKIndexAssociation class="oracle.dbtools.crest.model.design.relational.FKIndexAssociation" directorySegmentName="seg_0" id="8E88F0EF-FFC0-CD12-6721-2351A6CDF6D2" containerWithKeyObject="DF1884CE-F3F1-209C-ECD4-7B30DEB9DB13" localFKIndex="E25894A3-5775-5B29-E09F-184CC5487590" name="Qualifying_Session_FK">
<createdBy>haras</createdBy>
<createdTime>2018-11-20 20:18:23 UTC</createdTime>
<generatorID>AE5EFA74-D8F8-3E5C-958A-18493E14BC56</generatorID>
<ownerDesignName>blancpain_gt_series</ownerDesignName>
<referredTableLongName>Session</referredTableLongName>
<arc>04E7B38F-3D83-C34F-5497-E7F7C7B3E453</arc>
<deleteRule>NO ACTION</deleteRule>
<referredTableID>27123257-B7BE-08E0-0627-CB3FC2B4B735</referredTableID>
<keyObject>83B472D9-0726-BE7D-2E41-AACAFBEFF007</keyObject>
<referredKeyID>83B472D9-0726-BE7D-2E41-AACAFBEFF007</referredKeyID>
<mandatory>true</mandatory>
<refColNames>session_id</refColNames>
<transferable>true</transferable>
<rely>false</rely>
<discriminatorValue>Qualifying</discriminatorValue>
<columnDependencyConstraintGenerateInDDL>true</columnDependencyConstraintGenerateInDDL>
</FKIndexAssociation>