<?xml version = '1.0' encoding = 'UTF-8'?>
<FKIndexAssociation class="oracle.dbtools.crest.model.design.relational.FKIndexAssociation" directorySegmentName="seg_0" id="8F156DAA-4551-8C4C-3211-B44AB9A44B5C" containerWithKeyObject="7B91B4DE-0AA1-A8F6-A225-370140E69280" localFKIndex="0BCFF6EF-9D56-8A45-C1BF-19C058EB1C92" name="Results_Qualifying_FK">
<createdBy>haras</createdBy>
<createdTime>2018-11-20 20:18:23 UTC</createdTime>
<generatorID>FA2F9AC8-1A4D-8284-63F7-50150C2A193C</generatorID>
<ownerDesignName>blancpain_gt_series</ownerDesignName>
<referredTableLongName>Qualifying</referredTableLongName>
<deleteRule>NO ACTION</deleteRule>
<referredTableID>DF1884CE-F3F1-209C-ECD4-7B30DEB9DB13</referredTableID>
<keyObject>3D62CCB0-03CE-7983-4C5E-D08EF3889D66</keyObject>
<referredKeyID>3D62CCB0-03CE-7983-4C5E-D08EF3889D66</referredKeyID>
<mandatory>true</mandatory>
<refColNames>session_id</refColNames>
<transferable>true</transferable>
<rely>false</rely>
<columnDependencyConstraintGenerateInDDL>true</columnDependencyConstraintGenerateInDDL>
</FKIndexAssociation>