<?xml version = '1.0' encoding = 'UTF-8'?>
<FKIndexAssociation class="oracle.dbtools.crest.model.design.relational.FKIndexAssociation" directorySegmentName="seg_0" id="AD06517A-65B6-FE2F-553B-A45F82168003" containerWithKeyObject="127D2DF7-DDF9-4E73-5D97-05B6B5B87613" localFKIndex="5172DD3F-5EFA-CDD5-27F8-3A2DB306BE0C" name="Racecar_Team_FK">
<createdBy>haras</createdBy>
<createdTime>2018-11-20 20:18:23 UTC</createdTime>
<generatorID>4E82373A-31B5-1269-8ADC-C8DD412AE8AB</generatorID>
<ownerDesignName>blancpain_gt_series</ownerDesignName>
<referredTableLongName>Team</referredTableLongName>
<deleteRule>NO ACTION</deleteRule>
<referredTableID>D615F2AA-0E6E-1D19-B1AB-FE1203851350</referredTableID>
<keyObject>84655C50-D808-CF01-A624-C3012F03CDDA</keyObject>
<referredKeyID>84655C50-D808-CF01-A624-C3012F03CDDA</referredKeyID>
<mandatory>true</mandatory>
<refColNames>team_id</refColNames>
<transferable>true</transferable>
<rely>false</rely>
<columnDependencyConstraintGenerateInDDL>true</columnDependencyConstraintGenerateInDDL>
</FKIndexAssociation>