<?xml version = '1.0' encoding = 'UTF-8'?>
<FKIndexAssociation class="oracle.dbtools.crest.model.design.relational.FKIndexAssociation" directorySegmentName="seg_0" id="AFEA59E8-1386-16EC-8BB0-76BB480188EB" containerWithKeyObject="1C2546CF-189C-9B26-99FE-18930FE94751" localFKIndex="D6C7BFA1-71F3-C3B1-4665-096D1108282F" name="Mechanic_Racecar_FK">
<createdBy>haras</createdBy>
<createdTime>2018-11-20 20:18:23 UTC</createdTime>
<generatorID>6EE76DEA-DD19-A84E-684C-0DE80B13E3AE</generatorID>
<ownerDesignName>blancpain_gt_series</ownerDesignName>
<referredTableLongName>Racecar</referredTableLongName>
<deleteRule>NO ACTION</deleteRule>
<referredTableID>127D2DF7-DDF9-4E73-5D97-05B6B5B87613</referredTableID>
<keyObject>8FE676A4-B7F4-FB2A-1C7E-9F1084ED192A</keyObject>
<referredKeyID>8FE676A4-B7F4-FB2A-1C7E-9F1084ED192A</referredKeyID>
<mandatory>true</mandatory>
<refColNames>racecar_id</refColNames>
<transferable>true</transferable>
<rely>false</rely>
<columnDependencyConstraintGenerateInDDL>true</columnDependencyConstraintGenerateInDDL>
</FKIndexAssociation>