<?xml version = '1.0' encoding = 'UTF-8'?>
<FKIndexAssociation class="oracle.dbtools.crest.model.design.relational.FKIndexAssociation" directorySegmentName="seg_0" id="5E51ECCF-05E9-E797-E6E3-72B6A769B369" containerWithKeyObject="1E3BBD5D-482B-CF8E-4992-01BE74C0B273" localFKIndex="9D4F1853-2913-0B04-D81A-3BAA9CE09382" name="Race_results_Driver_FK">
<createdBy>haras</createdBy>
<createdTime>2018-11-12 15:48:42 UTC</createdTime>
<generatorID>DE0CAD76-F038-0675-D044-7614D9668FBD</generatorID>
<ownerDesignName>blancpain_gt_series</ownerDesignName>
<referredTableLongName>Driver</referredTableLongName>
<deleteRule>NO ACTION</deleteRule>
<referredTableID>E1CCAF7B-6C79-1526-ABCD-2ACCF0D31C3E</referredTableID>
<keyObject>DC4792BC-4435-F98C-B26D-4E147B1EFF6F</keyObject>
<referredKeyID>DC4792BC-4435-F98C-B26D-4E147B1EFF6F</referredKeyID>
<mandatory>true</mandatory>
<refColNames>driver_id</refColNames>
<transferable>true</transferable>
<rely>false</rely>
<columnDependencyConstraintGenerateInDDL>true</columnDependencyConstraintGenerateInDDL>
</FKIndexAssociation>