<?xml version = '1.0' encoding = 'UTF-8'?>
<FKIndexAssociation class="oracle.dbtools.crest.model.design.relational.FKIndexAssociation" directorySegmentName="seg_0" id="68D1B532-E8C2-86F6-81EA-7FBFCED13BF4" containerWithKeyObject="DB6F8F43-3EC7-C985-B737-BE3807480B55" localFKIndex="A2675093-0286-51F0-93A7-22543CE8B91E" name="Qualifying_results_Race_FK">
<createdBy>haras</createdBy>
<createdTime>2018-11-12 15:48:42 UTC</createdTime>
<generatorID>3C0A0826-0C39-3ABF-A6E9-7DDDEA5F9066</generatorID>
<ownerDesignName>blancpain_gt_series</ownerDesignName>
<referredTableLongName>Race</referredTableLongName>
<deleteRule>NO ACTION</deleteRule>
<referredTableID>1FE8BFF8-00D3-FE69-684D-4A8673B75E7B</referredTableID>
<keyObject>B10A72F1-5FB3-3724-5A25-2DEE77E78230</keyObject>
<referredKeyID>B10A72F1-5FB3-3724-5A25-2DEE77E78230</referredKeyID>
<mandatory>true</mandatory>
<refColNames>session_id</refColNames>
<transferable>true</transferable>
<rely>false</rely>
<columnDependencyConstraintGenerateInDDL>true</columnDependencyConstraintGenerateInDDL>
</FKIndexAssociation>