<?xml version = '1.0' encoding = 'UTF-8'?>
<FKIndexAssociation class="oracle.dbtools.crest.model.design.relational.FKIndexAssociation" directorySegmentName="seg_0" id="78E0D763-B508-E7D4-DF6B-63BA0CE7F82B" containerWithKeyObject="DB6F8F43-3EC7-C985-B737-BE3807480B55" localFKIndex="27BB73CE-6428-F78F-8D92-0DCEE5A301CC" name="Qualifying_results_Driver_FK">
<createdBy>haras</createdBy>
<createdTime>2018-11-12 15:48:42 UTC</createdTime>
<generatorID>525EA926-4D08-F1F3-F20D-CFD3180A41E5</generatorID>
<ownerDesignName>blancpain_gt_series</ownerDesignName>
<referredTableLongName>Driver</referredTableLongName>
<deleteRule>NO ACTION</deleteRule>
<referredTableID>E1CCAF7B-6C79-1526-ABCD-2ACCF0D31C3E</referredTableID>
<keyObject>DC4792BC-4435-F98C-B26D-4E147B1EFF6F</keyObject>
<referredKeyID>DC4792BC-4435-F98C-B26D-4E147B1EFF6F</referredKeyID>
<mandatory>true</mandatory>
<refColNames>driver_id</refColNames>
<transferable>true</transferable>
<rely>false</rely>
<columnDependencyConstraintGenerateInDDL>true</columnDependencyConstraintGenerateInDDL>
</FKIndexAssociation>