<?xml version = '1.0' encoding = 'UTF-8'?>
<FKIndexAssociation class="oracle.dbtools.crest.model.design.relational.FKIndexAssociation" directorySegmentName="seg_0" id="9F34B0F7-63BA-8246-0A16-BF623F801DAC" containerWithKeyObject="E1CCAF7B-6C79-1526-ABCD-2ACCF0D31C3E" localFKIndex="510B4696-B6B4-D934-6BF6-A4A0C515D596" name="Driver_Racecar_FK">
<createdBy>haras</createdBy>
<createdTime>2018-11-12 15:48:42 UTC</createdTime>
<generatorID>57F372B6-AAFD-F4E5-D6BE-0F12ABBFDFEC</generatorID>
<ownerDesignName>blancpain_gt_series</ownerDesignName>
<referredTableLongName>Racecar</referredTableLongName>
<deleteRule>NO ACTION</deleteRule>
<referredTableID>62D133CB-C714-A876-3B6A-0FEC365AA929</referredTableID>
<keyObject>020FF1BA-75C5-4FFF-F242-71E255E7F36E</keyObject>
<referredKeyID>020FF1BA-75C5-4FFF-F242-71E255E7F36E</referredKeyID>
<mandatory>true</mandatory>
<refColNames>racecar_id</refColNames>
<transferable>true</transferable>
<rely>false</rely>
<columnDependencyConstraintGenerateInDDL>true</columnDependencyConstraintGenerateInDDL>
</FKIndexAssociation>