<?xml version = '1.0' encoding = 'UTF-8'?>
<Table class="oracle.dbtools.crest.model.design.relational.Table" directorySegmentName="seg_0" id="5DCEB945-3E05-7BD7-525F-0D263E4852A8" name="Race">
<createdBy>haras</createdBy>
<createdTime>2018-11-12 16:26:25 UTC</createdTime>
<generatorID>07B39754-ADB8-1274-3A92-F0A26B99C2E3</generatorID>
<ownerDesignName>blancpain_gt_series</ownerDesignName>
<allowColumnReorder>false</allowColumnReorder>
<existDependencyGenerateInDDl>true</existDependencyGenerateInDDl>
<parsed>true</parsed>
<columns itemClass="oracle.dbtools.crest.model.design.relational.Column">
<Column name="session_id" id="C980EDC7-B023-662A-3E6D-639672B21851">
<createdBy>haras</createdBy>
<createdTime>2018-11-12 16:26:25 UTC</createdTime>
<generatorID>23F3BAFF-F248-B680-951D-282E6F2415A5</generatorID>
<ownerDesignName>blancpain_gt_series</ownerDesignName>
<useDomainConstraints>false</useDomainConstraints>
<use>1</use>
<logicalDatatype>LOGDT011</logicalDatatype>
<ownDataTypeParameters>,,</ownDataTypeParameters>
<autoIncrementCycle>false</autoIncrementCycle>
<associations>
<colAssociation fkAssociation="E392E801-38E0-36F7-65B9-6A2ADDC65B48" referredColumn="FC9F48FF-1C50-9323-B2AD-5F10FEED98AB"/>
</associations>
</Column>
<Column name="formation_lap" id="79A1DD5F-4025-5EB4-AC16-D68A7475E0AF">
<createdBy>haras</createdBy>
<createdTime>2018-11-12 16:26:25 UTC</createdTime>
<generatorID>35D8DB68-B672-C6D9-2E0D-8173875DE214</generatorID>
<ownerDesignName>blancpain_gt_series</ownerDesignName>
<useDomainConstraints>false</useDomainConstraints>
<use>1</use>
<logicalDatatype>LOGDT006</logicalDatatype>
<dataTypeSize>1 CHAR</dataTypeSize>
<ownDataTypeParameters>1 CHAR,,</ownDataTypeParameters>
<autoIncrementCycle>false</autoIncrementCycle>
</Column>
<Column name="laps" id="83019AB6-333C-90BB-B327-C4E53A4D9B32">
<createdBy>haras</createdBy>
<createdTime>2018-11-12 16:26:25 UTC</createdTime>
<generatorID>A3281C2E-26D8-D21E-6ABB-EBA3F36DA5CF</generatorID>
<ownerDesignName>blancpain_gt_series</ownerDesignName>
<useDomainConstraints>false</useDomainConstraints>
<use>1</use>
<logicalDatatype>LOGDT011</logicalDatatype>
<ownDataTypeParameters>,,</ownDataTypeParameters>
<autoIncrementCycle>false</autoIncrementCycle>
</Column>
</columns>
<indexes itemClass="oracle.dbtools.crest.model.design.relational.Index">
<ind_PK_UK id="4EF4E68F-CDBA-00B1-5C6D-25028C34A44E" name="Race_PK">
<createdBy>haras</createdBy>
<createdTime>2018-11-12 16:26:25 UTC</createdTime>
<generatorID>FEFDA260-C700-824B-2969-E081B068BB92</generatorID>
<ownerDesignName>blancpain_gt_series</ownerDesignName>
<pk>true</pk>
<indexState>Primary Constraint</indexState>
<isSurrogateKey>false</isSurrogateKey>
<indexColumnUsage>
<colUsage columnID="C980EDC7-B023-662A-3E6D-639672B21851"/>
</indexColumnUsage>
</ind_PK_UK>
<ind_PK_UK id="3FEBE7CF-F6E6-3996-7F09-63EDC2887637" name="Race_Session_FK">
<createdBy>haras</createdBy>
<createdTime>2018-11-12 16:26:25 UTC</createdTime>
<generatorID>CEC824D1-C934-E3F1-EC59-45120A24BC43</generatorID>
<ownerDesignName>blancpain_gt_series</ownerDesignName>
<indexState>Foreign Key</indexState>
<isSurrogateKey>false</isSurrogateKey>
<indexColumnUsage>
<colUsage columnID="C980EDC7-B023-662A-3E6D-639672B21851"/>
</indexColumnUsage>
</ind_PK_UK>
</indexes>
</Table>