<?xml version = '1.0' encoding = 'UTF-8'?>
<Table class="oracle.dbtools.crest.model.design.relational.Table" directorySegmentName="seg_0" id="5FDBFA3B-8062-C956-24A8-4E80738B3CD9" name="Circuit">
<createdBy>haras</createdBy>
<createdTime>2018-11-12 16:26:24 UTC</createdTime>
<generatorID>6619E1DD-B1FA-81D0-7042-DE2202ED6A80</generatorID>
<ownerDesignName>blancpain_gt_series</ownerDesignName>
<allowColumnReorder>false</allowColumnReorder>
<existDependencyGenerateInDDl>true</existDependencyGenerateInDDl>
<parsed>true</parsed>
<columns itemClass="oracle.dbtools.crest.model.design.relational.Column">
<Column name="circuit_id" id="1C258165-ED2B-1F7E-6A89-46CE2058EFCD">
<createdBy>haras</createdBy>
<createdTime>2018-11-12 16:26:24 UTC</createdTime>
<generatorID>5E3AB018-086A-E519-76D9-990586278E51</generatorID>
<ownerDesignName>blancpain_gt_series</ownerDesignName>
<useDomainConstraints>false</useDomainConstraints>
<use>1</use>
<logicalDatatype>LOGDT011</logicalDatatype>
<ownDataTypeParameters>,,</ownDataTypeParameters>
<autoIncrementCycle>false</autoIncrementCycle>
</Column>
<Column name="name" id="F6426734-EF3B-1185-E274-512C9F1B4103">
<createdBy>haras</createdBy>
<createdTime>2018-11-12 16:26:24 UTC</createdTime>
<generatorID>978948E7-FFE9-F937-A825-ACFAC0CA2F8C</generatorID>
<ownerDesignName>blancpain_gt_series</ownerDesignName>
<useDomainConstraints>false</useDomainConstraints>
<use>1</use>
<logicalDatatype>LOGDT024</logicalDatatype>
<dataTypeSize>200 CHAR</dataTypeSize>
<ownDataTypeParameters>200 CHAR,,</ownDataTypeParameters>
<autoIncrementCycle>false</autoIncrementCycle>
</Column>
<Column name="country" id="C58AA019-53B5-14CC-F8E3-56EA8B110DAF">
<createdBy>haras</createdBy>
<createdTime>2018-11-12 16:26:24 UTC</createdTime>
<generatorID>57A46FE4-EB7A-B0C1-798C-0593979BA9FB</generatorID>
<ownerDesignName>blancpain_gt_series</ownerDesignName>
<useDomainConstraints>false</useDomainConstraints>
<use>1</use>
<logicalDatatype>LOGDT024</logicalDatatype>
<dataTypeSize>200 CHAR</dataTypeSize>
<ownDataTypeParameters>200 CHAR,,</ownDataTypeParameters>
<autoIncrementCycle>false</autoIncrementCycle>
</Column>
<Column name="corners" id="5EA1AE5A-D42D-1FB9-17AC-8DF4B8D02788">
<createdBy>haras</createdBy>
<createdTime>2018-11-12 16:26:24 UTC</createdTime>
<generatorID>6EF8C84A-ED5E-16FE-CFC2-62D95F0B8FB8</generatorID>
<ownerDesignName>blancpain_gt_series</ownerDesignName>
<useDomainConstraints>false</useDomainConstraints>
<use>1</use>
<logicalDatatype>LOGDT011</logicalDatatype>
<ownDataTypeParameters>,,</ownDataTypeParameters>
<autoIncrementCycle>false</autoIncrementCycle>
</Column>
<Column name="length" id="63B627A3-0420-AC18-61C7-BD8013B857A7">
<createdBy>haras</createdBy>
<createdTime>2018-11-12 16:26:24 UTC</createdTime>
<generatorID>F855F2D9-E32F-E97E-6279-B5925342EDA9</generatorID>
<ownerDesignName>blancpain_gt_series</ownerDesignName>
<useDomainConstraints>false</useDomainConstraints>
<use>1</use>
<logicalDatatype>LOGDT011</logicalDatatype>
<ownDataTypeParameters>,,</ownDataTypeParameters>
<autoIncrementCycle>false</autoIncrementCycle>
</Column>
<Column name="viewers_capacity" id="7157D010-C1A2-A4F0-38DF-4C11F8854F81">
<createdBy>haras</createdBy>
<createdTime>2018-11-12 16:26:24 UTC</createdTime>
<generatorID>F0C8BC36-1E7A-0969-A8CE-D00D910B681F</generatorID>
<ownerDesignName>blancpain_gt_series</ownerDesignName>
<nullsAllowed>true</nullsAllowed>
<useDomainConstraints>false</useDomainConstraints>
<use>1</use>
<logicalDatatype>LOGDT011</logicalDatatype>
<ownDataTypeParameters>,,</ownDataTypeParameters>
<autoIncrementCycle>false</autoIncrementCycle>
</Column>
<Column name="car_capacity" id="A138D03B-C467-855F-3AE9-9ECCAF775D4F">
<createdBy>haras</createdBy>
<createdTime>2018-11-12 16:26:24 UTC</createdTime>
<generatorID>5DACE462-1B86-ADB6-6EBA-02C4707CE82B</generatorID>
<ownerDesignName>blancpain_gt_series</ownerDesignName>
<nullsAllowed>true</nullsAllowed>
<useDomainConstraints>false</useDomainConstraints>
<use>1</use>
<logicalDatatype>LOGDT011</logicalDatatype>
<ownDataTypeParameters>,,</ownDataTypeParameters>
<autoIncrementCycle>false</autoIncrementCycle>
</Column>
</columns>
<indexes itemClass="oracle.dbtools.crest.model.design.relational.Index">
<ind_PK_UK id="01D76E03-281B-3975-4E2B-4A4471D28343" name="Circuit_PK">
<createdBy>haras</createdBy>
<createdTime>2018-11-12 16:26:24 UTC</createdTime>
<generatorID>9B02EBB8-680A-1435-D3A8-7FBE624AB905</generatorID>
<ownerDesignName>blancpain_gt_series</ownerDesignName>
<pk>true</pk>
<indexState>Primary Constraint</indexState>
<isSurrogateKey>false</isSurrogateKey>
<indexColumnUsage>
<colUsage columnID="1C258165-ED2B-1F7E-6A89-46CE2058EFCD"/>
</indexColumnUsage>
</ind_PK_UK>
</indexes>
</Table>