<?xml version = '1.0' encoding = 'UTF-8'?>
<Table class="oracle.dbtools.crest.model.design.relational.Table" directorySegmentName="seg_0" id="98E7018B-B232-CFFB-F2FF-CE2719BA56F4" name="Racecar">
<createdBy>haras</createdBy>
<createdTime>2018-11-12 16:26:24 UTC</createdTime>
<generatorID>BC127FEA-E230-551F-1D8D-0530AFA36110</generatorID>
<ownerDesignName>blancpain_gt_series</ownerDesignName>
<allowColumnReorder>false</allowColumnReorder>
<existDependencyGenerateInDDl>true</existDependencyGenerateInDDl>
<parsed>true</parsed>
<columns itemClass="oracle.dbtools.crest.model.design.relational.Column">
<Column name="racecar_id" id="F8378951-0426-6BE3-432B-61B89B384038">
<createdBy>haras</createdBy>
<createdTime>2018-11-12 16:26:24 UTC</createdTime>
<generatorID>91753656-091A-5BA6-51A0-D4C8404A98D0</generatorID>
<ownerDesignName>blancpain_gt_series</ownerDesignName>
<useDomainConstraints>false</useDomainConstraints>
<use>1</use>
<logicalDatatype>LOGDT011</logicalDatatype>
<ownDataTypeParameters>,,</ownDataTypeParameters>
<autoIncrementCycle>false</autoIncrementCycle>
</Column>
<Column name="manufacturer" id="477ADA85-4CD4-7B13-8103-D45A417361F6">
<createdBy>haras</createdBy>
<createdTime>2018-11-12 16:26:24 UTC</createdTime>
<generatorID>B488FB69-3B9F-C40E-FDE5-DEF98AB611FF</generatorID>
<ownerDesignName>blancpain_gt_series</ownerDesignName>
<useDomainConstraints>false</useDomainConstraints>
<use>1</use>
<logicalDatatype>LOGDT024</logicalDatatype>
<dataTypeSize>200 CHAR</dataTypeSize>
<ownDataTypeParameters>200 CHAR,,</ownDataTypeParameters>
<autoIncrementCycle>false</autoIncrementCycle>
</Column>
<Column name="type" id="C1298225-0D72-BEB0-EE66-8F05A173FA16">
<createdBy>haras</createdBy>
<createdTime>2018-11-12 16:26:25 UTC</createdTime>
<generatorID>50C4CB76-45E1-41B7-6D0D-45608B13F4E7</generatorID>
<ownerDesignName>blancpain_gt_series</ownerDesignName>
<useDomainConstraints>false</useDomainConstraints>
<use>1</use>
<logicalDatatype>LOGDT024</logicalDatatype>
<dataTypeSize>200 CHAR</dataTypeSize>
<ownDataTypeParameters>200 CHAR,,</ownDataTypeParameters>
<autoIncrementCycle>false</autoIncrementCycle>
</Column>
<Column name="full_name" id="50FE15BF-B65E-EDED-7F36-A213E55C214A">
<createdBy>haras</createdBy>
<createdTime>2018-11-12 16:26:25 UTC</createdTime>
<generatorID>776C8BDE-0ECC-6B18-D867-D700899CC9BD</generatorID>
<ownerDesignName>blancpain_gt_series</ownerDesignName>
<useDomainConstraints>false</useDomainConstraints>
<use>1</use>
<logicalDatatype>LOGDT024</logicalDatatype>
<dataTypeSize>200 CHAR</dataTypeSize>
<ownDataTypeParameters>200 CHAR,,</ownDataTypeParameters>
<autoIncrementCycle>false</autoIncrementCycle>
</Column>
<Column name="number" id="9CC0E65D-2D50-10A5-D0B0-1400FE81B9FE">
<createdBy>haras</createdBy>
<createdTime>2018-11-12 16:26:25 UTC</createdTime>
<generatorID>D65A95D0-3D3E-063E-0F40-C72E8CF3004F</generatorID>
<ownerDesignName>blancpain_gt_series</ownerDesignName>
<useDomainConstraints>false</useDomainConstraints>
<use>1</use>
<logicalDatatype>LOGDT011</logicalDatatype>
<ownDataTypeParameters>,,</ownDataTypeParameters>
<autoIncrementCycle>false</autoIncrementCycle>
</Column>
<Column name="class" id="243BFF82-4E43-C6A8-B723-C860E8B9F1D8">
<createdBy>haras</createdBy>
<createdTime>2018-11-12 16:26:25 UTC</createdTime>
<generatorID>86F78A99-D992-57B4-256F-53945FDB216A</generatorID>
<ownerDesignName>blancpain_gt_series</ownerDesignName>
<useDomainConstraints>false</useDomainConstraints>
<use>1</use>
<logicalDatatype>LOGDT024</logicalDatatype>
<dataTypeSize>200 CHAR</dataTypeSize>
<ownDataTypeParameters>200 CHAR,,</ownDataTypeParameters>
<autoIncrementCycle>false</autoIncrementCycle>
</Column>
<Column name="power" id="ED7BBE53-79DC-AC48-B1CB-297700CEB9B6">
<createdBy>haras</createdBy>
<createdTime>2018-11-12 16:26:25 UTC</createdTime>
<generatorID>86F776B8-3423-79B1-B12F-FD501F980B0F</generatorID>
<ownerDesignName>blancpain_gt_series</ownerDesignName>
<useDomainConstraints>false</useDomainConstraints>
<use>1</use>
<logicalDatatype>LOGDT011</logicalDatatype>
<ownDataTypeParameters>,,</ownDataTypeParameters>
<autoIncrementCycle>false</autoIncrementCycle>
</Column>
<Column name="weight" id="7E7932A1-A558-28FE-6AF4-D145AE3F1FCC">
<createdBy>haras</createdBy>
<createdTime>2018-11-12 16:26:25 UTC</createdTime>
<generatorID>E81FC77E-1A42-DE13-7382-62C8BA289D19</generatorID>
<ownerDesignName>blancpain_gt_series</ownerDesignName>
<useDomainConstraints>false</useDomainConstraints>
<use>1</use>
<logicalDatatype>LOGDT011</logicalDatatype>
<ownDataTypeParameters>,,</ownDataTypeParameters>
<autoIncrementCycle>false</autoIncrementCycle>
</Column>
<Column name="fuel_tank" id="0D24F410-3FAC-B373-92FB-68A0EC54FCDB">
<createdBy>haras</createdBy>
<createdTime>2018-11-12 16:26:25 UTC</createdTime>
<generatorID>0C26131F-239C-17A7-B0B4-FDE860F01638</generatorID>
<ownerDesignName>blancpain_gt_series</ownerDesignName>
<useDomainConstraints>false</useDomainConstraints>
<use>1</use>
<logicalDatatype>LOGDT011</logicalDatatype>
<ownDataTypeParameters>,,</ownDataTypeParameters>
<autoIncrementCycle>false</autoIncrementCycle>
</Column>
<Column name="front_tyres" id="8ADEDAED-6C92-0EAA-6033-990E4DB78C77">
<createdBy>haras</createdBy>
<createdTime>2018-11-12 16:26:25 UTC</createdTime>
<generatorID>0BDBE719-63BE-EC27-AE21-07676CFC355F</generatorID>
<ownerDesignName>blancpain_gt_series</ownerDesignName>
<nullsAllowed>true</nullsAllowed>
<useDomainConstraints>false</useDomainConstraints>
<use>1</use>
<logicalDatatype>LOGDT024</logicalDatatype>
<dataTypeSize>50 CHAR</dataTypeSize>
<ownDataTypeParameters>50 CHAR,,</ownDataTypeParameters>
<autoIncrementCycle>false</autoIncrementCycle>
</Column>
<Column name="back_tyres" id="E3033ACB-2686-2011-5326-CB4237C10CAE">
<createdBy>haras</createdBy>
<createdTime>2018-11-12 16:26:25 UTC</createdTime>
<generatorID>79574764-3515-CC73-F0FB-AF7647494A62</generatorID>
<ownerDesignName>blancpain_gt_series</ownerDesignName>
<nullsAllowed>true</nullsAllowed>
<useDomainConstraints>false</useDomainConstraints>
<use>1</use>
<logicalDatatype>LOGDT024</logicalDatatype>
<dataTypeSize>50 CHAR</dataTypeSize>
<ownDataTypeParameters>50 CHAR,,</ownDataTypeParameters>
<autoIncrementCycle>false</autoIncrementCycle>
</Column>
<Column name="engine_layout" id="E98D7BCB-199B-0D83-0188-6F02FB3E3974">
<createdBy>haras</createdBy>
<createdTime>2018-11-12 16:26:25 UTC</createdTime>
<generatorID>B1B9D5DA-13F4-323F-4DAA-5A46F51CDABC</generatorID>
<ownerDesignName>blancpain_gt_series</ownerDesignName>
<nullsAllowed>true</nullsAllowed>
<useDomainConstraints>false</useDomainConstraints>
<use>1</use>
<logicalDatatype>LOGDT024</logicalDatatype>
<dataTypeSize>50 CHAR</dataTypeSize>
<ownDataTypeParameters>50 CHAR,,</ownDataTypeParameters>
<autoIncrementCycle>false</autoIncrementCycle>
</Column>
<Column name="displacement" id="1D6D2F1B-756E-F9D6-84D5-5135D6228B7D">
<createdBy>haras</createdBy>
<createdTime>2018-11-12 16:26:25 UTC</createdTime>
<generatorID>70AA3B7E-EAFD-314A-9786-EE844B0603F1</generatorID>
<ownerDesignName>blancpain_gt_series</ownerDesignName>
<nullsAllowed>true</nullsAllowed>
<useDomainConstraints>false</useDomainConstraints>
<use>1</use>
<logicalDatatype>LOGDT011</logicalDatatype>
<ownDataTypeParameters>,,</ownDataTypeParameters>
<autoIncrementCycle>false</autoIncrementCycle>
</Column>
<Column name="length" id="0FA9048A-D6A2-A86E-D100-23AAE78F6CEE">
<createdBy>haras</createdBy>
<createdTime>2018-11-12 16:26:25 UTC</createdTime>
<generatorID>64236B16-D6BA-D3A3-C185-8571905B796E</generatorID>
<ownerDesignName>blancpain_gt_series</ownerDesignName>
<nullsAllowed>true</nullsAllowed>
<useDomainConstraints>false</useDomainConstraints>
<use>1</use>
<logicalDatatype>LOGDT011</logicalDatatype>
<ownDataTypeParameters>,,</ownDataTypeParameters>
<autoIncrementCycle>false</autoIncrementCycle>
</Column>
<Column name="width" id="4A782C28-01E8-202B-FC93-B4C3C42A4BC3">
<createdBy>haras</createdBy>
<createdTime>2018-11-12 16:26:25 UTC</createdTime>
<generatorID>7637B559-8D22-83D2-5453-E5C261F53409</generatorID>
<ownerDesignName>blancpain_gt_series</ownerDesignName>
<nullsAllowed>true</nullsAllowed>
<useDomainConstraints>false</useDomainConstraints>
<use>1</use>
<logicalDatatype>LOGDT011</logicalDatatype>
<ownDataTypeParameters>,,</ownDataTypeParameters>
<autoIncrementCycle>false</autoIncrementCycle>
</Column>
<Column name="wheelbase" id="81234662-B930-42D8-44C6-2804EC4F55AC">
<createdBy>haras</createdBy>
<createdTime>2018-11-12 16:26:25 UTC</createdTime>
<generatorID>7BC579EB-A02E-37D0-0207-FD0C6380390D</generatorID>
<ownerDesignName>blancpain_gt_series</ownerDesignName>
<nullsAllowed>true</nullsAllowed>
<useDomainConstraints>false</useDomainConstraints>
<use>1</use>
<logicalDatatype>LOGDT011</logicalDatatype>
<ownDataTypeParameters>,,</ownDataTypeParameters>
<autoIncrementCycle>false</autoIncrementCycle>
</Column>
<Column name="Team_team_id" id="30AF96CF-CD07-CB5D-6109-EE541304F207">
<createdBy>haras</createdBy>
<createdTime>2018-11-12 16:26:25 UTC</createdTime>
<generatorID>41A7B2F3-6380-777E-DBC2-880D5196F991</generatorID>
<ownerDesignName>blancpain_gt_series</ownerDesignName>
<useDomainConstraints>false</useDomainConstraints>
<use>1</use>
<logicalDatatype>LOGDT011</logicalDatatype>
<ownDataTypeParameters>,,</ownDataTypeParameters>
<previousColumn>false</previousColumn>
<autoIncrementCycle>false</autoIncrementCycle>
<associations>
<colAssociation fkAssociation="8B08B070-5DB7-0643-702E-6C920A238B7D" referredColumn="689DB29C-799F-FED0-ED6E-F3E91EABD5C4"/>
</associations>
</Column>
</columns>
<indexes itemClass="oracle.dbtools.crest.model.design.relational.Index">
<ind_PK_UK id="B407EC2D-6E6D-5647-E82F-0E6373F003F4" name="Racecar_PK">
<createdBy>haras</createdBy>
<createdTime>2018-11-12 16:26:25 UTC</createdTime>
<generatorID>A6EA1E4C-CD44-F930-33BC-8D8F49291EAB</generatorID>
<ownerDesignName>blancpain_gt_series</ownerDesignName>
<pk>true</pk>
<indexState>Primary Constraint</indexState>
<isSurrogateKey>false</isSurrogateKey>
<indexColumnUsage>
<colUsage columnID="F8378951-0426-6BE3-432B-61B89B384038"/>
</indexColumnUsage>
</ind_PK_UK>
<ind_PK_UK id="F3ADA856-DFCB-9F8C-E20C-D9345783CE19" name="Racecar_Team_FK">
<createdBy>haras</createdBy>
<createdTime>2018-11-12 16:26:25 UTC</createdTime>
<generatorID>4E82373A-31B5-1269-8ADC-C8DD412AE8AB</generatorID>
<ownerDesignName>blancpain_gt_series</ownerDesignName>
<indexState>Foreign Key</indexState>
<isSurrogateKey>false</isSurrogateKey>
<indexColumnUsage>
<colUsage columnID="30AF96CF-CD07-CB5D-6109-EE541304F207"/>
</indexColumnUsage>
</ind_PK_UK>
</indexes>
</Table>