<?xml version = '1.0' encoding = 'UTF-8'?>
<Table class="oracle.dbtools.crest.model.design.relational.Table" directorySegmentName="seg_0" id="A3728ED5-47AC-64A8-484C-D878712EE190" name="Session">
<createdBy>haras</createdBy>
<createdTime>2018-11-12 16:26:25 UTC</createdTime>
<generatorID>A5FD008D-48AF-B545-9496-43D9ED2A895F</generatorID>
<ownerDesignName>blancpain_gt_series</ownerDesignName>
<allowColumnReorder>false</allowColumnReorder>
<existDependencyGenerateInDDl>true</existDependencyGenerateInDDl>
<parsed>true</parsed>
<columns itemClass="oracle.dbtools.crest.model.design.relational.Column">
<Column name="session_id" id="FC9F48FF-1C50-9323-B2AD-5F10FEED98AB">
<createdBy>haras</createdBy>
<createdTime>2018-11-12 16:26:25 UTC</createdTime>
<generatorID>23F3BAFF-F248-B680-951D-282E6F2415A5</generatorID>
<ownerDesignName>blancpain_gt_series</ownerDesignName>
<useDomainConstraints>false</useDomainConstraints>
<use>1</use>
<logicalDatatype>LOGDT011</logicalDatatype>
<ownDataTypeParameters>,,</ownDataTypeParameters>
<autoIncrementCycle>false</autoIncrementCycle>
</Column>
<Column name="name" id="A43D0877-98C6-8A37-16D5-9471F67491A8">
<createdBy>haras</createdBy>
<createdTime>2018-11-12 16:26:25 UTC</createdTime>
<generatorID>96C0FBA4-850A-EE7C-5CE5-7C7631EFCB82</generatorID>
<ownerDesignName>blancpain_gt_series</ownerDesignName>
<useDomainConstraints>false</useDomainConstraints>
<use>1</use>
<logicalDatatype>LOGDT024</logicalDatatype>
<dataTypeSize>200 CHAR</dataTypeSize>
<ownDataTypeParameters>200 CHAR,,</ownDataTypeParameters>
<autoIncrementCycle>false</autoIncrementCycle>
</Column>
<Column name="begin_date" id="C7FF860A-CE60-5E90-2F0C-82AA59DC9215">
<createdBy>haras</createdBy>
<createdTime>2018-11-12 16:26:25 UTC</createdTime>
<generatorID>95668FEB-4E6E-E98C-9215-25C27F7D3FF0</generatorID>
<ownerDesignName>blancpain_gt_series</ownerDesignName>
<useDomainConstraints>false</useDomainConstraints>
<use>1</use>
<logicalDatatype>LOGDT007</logicalDatatype>
<ownDataTypeParameters>,,</ownDataTypeParameters>
<autoIncrementCycle>false</autoIncrementCycle>
</Column>
<Column name="end_date" id="22637AF6-5194-8443-F794-10C64165EE01">
<createdBy>haras</createdBy>
<createdTime>2018-11-12 16:26:25 UTC</createdTime>
<generatorID>F894F82C-9DED-227E-07A4-61921FC25764</generatorID>
<ownerDesignName>blancpain_gt_series</ownerDesignName>
<useDomainConstraints>false</useDomainConstraints>
<use>1</use>
<logicalDatatype>LOGDT007</logicalDatatype>
<ownDataTypeParameters>,,</ownDataTypeParameters>
<autoIncrementCycle>false</autoIncrementCycle>
</Column>
<Column name="Circuit_circuit_id" id="4CD7B4F0-BFAF-6994-0A81-8D5AA3AD2C5B">
<createdBy>haras</createdBy>
<createdTime>2018-11-12 16:26:25 UTC</createdTime>
<generatorID>36EB2F66-7ABC-6056-2768-E3A8AF14F7BE</generatorID>
<ownerDesignName>blancpain_gt_series</ownerDesignName>
<useDomainConstraints>false</useDomainConstraints>
<use>1</use>
<logicalDatatype>LOGDT011</logicalDatatype>
<ownDataTypeParameters>,,</ownDataTypeParameters>
<previousColumn>false</previousColumn>
<autoIncrementCycle>false</autoIncrementCycle>
<associations>
<colAssociation fkAssociation="311BFC98-AA70-01BC-1918-988A3114F5CE" referredColumn="1C258165-ED2B-1F7E-6A89-46CE2058EFCD"/>
</associations>
</Column>
</columns>
<indexes itemClass="oracle.dbtools.crest.model.design.relational.Index">
<ind_PK_UK id="9EA5D740-E894-619D-0C80-3725D61444AF" name="Session_PK">
<createdBy>haras</createdBy>
<createdTime>2018-11-12 16:26:25 UTC</createdTime>
<generatorID>FEFDA260-C700-824B-2969-E081B068BB92</generatorID>
<ownerDesignName>blancpain_gt_series</ownerDesignName>
<pk>true</pk>
<indexState>Primary Constraint</indexState>
<isSurrogateKey>false</isSurrogateKey>
<indexColumnUsage>
<colUsage columnID="FC9F48FF-1C50-9323-B2AD-5F10FEED98AB"/>
</indexColumnUsage>
</ind_PK_UK>
<ind_PK_UK id="0835CEC6-C621-CEF2-F5DD-1D6E3E7FEA97" name="Session_Circuit_FK">
<createdBy>haras</createdBy>
<createdTime>2018-11-12 16:26:25 UTC</createdTime>
<generatorID>4A1CBB56-472F-E1E0-B694-2F330583283B</generatorID>
<ownerDesignName>blancpain_gt_series</ownerDesignName>
<indexState>Foreign Key</indexState>
<isSurrogateKey>false</isSurrogateKey>
<indexColumnUsage>
<colUsage columnID="4CD7B4F0-BFAF-6994-0A81-8D5AA3AD2C5B"/>
</indexColumnUsage>
</ind_PK_UK>
</indexes>
</Table>