<?xml version = '1.0' encoding = 'UTF-8'?>
<Table class="oracle.dbtools.crest.model.design.relational.Table" directorySegmentName="seg_0" id="C0BC883C-6393-1CE6-CF61-2C5EE60F5C7C" name="Race_results">
<createdBy>haras</createdBy>
<createdTime>2018-11-12 16:26:24 UTC</createdTime>
<generatorID>5703D5F6-C2DD-CD75-E0D4-50225997F097</generatorID>
<ownerDesignName>blancpain_gt_series</ownerDesignName>
<allowColumnReorder>false</allowColumnReorder>
<existDependencyGenerateInDDl>true</existDependencyGenerateInDDl>
<parsed>true</parsed>
<columns itemClass="oracle.dbtools.crest.model.design.relational.Column">
<Column name="result_id" id="498622BE-BF89-C13C-A8DA-24B4B3568C71">
<createdBy>haras</createdBy>
<createdTime>2018-11-12 16:26:24 UTC</createdTime>
<generatorID>A445B2BF-F494-0FAC-0362-69835524E698</generatorID>
<ownerDesignName>blancpain_gt_series</ownerDesignName>
<useDomainConstraints>false</useDomainConstraints>
<use>1</use>
<logicalDatatype>LOGDT011</logicalDatatype>
<ownDataTypeParameters>,,</ownDataTypeParameters>
<autoIncrementCycle>false</autoIncrementCycle>
</Column>
<Column name="Driver_driver_id" id="528AA4BE-C736-3EBB-853E-43EE2BDF7B99">
<createdBy>haras</createdBy>
<createdTime>2018-11-12 16:26:24 UTC</createdTime>
<generatorID>05AF672A-F5AF-5ADF-AC58-0B80A3D58B78</generatorID>
<ownerDesignName>blancpain_gt_series</ownerDesignName>
<useDomainConstraints>false</useDomainConstraints>
<use>1</use>
<logicalDatatype>LOGDT011</logicalDatatype>
<ownDataTypeParameters>,,</ownDataTypeParameters>
<previousColumn>false</previousColumn>
<autoIncrementCycle>false</autoIncrementCycle>
<associations>
<colAssociation fkAssociation="9B8D2E79-3085-C6F3-A351-9C112566E61E" referredColumn="587C0FBE-6805-891B-4B30-197D0D875814"/>
</associations>
</Column>
<Column name="Race_session_id" id="936B0070-8A24-86FD-A10B-637C2F861A82">
<createdBy>haras</createdBy>
<createdTime>2018-11-12 16:26:24 UTC</createdTime>
<generatorID>1BB4A5AA-6557-9AAA-3C70-E6D6A2B15663</generatorID>
<ownerDesignName>blancpain_gt_series</ownerDesignName>
<useDomainConstraints>false</useDomainConstraints>
<use>1</use>
<logicalDatatype>LOGDT011</logicalDatatype>
<ownDataTypeParameters>,,</ownDataTypeParameters>
<previousColumn>false</previousColumn>
<autoIncrementCycle>false</autoIncrementCycle>
<associations>
<colAssociation fkAssociation="AAC997A1-68F1-EEBA-D323-F45855C9975C" referredColumn="C980EDC7-B023-662A-3E6D-639672B21851"/>
</associations>
</Column>
<Column name="place" id="CEA0BC57-E37C-DE27-7148-49AF33F4AF50">
<createdBy>haras</createdBy>
<createdTime>2018-11-12 16:26:24 UTC</createdTime>
<generatorID>4A2C3F59-7447-33A6-AA3C-FB0632C6D2C3</generatorID>
<ownerDesignName>blancpain_gt_series</ownerDesignName>
<useDomainConstraints>false</useDomainConstraints>
<use>1</use>
<logicalDatatype>LOGDT011</logicalDatatype>
<ownDataTypeParameters>,,</ownDataTypeParameters>
<autoIncrementCycle>false</autoIncrementCycle>
</Column>
<Column name="incident_points" id="7964B743-5B28-7928-7024-0E01501CEEF0">
<createdBy>haras</createdBy>
<createdTime>2018-11-12 16:26:24 UTC</createdTime>
<generatorID>D9803D2D-167C-FFF4-B347-10229C358282</generatorID>
<ownerDesignName>blancpain_gt_series</ownerDesignName>
<useDomainConstraints>false</useDomainConstraints>
<use>1</use>
<logicalDatatype>LOGDT011</logicalDatatype>
<ownDataTypeParameters>,,</ownDataTypeParameters>
<autoIncrementCycle>false</autoIncrementCycle>
</Column>
<Column name="points" id="F4FACCA7-1F33-E5BC-9FE1-4AE99E541CB7">
<createdBy>haras</createdBy>
<createdTime>2018-11-12 16:26:24 UTC</createdTime>
<generatorID>72F8B43C-52C8-420D-5F88-9F7141541B1B</generatorID>
<ownerDesignName>blancpain_gt_series</ownerDesignName>
<useDomainConstraints>false</useDomainConstraints>
<use>1</use>
<logicalDatatype>LOGDT011</logicalDatatype>
<ownDataTypeParameters>,,</ownDataTypeParameters>
<autoIncrementCycle>false</autoIncrementCycle>
</Column>
</columns>
<indexes itemClass="oracle.dbtools.crest.model.design.relational.Index">
<ind_PK_UK id="5FF1157E-EB9F-3C0E-9C0D-AE280609D18A" name="Race_results_PK">
<createdBy>haras</createdBy>
<createdTime>2018-11-12 16:26:24 UTC</createdTime>
<generatorID>F44C84AF-AFF4-5616-1EEB-AABD20005C81</generatorID>
<ownerDesignName>blancpain_gt_series</ownerDesignName>
<pk>true</pk>
<indexState>Primary Constraint</indexState>
<isSurrogateKey>false</isSurrogateKey>
<indexColumnUsage>
<colUsage columnID="498622BE-BF89-C13C-A8DA-24B4B3568C71"/>
</indexColumnUsage>
</ind_PK_UK>
<ind_PK_UK id="98BC9197-9E1E-E760-217B-C7895709AD4E" name="Race_results_Driver_FK">
<createdBy>haras</createdBy>
<createdTime>2018-11-12 16:26:25 UTC</createdTime>
<generatorID>DE0CAD76-F038-0675-D044-7614D9668FBD</generatorID>
<ownerDesignName>blancpain_gt_series</ownerDesignName>
<indexState>Foreign Key</indexState>
<isSurrogateKey>false</isSurrogateKey>
<indexColumnUsage>
<colUsage columnID="528AA4BE-C736-3EBB-853E-43EE2BDF7B99"/>
</indexColumnUsage>
</ind_PK_UK>
<ind_PK_UK id="37F2F8AF-A56B-BCCB-6164-DECECD666A3E" name="Race_results_Race_FK">
<createdBy>haras</createdBy>
<createdTime>2018-11-12 16:26:25 UTC</createdTime>
<generatorID>C0DED174-E05E-2C50-8244-89B5DECDF3AB</generatorID>
<ownerDesignName>blancpain_gt_series</ownerDesignName>
<indexState>Foreign Key</indexState>
<isSurrogateKey>false</isSurrogateKey>
<indexColumnUsage>
<colUsage columnID="936B0070-8A24-86FD-A10B-637C2F861A82"/>
</indexColumnUsage>
</ind_PK_UK>
</indexes>
</Table>