<?xml version = '1.0' encoding = 'UTF-8'?>
<Relation class="oracle.dbtools.crest.model.design.logical.Relation" name="qualifying_qualifying_results" directorySegmentName="seg_0" id="1D001B4F-E424-E471-7051-99010EF35347">
<createdBy>harasiva</createdBy>
<createdTime>2018-11-07 07:57:59 UTC</createdTime>
<ownerDesignName>blancpain_gt_series</ownerDesignName>
<engineerTo>
<item key="1B8632C1-662A-1051-B5F6-ABE2B3EC7A63" value="true"/>
</engineerTo>
<sourcePk>FEFDA260-C700-824B-2969-E081B068BB92</sourcePk>
<identifying>false</identifying>
<nameOnSource>has results</nameOnSource>
<nameOnTarget>results of qualifying</nameOnTarget>
<optionalSource>true</optionalSource>
<optionalTarget>false</optionalTarget>
<sourceCardinality>1</sourceCardinality>
<sourceEntity>A4A39890-C0EB-A13F-33EB-7F51CE94E3F0</sourceEntity>
<targetCardinalityString>*</targetCardinalityString>
<targetEntity>3AFE980E-F2CF-6DB5-7DD1-FFA78CA9C35F</targetEntity>
<transferable>true</transferable>
<deleteRule>NO ACTION</deleteRule>
</Relation>