<?xml version = '1.0' encoding = 'UTF-8'?>
<Relation class="oracle.dbtools.crest.model.design.logical.Relation" name="Driver_driver_group" directorySegmentName="seg_0" id="1ECFEBAA-CB5E-FF25-1C2C-4A1F9B96169F">
<createdBy>harasiva</createdBy>
<createdTime>2018-11-21 07:03:53 UTC</createdTime>
<ownerDesignName>blancpain_gt_series</ownerDesignName>
<engineerTo>
<item key="D408453D-4BC9-6C18-2256-62093C7EF6D2" value="true"/>
</engineerTo>
<identifying>false</identifying>
<nameOnTarget>is made of</nameOnTarget>
<optionalSource>true</optionalSource>
<optionalTarget>false</optionalTarget>
<sourceCardinality>*</sourceCardinality>
<sourceEntity>0CAB07AA-7CF9-3A5B-D286-A68E0CECFBF8</sourceEntity>
<targetCardinalityString>*</targetCardinalityString>
<targetEntity>6BC02C5B-75DF-D46C-E7FD-7E9C5EF46008</targetEntity>
<transferable>true</transferable>
<deleteRule>NO ACTION</deleteRule>
</Relation>