<?xml version = '1.0' encoding = 'UTF-8'?>
<Relation class="oracle.dbtools.crest.model.design.logical.Relation" name="Circuit_sponsor" directorySegmentName="seg_0" id="2D479DDB-DF3F-84BA-446B-2A288EBF12F7">
<createdBy>haras</createdBy>
<createdTime>2018-11-20 19:52:49 UTC</createdTime>
<ownerDesignName>blancpain_gt_series</ownerDesignName>
<engineerTo>
<item key="D408453D-4BC9-6C18-2256-62093C7EF6D2" value="true"/>
</engineerTo>
<identifying>false</identifying>
<nameOnTarget>is sponsored by</nameOnTarget>
<optionalSource>true</optionalSource>
<optionalTarget>true</optionalTarget>
<sourceCardinality>*</sourceCardinality>
<sourceEntity>BB6F04C5-0C53-26D1-0BE8-B75D99F3030A</sourceEntity>
<targetCardinalityString>*</targetCardinalityString>
<targetEntity>6619E1DD-B1FA-81D0-7042-DE2202ED6A80</targetEntity>
<transferable>true</transferable>
<deleteRule>NO ACTION</deleteRule>
</Relation>