<?xml version = '1.0' encoding = 'UTF-8'?>
<Relation class="oracle.dbtools.crest.model.design.logical.Relation" name="Driver_sponsor" directorySegmentName="seg_0" id="2F0CFD6F-1D0A-997B-5D9C-79B7975A1318">
<createdBy>haras</createdBy>
<createdTime>2018-11-20 19:53:34 UTC</createdTime>
<ownerDesignName>blancpain_gt_series</ownerDesignName>
<engineerTo>
<item key="D408453D-4BC9-6C18-2256-62093C7EF6D2" value="true"/>
</engineerTo>
<identifying>false</identifying>
<nameOnSource>is sponsored by</nameOnSource>
<optionalSource>true</optionalSource>
<optionalTarget>true</optionalTarget>
<sourceCardinality>*</sourceCardinality>
<sourceEntity>0CAB07AA-7CF9-3A5B-D286-A68E0CECFBF8</sourceEntity>
<targetCardinalityString>*</targetCardinalityString>
<targetEntity>BB6F04C5-0C53-26D1-0BE8-B75D99F3030A</targetEntity>
<transferable>true</transferable>
<deleteRule>NO ACTION</deleteRule>
</Relation>