<?xml version = '1.0' encoding = 'UTF-8'?>
<Relation class="oracle.dbtools.crest.model.design.logical.Relation" name="Relation_15" directorySegmentName="seg_0" id="2FAD9C2D-C5FA-1D5C-74F3-FDB08B3D20AA">
<createdBy>ivanharasta</createdBy>
<createdTime>2018-11-20 14:50:28 UTC</createdTime>
<ownerDesignName>blancpain_gt_series</ownerDesignName>
<engineerTo>
<item key="D408453D-4BC9-6C18-2256-62093C7EF6D2" value="true"/>
</engineerTo>
<sourcePk>43DD188E-EBE9-7FFE-9299-2DBFAEDDFCBD</sourcePk>
<identifying>false</identifying>
<nameOnSource>make</nameOnSource>
<nameOnTarget>is made of</nameOnTarget>
<optionalSource>true</optionalSource>
<optionalTarget>false</optionalTarget>
<sourceCardinality>1</sourceCardinality>
<sourceEntity>0CAB07AA-7CF9-3A5B-D286-A68E0CECFBF8</sourceEntity>
<targetCardinalityString>*</targetCardinalityString>
<targetEntity>6BC02C5B-75DF-D46C-E7FD-7E9C5EF46008</targetEntity>
<transferable>true</transferable>
<deleteRule>NO ACTION</deleteRule>
</Relation>