<?xml version = '1.0' encoding = 'UTF-8'?>
<Relation class="oracle.dbtools.crest.model.design.logical.Relation" name="Qualifying_results_race" directorySegmentName="seg_0" id="3C0A0826-0C39-3ABF-A6E9-7DDDEA5F9066">
<createdBy>harasiva</createdBy>
<createdTime>2018-11-07 07:59:01 UTC</createdTime>
<ownerDesignName>blancpain_gt_series</ownerDesignName>
<engineerTo>
<item key="1B8632C1-662A-1051-B5F6-ABE2B3EC7A63" value="true"/>
</engineerTo>
<sourcePk>FEFDA260-C700-824B-2969-E081B068BB92</sourcePk>
<identifying>false</identifying>
<nameOnSource>has generated grid</nameOnSource>
<nameOnTarget>generates grid</nameOnTarget>
<optionalSource>true</optionalSource>
<optionalTarget>false</optionalTarget>
<sourceCardinality>1</sourceCardinality>
<sourceEntity>07B39754-ADB8-1274-3A92-F0A26B99C2E3</sourceEntity>
<targetCardinalityString>*</targetCardinalityString>
<targetEntity>3AFE980E-F2CF-6DB5-7DD1-FFA78CA9C35F</targetEntity>
<transferable>true</transferable>
<deleteRule>NO ACTION</deleteRule>
</Relation>