<?xml version = '1.0' encoding = 'UTF-8'?>
<Relation class="oracle.dbtools.crest.model.design.logical.Relation" name="Driver_Stint" directorySegmentName="seg_0" id="4159435A-4CA0-0D04-B8E1-381CBFD85E12">
<createdBy>haras</createdBy>
<createdTime>2018-11-12 17:39:56 UTC</createdTime>
<ownerDesignName>blancpain_gt_series</ownerDesignName>
<engineerTo>
<item key="96FA102A-F7F3-FF04-D92E-F1DD00D7623F" value="true"/>
</engineerTo>
<sourcePk>43DD188E-EBE9-7FFE-9299-2DBFAEDDFCBD</sourcePk>
<identifying>false</identifying>
<nameOnSource>drives</nameOnSource>
<nameOnTarget>is driven by</nameOnTarget>
<optionalSource>true</optionalSource>
<optionalTarget>false</optionalTarget>
<sourceCardinality>1</sourceCardinality>
<sourceEntity>0CAB07AA-7CF9-3A5B-D286-A68E0CECFBF8</sourceEntity>
<targetCardinalityString>*</targetCardinalityString>
<targetEntity>5E0FB047-3341-1BA5-969D-DE0929C61850</targetEntity>
<transferable>true</transferable>
<deleteRule>NO ACTION</deleteRule>
</Relation>