<?xml version = '1.0' encoding = 'UTF-8'?>
<Relation class="oracle.dbtools.crest.model.design.logical.Relation" name="Relation_16" directorySegmentName="seg_0" id="4D4E4DA1-FCC6-A032-5F46-A0CF3005EFFB">
<createdBy>ivanharasta</createdBy>
<createdTime>2018-11-20 14:50:34 UTC</createdTime>
<ownerDesignName>blancpain_gt_series</ownerDesignName>
<engineerTo>
<item key="D408453D-4BC9-6C18-2256-62093C7EF6D2" value="true"/>
</engineerTo>
<sourcePk>0DFE1A38-1CCB-9F2F-4160-02CB9EE06236</sourcePk>
<identifying>false</identifying>
<nameOnSource>of drivers group</nameOnSource>
<nameOnTarget>competes in session</nameOnTarget>
<optionalSource>true</optionalSource>
<optionalTarget>false</optionalTarget>
<sourceCardinality>1</sourceCardinality>
<sourceEntity>1242C64D-B469-A2CA-D098-6CF8F5502364</sourceEntity>
<targetCardinalityString>*</targetCardinalityString>
<targetEntity>6BC02C5B-75DF-D46C-E7FD-7E9C5EF46008</targetEntity>
<transferable>true</transferable>
<deleteRule>NO ACTION</deleteRule>
</Relation>