<?xml version = '1.0' encoding = 'UTF-8'?>
<Relation class="oracle.dbtools.crest.model.design.logical.Relation" name="team_racecar" directorySegmentName="seg_0" id="4E82373A-31B5-1269-8ADC-C8DD412AE8AB">
<createdBy>harasiva</createdBy>
<createdTime>2018-11-07 07:02:26 UTC</createdTime>
<ownerDesignName>blancpain_gt_series</ownerDesignName>
<engineerTo>
<item key="9DBCFA89-0E93-1BFE-DAC2-B94310D3861E" value="true"/>
</engineerTo>
<sourcePk>8B41C6B5-B5C2-076E-33CA-DE77AE9B02D2</sourcePk>
<identifying>false</identifying>
<nameOnSource>owns</nameOnSource>
<nameOnTarget>belongs to</nameOnTarget>
<optionalSource>true</optionalSource>
<optionalTarget>false</optionalTarget>
<sourceCardinality>1</sourceCardinality>
<sourceEntity>E257AF62-98DA-6173-6933-8AF51093B698</sourceEntity>
<targetCardinalityString>*</targetCardinalityString>
<targetEntity>BC127FEA-E230-551F-1D8D-0530AFA36110</targetEntity>
<transferable>true</transferable>
<deleteRule>NO ACTION</deleteRule>
</Relation>