<?xml version = '1.0' encoding = 'UTF-8'?>
<Relation class="oracle.dbtools.crest.model.design.logical.Relation" name="racecar_driver" directorySegmentName="seg_0" id="57F372B6-AAFD-F4E5-D6BE-0F12ABBFDFEC">
<createdBy>harasiva</createdBy>
<createdTime>2018-11-07 07:08:51 UTC</createdTime>
<ownerDesignName>blancpain_gt_series</ownerDesignName>
<engineerTo>
<item key="9DBCFA89-0E93-1BFE-DAC2-B94310D3861E" value="true"/>
</engineerTo>
<sourcePk>A6EA1E4C-CD44-F930-33BC-8D8F49291EAB</sourcePk>
<identifying>false</identifying>
<nameOnSource>is driven by</nameOnSource>
<nameOnTarget>drives</nameOnTarget>
<optionalSource>true</optionalSource>
<optionalTarget>false</optionalTarget>
<sourceCardinality>1</sourceCardinality>
<sourceEntity>BC127FEA-E230-551F-1D8D-0530AFA36110</sourceEntity>
<targetCardinalityString>*</targetCardinalityString>
<targetEntity>0CAB07AA-7CF9-3A5B-D286-A68E0CECFBF8</targetEntity>
<transferable>true</transferable>
<deleteRule>NO ACTION</deleteRule>
</Relation>