<?xml version = '1.0' encoding = 'UTF-8'?>
<Relation class="oracle.dbtools.crest.model.design.logical.Relation" name="Mechanic_racecar" directorySegmentName="seg_0" id="6EE76DEA-DD19-A84E-684C-0DE80B13E3AE">
<createdBy>haras</createdBy>
<createdTime>2018-11-20 19:47:56 UTC</createdTime>
<ownerDesignName>blancpain_gt_series</ownerDesignName>
<engineerTo>
<item key="4D4ECF18-1E85-595E-1D10-9B679D903231" value="true"/>
</engineerTo>
<identifying>false</identifying>
<nameOnTarget>works on</nameOnTarget>
<optionalSource>true</optionalSource>
<optionalTarget>false</optionalTarget>
<sourceCardinality>*</sourceCardinality>
<sourceEntity>BC127FEA-E230-551F-1D8D-0530AFA36110</sourceEntity>
<targetCardinalityString>*</targetCardinalityString>
<targetEntity>9D6C5B96-3CAD-A186-2322-7DD77D7D55EF</targetEntity>
<transferable>true</transferable>
<deleteRule>NO ACTION</deleteRule>
</Relation>