<?xml version = '1.0' encoding = 'UTF-8'?>
<Relation class="oracle.dbtools.crest.model.design.logical.Relation" name="Relation_10" directorySegmentName="seg_0" id="6EE76DEA-DD19-A84E-684C-0DE80B13E3AE">
<createdBy>haras</createdBy>
<createdTime>2018-11-20 19:47:56 UTC</createdTime>
<ownerDesignName>blancpain_gt_series</ownerDesignName>
<engineerTo>
<item key="D408453D-4BC9-6C18-2256-62093C7EF6D2" value="true"/>
</engineerTo>
<sourcePk>8B41C6B5-B5C2-076E-33CA-DE77AE9B02D2</sourcePk>
<identifying>false</identifying>
<nameOnTarget>works on</nameOnTarget>
<optionalSource>true</optionalSource>
<optionalTarget>false</optionalTarget>
<sourceCardinality>1</sourceCardinality>
<sourceEntity>BC127FEA-E230-551F-1D8D-0530AFA36110</sourceEntity>
<targetCardinalityString>*</targetCardinalityString>
<targetEntity>9D6C5B96-3CAD-A186-2322-7DD77D7D55EF</targetEntity>
<transferable>true</transferable>
<deleteRule>NO ACTION</deleteRule>
</Relation>