<?xml version = '1.0' encoding = 'UTF-8'?>
<relationalModel class="oracle.dbtools.crest.model.design.relational.RelationalDesign" name="Relational_1" id="4D4ECF18-1E85-595E-1D10-9B679D903231" mainViewID="2337CBCE-7455-C747-B1E2-9AAFB9601070">
<createdBy>ivanharasta</createdBy>
<createdTime>2018-11-28 10:34:41 UTC</createdTime>
<ownerDesignName>blancpain_gt_series</ownerDesignName>
<shouldBeOpen>false</shouldBeOpen>
<selectedRDBMSSite>32076570-2523-435C-2E92-BF29817DFF70</selectedRDBMSSite>
</relationalModel>