<?xml version = '1.0' encoding = 'UTF-8'?>
<relationalModel class="oracle.dbtools.crest.model.design.relational.RelationalDesign" name="Relational_1" id="96FA102A-F7F3-FF04-D92E-F1DD00D7623F" mainViewID="32E759C8-C20D-E719-8B1B-C436A9ACD555">
<createdBy>haras</createdBy>
<createdTime>2018-11-12 17:56:24 UTC</createdTime>
<ownerDesignName>blancpain_gt_series</ownerDesignName>
<shouldBeOpen>false</shouldBeOpen>
<selectedRDBMSSite>32076570-2523-435C-2E92-BF29817DFF70</selectedRDBMSSite>
</relationalModel>