<?xml version = '1.0' encoding = 'UTF-8'?>
<relationalModel class="oracle.dbtools.crest.model.design.relational.RelationalDesign" name="Relational_1" id="A942AD3D-E449-25BE-50E1-7A58369F666B" mainViewID="82A7D01E-D9F0-517B-7B69-8A03150058B6">
<createdBy>haras</createdBy>
<createdTime>2018-11-12 16:26:18 UTC</createdTime>
<ownerDesignName>blancpain_gt_series</ownerDesignName>
<shouldBeOpen>false</shouldBeOpen>
<selectedRDBMSSite>32076570-2523-435C-2E92-BF29817DFF70</selectedRDBMSSite>
</relationalModel>