<?xml version = '1.0' encoding = 'UTF-8'?>
<relationalModel class="oracle.dbtools.crest.model.design.relational.RelationalDesign" name="Relational_1" id="D408453D-4BC9-6C18-2256-62093C7EF6D2" mainViewID="F5BFAA4F-12BC-E7C8-0910-7BF3EB304518">
<createdBy>ivanharasta</createdBy>
<createdTime>2018-11-20 15:20:50 UTC</createdTime>
<ownerDesignName>blancpain_gt_series</ownerDesignName>
<shouldBeOpen>false</shouldBeOpen>
<selectedRDBMSSite>32076570-2523-435C-2E92-BF29817DFF70</selectedRDBMSSite>
</relationalModel>