<?xml version = '1.0' encoding = 'UTF-8'?>
<Diagram class="oracle.dbtools.crest.swingui.logical.DPVLogical" name="Logical" id="3747141A-1E49-FF85-F695-9F52F52F90EE">
<createdBy>harasiva</createdBy>
<modifiedBy>harasiva</modifiedBy>
<createdTime>2018-11-07 06:40:16 UTC</createdTime>
<autoRoute>false</autoRoute>
<boxInbox>true</boxInbox>
<showLegend>false</showLegend>
<showLabels>true</showLabels>
<showRelAttributes>true</showRelAttributes>
<gridEnabled>false</gridEnabled>
<showGrid>false</showGrid>
<diagramColor>-1</diagramColor>
<display>false</display>
<notation>1</notation>
<showComments>true</showComments>
<objectViews>
<OView class="oracle.dbtools.crest.swingui.logical.TVEntity" oid="07B39754-ADB8-1274-3A92-F0A26B99C2E3" otype="Entity" vid="A0D7F67F-3E10-0E21-B428-8A75E56E189D">
<hideElementsInCurrentOnly>false</hideElementsInCurrentOnly>
<bounds x="953" y="368" width="150" height="90"/>
</OView>
<OView class="oracle.dbtools.crest.swingui.logical.TVEntity" oid="0CAB07AA-7CF9-3A5B-D286-A68E0CECFBF8" otype="Entity" vid="1EC371A1-2454-F13F-DFF9-4C8F93FB6352">
<hideElementsInCurrentOnly>false</hideElementsInCurrentOnly>
<bounds x="319" y="906" width="170" height="127"/>
</OView>
<OView class="oracle.dbtools.crest.swingui.logical.TVEntity" oid="1242C64D-B469-A2CA-D098-6CF8F5502364" otype="Entity" vid="1CEF6FB2-E669-1CB5-5138-3FBD402BF3CB">
<hideElementsInCurrentOnly>false</hideElementsInCurrentOnly>
<bounds x="596" y="114" width="178" height="137"/>
</OView>
<OView class="oracle.dbtools.crest.swingui.logical.TVEntity" oid="6619E1DD-B1FA-81D0-7042-DE2202ED6A80" otype="Entity" vid="5727806B-1491-F1A7-AEA9-270C5E0D6ED2">
<hideElementsInCurrentOnly>false</hideElementsInCurrentOnly>
<bounds x="1209" y="126" width="170" height="126"/>
</OView>
<OView class="oracle.dbtools.crest.swingui.logical.TVEntity" oid="6BC02C5B-75DF-D46C-E7FD-7E9C5EF46008" otype="Entity" vid="20C0EA68-A9D4-F9D4-CE2B-E23C5C6612D6">
<hideElementsInCurrentOnly>false</hideElementsInCurrentOnly>
<bounds x="318" y="703" width="170" height="110"/>
</OView>
<OView class="oracle.dbtools.crest.swingui.logical.TVEntity" oid="9D6C5B96-3CAD-A186-2322-7DD77D7D55EF" otype="Entity" vid="56D6B8E7-08EA-4202-FA09-83FC2A4FF4D6">
<hideElementsInCurrentOnly>false</hideElementsInCurrentOnly>
<bounds x="34" y="448" width="170" height="110"/>
</OView>
<OView class="oracle.dbtools.crest.swingui.logical.TVEntity" oid="A4A39890-C0EB-A13F-33EB-7F51CE94E3F0" otype="Entity" vid="48308821-8D41-E4EE-7034-14A8349AF7AD">
<hideElementsInCurrentOnly>false</hideElementsInCurrentOnly>
<bounds x="953" y="253" width="150" height="96"/>
</OView>
<OView class="oracle.dbtools.crest.swingui.logical.TVEntity" oid="A5FD008D-48AF-B545-9496-43D9ED2A895F" otype="Entity" vid="67D7A35E-35A0-B7A4-B843-71D54700A200">
<hideElementsInCurrentOnly>false</hideElementsInCurrentOnly>
<bounds x="943" y="106" width="170" height="411"/>
</OView>
<OView class="oracle.dbtools.crest.swingui.logical.TVEntity" oid="BB6F04C5-0C53-26D1-0BE8-B75D99F3030A" otype="Entity" vid="F9D7CB56-39A4-5579-9F3D-CB06B935B0A4">
<hideElementsInCurrentOnly>false</hideElementsInCurrentOnly>
<bounds x="1216" y="905" width="170" height="110"/>
</OView>
<OView class="oracle.dbtools.crest.swingui.logical.TVEntity" oid="BC127FEA-E230-551F-1D8D-0530AFA36110" otype="Entity" vid="C321F37F-DB2A-9FA0-91DE-78BD20A41010">
<hideElementsInCurrentOnly>false</hideElementsInCurrentOnly>
<bounds x="314" y="356" width="170" height="252"/>
</OView>
<OView class="oracle.dbtools.crest.swingui.logical.TVEntity" oid="DBD173F6-DC24-0B77-9A4F-D1300EACB250" otype="Entity" vid="9B9AD013-FA5E-9274-3A14-E1DA3DFDB5CC">
<hideElementsInCurrentOnly>false</hideElementsInCurrentOnly>
<bounds x="598" y="374" width="170" height="110"/>
</OView>
<OView class="oracle.dbtools.crest.swingui.logical.TVEntity" oid="E257AF62-98DA-6173-6933-8AF51093B698" otype="Entity" vid="C2111B8E-3B71-F862-4F83-73A6C15D0736">
<hideElementsInCurrentOnly>false</hideElementsInCurrentOnly>
<bounds x="313" y="115" width="170" height="110"/>
</OView>
</objectViews>
<connectors>
<Connector class="oracle.dbtools.crest.swingui.logical.TVRelation" oid="13771E7C-E81E-3BD1-1F63-0C0D1A43CAE5" otype="Relation" vid_source="9B9AD013-FA5E-9274-3A14-E1DA3DFDB5CC" vid_target="1CEF6FB2-E669-1CB5-5138-3FBD402BF3CB">
<hideElementsInCurrentOnly>false</hideElementsInCurrentOnly>
<backgroundColor>-16777216</backgroundColor>
<lineWidth>1</lineWidth>
<targetLabel class="oracle.dbtools.crest.model.design.Label">
<site>2</site>
<labelBounds x="590" y="266" width="78" height="30"/>
<noBackgroundColor>true</noBackgroundColor>
<noForegroundColor>true</noForegroundColor>
</targetLabel>
<points>
<point x="683" y="374"/>
<point x="683" y="251"/>
</points>
</Connector>
<Connector class="oracle.dbtools.crest.swingui.logical.TVRelation" oid="1ECFEBAA-CB5E-FF25-1C2C-4A1F9B96169F" otype="Relation" vid_source="1EC371A1-2454-F13F-DFF9-4C8F93FB6352" vid_target="20C0EA68-A9D4-F9D4-CE2B-E23C5C6612D6">
<hideElementsInCurrentOnly>false</hideElementsInCurrentOnly>
<backgroundColor>-16777216</backgroundColor>
<lineWidth>1</lineWidth>
<targetLabel class="oracle.dbtools.crest.model.design.Label">
<site>2</site>
<labelBounds x="329" y="828" width="60" height="30"/>
<noBackgroundColor>true</noBackgroundColor>
<noForegroundColor>true</noForegroundColor>
</targetLabel>
<points>
<point x="403" y="906"/>
<point x="403" y="813"/>
</points>
</Connector>
<Connector class="oracle.dbtools.crest.swingui.logical.TVRelation" oid="2D479DDB-DF3F-84BA-446B-2A288EBF12F7" otype="Relation" vid_source="F9D7CB56-39A4-5579-9F3D-CB06B935B0A4" vid_target="5727806B-1491-F1A7-AEA9-270C5E0D6ED2">
<hideElementsInCurrentOnly>false</hideElementsInCurrentOnly>
<backgroundColor>-16777216</backgroundColor>
<lineWidth>1</lineWidth>
<targetLabel class="oracle.dbtools.crest.model.design.Label">
<site>2</site>
<labelBounds x="1209" y="267" width="86" height="30"/>
<noBackgroundColor>true</noBackgroundColor>
<noForegroundColor>true</noForegroundColor>
</targetLabel>
<points>
<point x="1297" y="905"/>
<point x="1297" y="252"/>
</points>
</Connector>
<Connector class="oracle.dbtools.crest.swingui.logical.TVRelation" oid="2F0CFD6F-1D0A-997B-5D9C-79B7975A1318" otype="Relation" vid_source="1EC371A1-2454-F13F-DFF9-4C8F93FB6352" vid_target="F9D7CB56-39A4-5579-9F3D-CB06B935B0A4">
<hideElementsInCurrentOnly>false</hideElementsInCurrentOnly>
<backgroundColor>-16777216</backgroundColor>
<lineWidth>1</lineWidth>
<sourceLabel class="oracle.dbtools.crest.model.design.Label">
<site>0</site>
<labelBounds x="499" y="930" width="86" height="30"/>
<noBackgroundColor>true</noBackgroundColor>
<noForegroundColor>true</noForegroundColor>
</sourceLabel>
<points>
<point x="489" y="960"/>
<point x="1216" y="960"/>
</points>
</Connector>
<Connector class="oracle.dbtools.crest.swingui.logical.TVRelation" oid="4A1CBB56-472F-E1E0-B694-2F330583283B" otype="Relation" vid_source="5727806B-1491-F1A7-AEA9-270C5E0D6ED2" vid_target="67D7A35E-35A0-B7A4-B843-71D54700A200">
<hideElementsInCurrentOnly>false</hideElementsInCurrentOnly>
<backgroundColor>-16777216</backgroundColor>
<lineWidth>1</lineWidth>
<sourceLabel class="oracle.dbtools.crest.model.design.Label">
<site>0</site>
<labelBounds x="1164" y="156" width="39" height="33"/>
<noBackgroundColor>true</noBackgroundColor>
<noForegroundColor>true</noForegroundColor>
</sourceLabel>
<targetLabel class="oracle.dbtools.crest.model.design.Label">
<site>2</site>
<labelBounds x="1123" y="192" width="73" height="30"/>
<noBackgroundColor>true</noBackgroundColor>
<noForegroundColor>true</noForegroundColor>
</targetLabel>
<points>
<point x="1209" y="189"/>
<point x="1113" y="189"/>
</points>
</Connector>
<Connector class="oracle.dbtools.crest.swingui.logical.TVRelation" oid="4E82373A-31B5-1269-8ADC-C8DD412AE8AB" otype="Relation" vid_source="C2111B8E-3B71-F862-4F83-73A6C15D0736" vid_target="C321F37F-DB2A-9FA0-91DE-78BD20A41010">
<hideElementsInCurrentOnly>false</hideElementsInCurrentOnly>
<backgroundColor>-16777216</backgroundColor>
<lineWidth>1</lineWidth>
<sourceLabel class="oracle.dbtools.crest.model.design.Label">
<site>0</site>
<labelBounds x="398" y="261" width="40" height="30"/>
<noBackgroundColor>true</noBackgroundColor>
<noForegroundColor>true</noForegroundColor>
</sourceLabel>
<targetLabel class="oracle.dbtools.crest.model.design.Label">
<site>2</site>
<labelBounds x="398" y="304" width="62" height="30"/>
<noBackgroundColor>true</noBackgroundColor>
<noForegroundColor>true</noForegroundColor>
</targetLabel>
<points>
<point x="398" y="225"/>
<point x="398" y="356"/>
</points>
</Connector>
<Connector class="oracle.dbtools.crest.swingui.logical.TVRelation" oid="51A74ED2-77EC-72DE-11D6-EDE18EF87CB3" otype="Relation" vid_source="A0D7F67F-3E10-0E21-B428-8A75E56E189D" vid_target="9B9AD013-FA5E-9274-3A14-E1DA3DFDB5CC">
<hideElementsInCurrentOnly>false</hideElementsInCurrentOnly>
<backgroundColor>-16777216</backgroundColor>
<lineWidth>1</lineWidth>
<targetLabel class="oracle.dbtools.crest.model.design.Label">
<site>2</site>
<labelBounds x="772" y="425" width="57" height="30"/>
<noBackgroundColor>true</noBackgroundColor>
<noForegroundColor>true</noForegroundColor>
</targetLabel>
<points>
<point x="953" y="416"/>
<point x="768" y="416"/>
</points>
</Connector>
<Connector class="oracle.dbtools.crest.swingui.logical.TVRelation" oid="6EE76DEA-DD19-A84E-684C-0DE80B13E3AE" otype="Relation" vid_source="C321F37F-DB2A-9FA0-91DE-78BD20A41010" vid_target="56D6B8E7-08EA-4202-FA09-83FC2A4FF4D6">
<hideElementsInCurrentOnly>false</hideElementsInCurrentOnly>
<backgroundColor>-16777216</backgroundColor>
<lineWidth>1</lineWidth>
<targetLabel class="oracle.dbtools.crest.model.design.Label">
<site>2</site>
<labelBounds x="210" y="466" width="47" height="37"/>
<noBackgroundColor>true</noBackgroundColor>
<noForegroundColor>true</noForegroundColor>
</targetLabel>
<points>
<point x="314" y="503"/>
<point x="204" y="503"/>
</points>
</Connector>
<Connector class="oracle.dbtools.crest.swingui.logical.TVRelation" oid="7BB62000-2417-65A0-B583-29313137722E" otype="Relation" vid_source="C321F37F-DB2A-9FA0-91DE-78BD20A41010" vid_target="20C0EA68-A9D4-F9D4-CE2B-E23C5C6612D6">
<hideElementsInCurrentOnly>false</hideElementsInCurrentOnly>
<backgroundColor>-16777216</backgroundColor>
<lineWidth>1</lineWidth>
<targetLabel class="oracle.dbtools.crest.model.design.Label">
<site>2</site>
<labelBounds x="329" y="668" width="56" height="30"/>
<noBackgroundColor>true</noBackgroundColor>
<noForegroundColor>true</noForegroundColor>
</targetLabel>
<points>
<point x="401" y="608"/>
<point x="401" y="703"/>
</points>
</Connector>
<Connector class="oracle.dbtools.crest.swingui.logical.TVRelation" oid="84515B5F-ED37-03CB-4854-12D28EB13853" otype="Relation" vid_source="20C0EA68-A9D4-F9D4-CE2B-E23C5C6612D6" vid_target="9B9AD013-FA5E-9274-3A14-E1DA3DFDB5CC">
<hideElementsInCurrentOnly>false</hideElementsInCurrentOnly>
<backgroundColor>-16777216</backgroundColor>
<lineWidth>1</lineWidth>
<sourceLabel class="oracle.dbtools.crest.model.design.Label">
<site>0</site>
<labelBounds x="498" y="724" width="65" height="30"/>
<noBackgroundColor>true</noBackgroundColor>
<noForegroundColor>true</noForegroundColor>
</sourceLabel>
<targetLabel class="oracle.dbtools.crest.model.design.Label">
<site>2</site>
<labelBounds x="675" y="520" width="191" height="30"/>
<noBackgroundColor>true</noBackgroundColor>
<noForegroundColor>true</noForegroundColor>
</targetLabel>
<points>
<point x="488" y="754"/>
<point x="675" y="754"/>
<point x="675" y="484"/>
</points>
</Connector>
<Connector class="oracle.dbtools.crest.swingui.logical.TVInheritanceRelation" oid="AE5EFA74-D8F8-3E5C-958A-18493E14BC56" otype="Hierarchy relation" vid_source="67D7A35E-35A0-B7A4-B843-71D54700A200" vid_target="48308821-8D41-E4EE-7034-14A8349AF7AD">
<hideElementsInCurrentOnly>false</hideElementsInCurrentOnly>
<backgroundColor>-65536</backgroundColor>
<lineWidth>1</lineWidth>
</Connector>
<Connector class="oracle.dbtools.crest.swingui.logical.TVInheritanceRelation" oid="CEC824D1-C934-E3F1-EC59-45120A24BC43" otype="Hierarchy relation" vid_source="67D7A35E-35A0-B7A4-B843-71D54700A200" vid_target="A0D7F67F-3E10-0E21-B428-8A75E56E189D">
<hideElementsInCurrentOnly>false</hideElementsInCurrentOnly>
<backgroundColor>-65536</backgroundColor>
<lineWidth>1</lineWidth>
</Connector>
<Connector class="oracle.dbtools.crest.swingui.logical.TVRelation" oid="F926942F-134F-516D-A1D9-9FBFE26C2CF1" otype="Relation" vid_source="48308821-8D41-E4EE-7034-14A8349AF7AD" vid_target="9B9AD013-FA5E-9274-3A14-E1DA3DFDB5CC">
<hideElementsInCurrentOnly>false</hideElementsInCurrentOnly>
<backgroundColor>-16777216</backgroundColor>
<lineWidth>1</lineWidth>
<targetLabel class="oracle.dbtools.crest.model.design.Label">
<site>2</site>
<labelBounds x="734" y="339" width="60" height="30"/>
<noBackgroundColor>true</noBackgroundColor>
<noForegroundColor>true</noForegroundColor>
</targetLabel>
<points>
<point x="953" y="308"/>
<point x="728" y="308"/>
<point x="728" y="374"/>
</points>
</Connector>
</connectors>
</Diagram>