<?xml version = '1.0' encoding = 'UTF-8'?>
<Diagram class="oracle.dbtools.crest.swingui.logical.DPVLogical" name="Logical" id="3747141A-1E49-FF85-F695-9F52F52F90EE">
<createdBy>harasiva</createdBy>
<modifiedBy>harasiva</modifiedBy>
<createdTime>2018-11-07 06:40:16 UTC</createdTime>
<autoRoute>false</autoRoute>
<boxInbox>true</boxInbox>
<showLegend>false</showLegend>
<showLabels>true</showLabels>
<showRelAttributes>true</showRelAttributes>
<gridEnabled>false</gridEnabled>
<showGrid>false</showGrid>
<diagramColor>-1</diagramColor>
<display>false</display>
<notation>1</notation>
<showComments>true</showComments>
<objectViews>
<OView class="oracle.dbtools.crest.swingui.logical.TVEntity" oid="07B39754-ADB8-1274-3A92-F0A26B99C2E3" otype="Entity" vid="A0D7F67F-3E10-0E21-B428-8A75E56E189D">
<hideElementsInCurrentOnly>false</hideElementsInCurrentOnly>
<bounds x="953" y="368" width="150" height="90"/>
</OView>
<OView class="oracle.dbtools.crest.swingui.logical.TVEntity" oid="0CAB07AA-7CF9-3A5B-D286-A68E0CECFBF8" otype="Entity" vid="1EC371A1-2454-F13F-DFF9-4C8F93FB6352">
<hideElementsInCurrentOnly>false</hideElementsInCurrentOnly>
<bounds x="315" y="721" width="170" height="127"/>
</OView>
<OView class="oracle.dbtools.crest.swingui.logical.TVEntity" oid="1242C64D-B469-A2CA-D098-6CF8F5502364" otype="Entity" vid="1CEF6FB2-E669-1CB5-5138-3FBD402BF3CB">
<hideElementsInCurrentOnly>false</hideElementsInCurrentOnly>
<bounds x="615" y="349" width="178" height="137"/>
</OView>
<OView class="oracle.dbtools.crest.swingui.logical.TVEntity" oid="6619E1DD-B1FA-81D0-7042-DE2202ED6A80" otype="Entity" vid="5727806B-1491-F1A7-AEA9-270C5E0D6ED2">
<hideElementsInCurrentOnly>false</hideElementsInCurrentOnly>
<bounds x="1209" y="126" width="170" height="126"/>
</OView>
<OView class="oracle.dbtools.crest.swingui.logical.TVEntity" oid="6BC02C5B-75DF-D46C-E7FD-7E9C5EF46008" otype="Entity" vid="20C0EA68-A9D4-F9D4-CE2B-E23C5C6612D6">
<hideElementsInCurrentOnly>false</hideElementsInCurrentOnly>
<bounds x="626" y="727" width="170" height="110"/>
</OView>
<OView class="oracle.dbtools.crest.swingui.logical.TVEntity" oid="9D6C5B96-3CAD-A186-2322-7DD77D7D55EF" otype="Entity" vid="56D6B8E7-08EA-4202-FA09-83FC2A4FF4D6">
<hideElementsInCurrentOnly>false</hideElementsInCurrentOnly>
<bounds x="28" y="432" width="170" height="110"/>
</OView>
<OView class="oracle.dbtools.crest.swingui.logical.TVEntity" oid="A4A39890-C0EB-A13F-33EB-7F51CE94E3F0" otype="Entity" vid="48308821-8D41-E4EE-7034-14A8349AF7AD">
<hideElementsInCurrentOnly>false</hideElementsInCurrentOnly>
<bounds x="953" y="253" width="150" height="96"/>
</OView>
<OView class="oracle.dbtools.crest.swingui.logical.TVEntity" oid="A5FD008D-48AF-B545-9496-43D9ED2A895F" otype="Entity" vid="67D7A35E-35A0-B7A4-B843-71D54700A200">
<hideElementsInCurrentOnly>false</hideElementsInCurrentOnly>
<bounds x="943" y="106" width="170" height="411"/>
</OView>
<OView class="oracle.dbtools.crest.swingui.logical.TVEntity" oid="BB6F04C5-0C53-26D1-0BE8-B75D99F3030A" otype="Entity" vid="F9D7CB56-39A4-5579-9F3D-CB06B935B0A4">
<hideElementsInCurrentOnly>false</hideElementsInCurrentOnly>
<bounds x="1214" y="592" width="170" height="110"/>
</OView>
<OView class="oracle.dbtools.crest.swingui.logical.TVEntity" oid="BC127FEA-E230-551F-1D8D-0530AFA36110" otype="Entity" vid="C321F37F-DB2A-9FA0-91DE-78BD20A41010">
<hideElementsInCurrentOnly>false</hideElementsInCurrentOnly>
<bounds x="314" y="356" width="170" height="252"/>
</OView>
<OView class="oracle.dbtools.crest.swingui.logical.TVEntity" oid="E257AF62-98DA-6173-6933-8AF51093B698" otype="Entity" vid="C2111B8E-3B71-F862-4F83-73A6C15D0736">
<hideElementsInCurrentOnly>false</hideElementsInCurrentOnly>
<bounds x="313" y="115" width="170" height="110"/>
</OView>
</objectViews>
<connectors>
<Connector class="oracle.dbtools.crest.swingui.logical.TVRelation" oid="2D479DDB-DF3F-84BA-446B-2A288EBF12F7" otype="Relation" vid_source="F9D7CB56-39A4-5579-9F3D-CB06B935B0A4" vid_target="5727806B-1491-F1A7-AEA9-270C5E0D6ED2">
<hideElementsInCurrentOnly>false</hideElementsInCurrentOnly>
<backgroundColor>-16777216</backgroundColor>
<lineWidth>1</lineWidth>
<targetLabel class="oracle.dbtools.crest.model.design.Label">
<site>2</site>
<labelBounds x="1209" y="267" width="86" height="30"/>
<noBackgroundColor>true</noBackgroundColor>
<noForegroundColor>true</noForegroundColor>
</targetLabel>
<points>
<point x="1296" y="592"/>
<point x="1296" y="252"/>
</points>
</Connector>
<Connector class="oracle.dbtools.crest.swingui.logical.TVRelation" oid="2F0CFD6F-1D0A-997B-5D9C-79B7975A1318" otype="Relation" vid_source="1EC371A1-2454-F13F-DFF9-4C8F93FB6352" vid_target="F9D7CB56-39A4-5579-9F3D-CB06B935B0A4">
<hideElementsInCurrentOnly>false</hideElementsInCurrentOnly>
<backgroundColor>-16777216</backgroundColor>
<lineWidth>1</lineWidth>
<sourceLabel class="oracle.dbtools.crest.model.design.Label">
<site>0</site>
<labelBounds x="468" y="685" width="86" height="30"/>
<noBackgroundColor>true</noBackgroundColor>
<noForegroundColor>true</noForegroundColor>
</sourceLabel>
<points>
<point x="468" y="721"/>
<point x="468" y="653"/>
<point x="1214" y="653"/>
</points>
</Connector>
<Connector class="oracle.dbtools.crest.swingui.logical.TVRelation" oid="2FAD9C2D-C5FA-1D5C-74F3-FDB08B3D20AA" otype="Relation" vid_source="1EC371A1-2454-F13F-DFF9-4C8F93FB6352" vid_target="20C0EA68-A9D4-F9D4-CE2B-E23C5C6612D6">
<hideElementsInCurrentOnly>false</hideElementsInCurrentOnly>
<backgroundColor>-16777216</backgroundColor>
<lineWidth>1</lineWidth>
<sourceLabel class="oracle.dbtools.crest.model.design.Label">
<site>0</site>
<labelBounds x="495" y="752" width="40" height="30"/>
<noBackgroundColor>true</noBackgroundColor>
<noForegroundColor>true</noForegroundColor>
</sourceLabel>
<targetLabel class="oracle.dbtools.crest.model.design.Label">
<site>2</site>
<labelBounds x="556" y="785" width="64" height="30"/>
<noBackgroundColor>true</noBackgroundColor>
<noForegroundColor>true</noForegroundColor>
</targetLabel>
<points>
<point x="485" y="782"/>
<point x="626" y="782"/>
</points>
</Connector>
<Connector class="oracle.dbtools.crest.swingui.logical.TVRelation" oid="4A1CBB56-472F-E1E0-B694-2F330583283B" otype="Relation" vid_source="5727806B-1491-F1A7-AEA9-270C5E0D6ED2" vid_target="67D7A35E-35A0-B7A4-B843-71D54700A200">
<hideElementsInCurrentOnly>false</hideElementsInCurrentOnly>
<backgroundColor>-16777216</backgroundColor>
<lineWidth>1</lineWidth>
<sourceLabel class="oracle.dbtools.crest.model.design.Label">
<site>0</site>
<labelBounds x="1164" y="156" width="39" height="33"/>
<noBackgroundColor>true</noBackgroundColor>
<noForegroundColor>true</noForegroundColor>
</sourceLabel>
<targetLabel class="oracle.dbtools.crest.model.design.Label">
<site>2</site>
<labelBounds x="1123" y="192" width="73" height="30"/>
<noBackgroundColor>true</noBackgroundColor>
<noForegroundColor>true</noForegroundColor>
</targetLabel>
<points>
<point x="1209" y="189"/>
<point x="1113" y="189"/>
</points>
</Connector>
<Connector class="oracle.dbtools.crest.swingui.logical.TVRelation" oid="4D4E4DA1-FCC6-A032-5F46-A0CF3005EFFB" otype="Relation" vid_source="1CEF6FB2-E669-1CB5-5138-3FBD402BF3CB" vid_target="20C0EA68-A9D4-F9D4-CE2B-E23C5C6612D6">
<hideElementsInCurrentOnly>false</hideElementsInCurrentOnly>
<backgroundColor>-16777216</backgroundColor>
<lineWidth>1</lineWidth>
<sourceLabel class="oracle.dbtools.crest.model.design.Label">
<site>0</site>
<labelBounds x="709" y="522" width="87" height="30"/>
<noBackgroundColor>true</noBackgroundColor>
<noForegroundColor>true</noForegroundColor>
</sourceLabel>
<targetLabel class="oracle.dbtools.crest.model.design.Label">
<site>2</site>
<labelBounds x="709" y="683" width="109" height="30"/>
<noBackgroundColor>true</noBackgroundColor>
<noForegroundColor>true</noForegroundColor>
</targetLabel>
<points>
<point x="709" y="486"/>
<point x="709" y="727"/>
</points>
</Connector>
<Connector class="oracle.dbtools.crest.swingui.logical.TVRelation" oid="4E82373A-31B5-1269-8ADC-C8DD412AE8AB" otype="Relation" vid_source="C2111B8E-3B71-F862-4F83-73A6C15D0736" vid_target="C321F37F-DB2A-9FA0-91DE-78BD20A41010">
<hideElementsInCurrentOnly>false</hideElementsInCurrentOnly>
<backgroundColor>-16777216</backgroundColor>
<lineWidth>1</lineWidth>
<sourceLabel class="oracle.dbtools.crest.model.design.Label">
<site>0</site>
<labelBounds x="398" y="261" width="40" height="30"/>
<noBackgroundColor>true</noBackgroundColor>
<noForegroundColor>true</noForegroundColor>
</sourceLabel>
<targetLabel class="oracle.dbtools.crest.model.design.Label">
<site>2</site>
<labelBounds x="398" y="320" width="62" height="30"/>
<noBackgroundColor>true</noBackgroundColor>
<noForegroundColor>true</noForegroundColor>
</targetLabel>
<points>
<point x="398" y="225"/>
<point x="398" y="356"/>
</points>
</Connector>
<Connector class="oracle.dbtools.crest.swingui.logical.TVRelation" oid="57F372B6-AAFD-F4E5-D6BE-0F12ABBFDFEC" otype="Relation" vid_source="C321F37F-DB2A-9FA0-91DE-78BD20A41010" vid_target="1EC371A1-2454-F13F-DFF9-4C8F93FB6352">
<hideElementsInCurrentOnly>false</hideElementsInCurrentOnly>
<backgroundColor>-16777216</backgroundColor>
<lineWidth>1</lineWidth>
<sourceLabel class="oracle.dbtools.crest.model.design.Label">
<site>0</site>
<labelBounds x="399" y="652" width="64" height="30"/>
<noBackgroundColor>true</noBackgroundColor>
<noForegroundColor>true</noForegroundColor>
</sourceLabel>
<targetLabel class="oracle.dbtools.crest.model.design.Label">
<site>2</site>
<labelBounds x="399" y="669" width="40" height="30"/>
<noBackgroundColor>true</noBackgroundColor>
<noForegroundColor>true</noForegroundColor>
</targetLabel>
<points>
<point x="399" y="608"/>
<point x="399" y="721"/>
</points>
</Connector>
<Connector class="oracle.dbtools.crest.swingui.logical.TVRelation" oid="6EE76DEA-DD19-A84E-684C-0DE80B13E3AE" otype="Relation" vid_source="C321F37F-DB2A-9FA0-91DE-78BD20A41010" vid_target="56D6B8E7-08EA-4202-FA09-83FC2A4FF4D6">
<hideElementsInCurrentOnly>false</hideElementsInCurrentOnly>
<backgroundColor>-16777216</backgroundColor>
<lineWidth>1</lineWidth>
<targetLabel class="oracle.dbtools.crest.model.design.Label">
<site>2</site>
<labelBounds x="210" y="461" width="55" height="27"/>
<noBackgroundColor>true</noBackgroundColor>
<noForegroundColor>true</noForegroundColor>
</targetLabel>
<points>
<point x="314" y="487"/>
<point x="198" y="487"/>
</points>
</Connector>
<Connector class="oracle.dbtools.crest.swingui.logical.TVInheritanceRelation" oid="AE5EFA74-D8F8-3E5C-958A-18493E14BC56" otype="Hierarchy relation" vid_source="67D7A35E-35A0-B7A4-B843-71D54700A200" vid_target="48308821-8D41-E4EE-7034-14A8349AF7AD">
<hideElementsInCurrentOnly>false</hideElementsInCurrentOnly>
<backgroundColor>-65536</backgroundColor>
<lineWidth>1</lineWidth>
</Connector>
<Connector class="oracle.dbtools.crest.swingui.logical.TVInheritanceRelation" oid="CEC824D1-C934-E3F1-EC59-45120A24BC43" otype="Hierarchy relation" vid_source="67D7A35E-35A0-B7A4-B843-71D54700A200" vid_target="A0D7F67F-3E10-0E21-B428-8A75E56E189D">
<hideElementsInCurrentOnly>false</hideElementsInCurrentOnly>
<backgroundColor>-65536</backgroundColor>
<lineWidth>1</lineWidth>
</Connector>
<Connector class="oracle.dbtools.crest.swingui.logical.TVRelation" oid="F2F7A572-0B22-FE84-A570-E888A67FB876" otype="Relation" vid_source="A0D7F67F-3E10-0E21-B428-8A75E56E189D" vid_target="1CEF6FB2-E669-1CB5-5138-3FBD402BF3CB">
<hideElementsInCurrentOnly>false</hideElementsInCurrentOnly>
<backgroundColor>-16777216</backgroundColor>
<lineWidth>1</lineWidth>
<sourceLabel class="oracle.dbtools.crest.model.design.Label">
<site>0</site>
<labelBounds x="883" y="383" width="64" height="30"/>
<noBackgroundColor>true</noBackgroundColor>
<noForegroundColor>true</noForegroundColor>
</sourceLabel>
<targetLabel class="oracle.dbtools.crest.model.design.Label">
<site>2</site>
<labelBounds x="803" y="416" width="56" height="30"/>
<noBackgroundColor>true</noBackgroundColor>
<noForegroundColor>true</noForegroundColor>
</targetLabel>
<points>
<point x="953" y="413"/>
<point x="793" y="413"/>
</points>
</Connector>
<Connector class="oracle.dbtools.crest.swingui.logical.TVRelation" oid="FA2F9AC8-1A4D-8284-63F7-50150C2A193C" otype="Relation" vid_source="48308821-8D41-E4EE-7034-14A8349AF7AD" vid_target="1CEF6FB2-E669-1CB5-5138-3FBD402BF3CB">
<hideElementsInCurrentOnly>false</hideElementsInCurrentOnly>
<backgroundColor>-16777216</backgroundColor>
<lineWidth>1</lineWidth>
<sourceLabel class="oracle.dbtools.crest.model.design.Label">
<site>0</site>
<labelBounds x="883" y="264" width="64" height="30"/>
<noBackgroundColor>true</noBackgroundColor>
<noForegroundColor>true</noForegroundColor>
</sourceLabel>
<targetLabel class="oracle.dbtools.crest.model.design.Label">
<site>2</site>
<labelBounds x="708" y="297" width="56" height="30"/>
<noBackgroundColor>true</noBackgroundColor>
<noForegroundColor>true</noForegroundColor>
</targetLabel>
<points>
<point x="953" y="294"/>
<point x="708" y="294"/>
<point x="708" y="349"/>
</points>
</Connector>
</connectors>
</Diagram>