<?xml version = '1.0' encoding = 'UTF-8'?>
<Diagram class="oracle.dbtools.crest.swingui.relational.DPVRelational" name="Relational_1" id="1F5743D8-3CB9-53C0-4448-1A4B47AAD9B1">
<createdBy>haras</createdBy>
<modifiedBy>haras</modifiedBy>
<createdTime>2018-11-12 15:48:42 UTC</createdTime>
<autoRoute>false</autoRoute>
<boxInbox>true</boxInbox>
<showLegend>false</showLegend>
<showLabels>false</showLabels>
<showRelAttributes>false</showRelAttributes>
<gridEnabled>false</gridEnabled>
<showGrid>false</showGrid>
<diagramColor>-1</diagramColor>
<display>false</display>
<notation>1</notation>
<objectViews>
<OView class="oracle.dbtools.crest.swingui.relational.TVTable" oid="1E3BBD5D-482B-CF8E-4992-01BE74C0B273" otype="Table" vid="82AD5C95-245C-48B6-8852-D1F235FEAFB7">
<hideElementsInCurrentOnly>false</hideElementsInCurrentOnly>
<bounds x="458" y="789" width="170" height="110"/>
</OView>
<OView class="oracle.dbtools.crest.swingui.relational.TVTable" oid="1FE8BFF8-00D3-FE69-684D-4A8673B75E7B" otype="Table" vid="89976250-65A0-2AAC-586B-C116CE4604AA">
<hideElementsInCurrentOnly>false</hideElementsInCurrentOnly>
<bounds x="955" y="639" width="150" height="90"/>
</OView>
<OView class="oracle.dbtools.crest.swingui.relational.TVTable" oid="29C15234-CEB3-91F1-0B7D-85D690687433" otype="Table" vid="7E972336-C5F5-AE71-883F-6FABC579F8F4">
<hideElementsInCurrentOnly>false</hideElementsInCurrentOnly>
<bounds x="48" y="87" width="170" height="110"/>
</OView>
<OView class="oracle.dbtools.crest.swingui.relational.TVTable" oid="4D4D5DDA-ACD0-34AF-8457-3B6B7AAC8DC1" otype="Table" vid="7B4C0924-DB7D-0B39-AA6F-95FF056A500C">
<hideElementsInCurrentOnly>false</hideElementsInCurrentOnly>
<bounds x="945" y="365" width="170" height="411"/>
</OView>
<OView class="oracle.dbtools.crest.swingui.relational.TVTable" oid="59A6BE6B-5A61-9BA0-4EEA-088AD2B81164" otype="Table" vid="F1501B2E-CF41-9233-A362-8309490F1BC9">
<hideElementsInCurrentOnly>false</hideElementsInCurrentOnly>
<bounds x="948" y="136" width="170" height="126"/>
</OView>
<OView class="oracle.dbtools.crest.swingui.relational.TVTable" oid="62D133CB-C714-A876-3B6A-0FEC365AA929" otype="Table" vid="6C1ACA0A-0B07-6996-3B2C-EBDA591632FF">
<hideElementsInCurrentOnly>false</hideElementsInCurrentOnly>
<bounds x="50" y="292" width="170" height="252"/>
</OView>
<OView class="oracle.dbtools.crest.swingui.relational.TVTable" oid="CCDAE192-9170-AF59-2759-F1C04700CABF" otype="Table" vid="B7AFBC9B-224F-9CD2-9744-43188CE76802">
<hideElementsInCurrentOnly>false</hideElementsInCurrentOnly>
<bounds x="955" y="497" width="150" height="96"/>
</OView>
<OView class="oracle.dbtools.crest.swingui.relational.TVTable" oid="DB6F8F43-3EC7-C985-B737-BE3807480B55" otype="Table" vid="E5754AAE-9409-583F-7075-82692A1591B0">
<hideElementsInCurrentOnly>false</hideElementsInCurrentOnly>
<bounds x="419" y="494" width="170" height="110"/>
</OView>
<OView class="oracle.dbtools.crest.swingui.relational.TVTable" oid="E1CCAF7B-6C79-1526-ABCD-2ACCF0D31C3E" otype="Table" vid="A8B5EEF5-0189-7A37-5055-9DE442666830">
<hideElementsInCurrentOnly>false</hideElementsInCurrentOnly>
<bounds x="50" y="660" width="170" height="110"/>
</OView>
</objectViews>
<connectors>
<Connector class="oracle.dbtools.crest.swingui.relational.TVFKRelation" oid="185BA30F-5B73-FC87-DF84-4CEC5EB0D3CB" otype="FKIndexAssociation" vid_source="89976250-65A0-2AAC-586B-C116CE4604AA" vid_target="82AD5C95-245C-48B6-8852-D1F235FEAFB7">
<hideElementsInCurrentOnly>false</hideElementsInCurrentOnly>
<backgroundColor>-16777216</backgroundColor>
<lineWidth>1</lineWidth>
<points>
<point x="1030" y="729"/>
<point x="1030" y="851"/>
<point x="628" y="851"/>
</points>
</Connector>
<Connector class="oracle.dbtools.crest.swingui.relational.TVFKRelation" oid="5E51ECCF-05E9-E797-E6E3-72B6A769B369" otype="FKIndexAssociation" vid_source="A8B5EEF5-0189-7A37-5055-9DE442666830" vid_target="82AD5C95-245C-48B6-8852-D1F235FEAFB7">
<hideElementsInCurrentOnly>false</hideElementsInCurrentOnly>
<backgroundColor>-16777216</backgroundColor>
<lineWidth>1</lineWidth>
<points>
<point x="126" y="770"/>
<point x="126" y="848"/>
<point x="458" y="848"/>
</points>
</Connector>
<Connector class="oracle.dbtools.crest.swingui.relational.TVFKRelation" oid="62ADFBC9-A4A1-AF8D-ACE3-24C91BBAD016" otype="FKIndexAssociation" vid_source="7E972336-C5F5-AE71-883F-6FABC579F8F4" vid_target="6C1ACA0A-0B07-6996-3B2C-EBDA591632FF">
<hideElementsInCurrentOnly>false</hideElementsInCurrentOnly>
<backgroundColor>-16777216</backgroundColor>
<lineWidth>1</lineWidth>
<points>
<point x="134" y="197"/>
<point x="134" y="292"/>
</points>
</Connector>
<Connector class="oracle.dbtools.crest.swingui.relational.TVFKRelation" oid="68D1B532-E8C2-86F6-81EA-7FBFCED13BF4" otype="FKIndexAssociation" vid_source="89976250-65A0-2AAC-586B-C116CE4604AA" vid_target="E5754AAE-9409-583F-7075-82692A1591B0">
<hideElementsInCurrentOnly>false</hideElementsInCurrentOnly>
<backgroundColor>-16777216</backgroundColor>
<lineWidth>1</lineWidth>
<points>
<point x="955" y="699"/>
<point x="559" y="699"/>
<point x="559" y="604"/>
</points>
</Connector>
<Connector class="oracle.dbtools.crest.swingui.relational.TVFKRelation" oid="78E0D763-B508-E7D4-DF6B-63BA0CE7F82B" otype="FKIndexAssociation" vid_source="A8B5EEF5-0189-7A37-5055-9DE442666830" vid_target="E5754AAE-9409-583F-7075-82692A1591B0">
<hideElementsInCurrentOnly>false</hideElementsInCurrentOnly>
<backgroundColor>-16777216</backgroundColor>
<lineWidth>1</lineWidth>
<points>
<point x="220" y="710"/>
<point x="436" y="710"/>
<point x="436" y="604"/>
</points>
</Connector>
<Connector class="oracle.dbtools.crest.swingui.relational.TVFKRelation" oid="9AEAE5D5-8E7B-A48E-0075-2177FD7C0E9B" otype="FKIndexAssociation" vid_source="B7AFBC9B-224F-9CD2-9744-43188CE76802" vid_target="E5754AAE-9409-583F-7075-82692A1591B0">
<hideElementsInCurrentOnly>false</hideElementsInCurrentOnly>
<backgroundColor>-16777216</backgroundColor>
<lineWidth>1</lineWidth>
<points>
<point x="955" y="545"/>
<point x="589" y="545"/>
</points>
</Connector>
<Connector class="oracle.dbtools.crest.swingui.relational.TVFKRelation" oid="9C4A0DE6-8E8B-174C-D004-0E611C4922A8" otype="FKIndexAssociation" vid_source="7B4C0924-DB7D-0B39-AA6F-95FF056A500C" vid_target="B7AFBC9B-224F-9CD2-9744-43188CE76802">
<hideElementsInCurrentOnly>false</hideElementsInCurrentOnly>
<backgroundColor>-16777216</backgroundColor>
<lineWidth>1</lineWidth>
<points>
<point x="1115" y="545"/>
<point x="955" y="545"/>
</points>
</Connector>
<Connector class="oracle.dbtools.crest.swingui.relational.TVFKRelation" oid="9F34B0F7-63BA-8246-0A16-BF623F801DAC" otype="FKIndexAssociation" vid_source="6C1ACA0A-0B07-6996-3B2C-EBDA591632FF" vid_target="A8B5EEF5-0189-7A37-5055-9DE442666830">
<hideElementsInCurrentOnly>false</hideElementsInCurrentOnly>
<backgroundColor>-16777216</backgroundColor>
<lineWidth>1</lineWidth>
<points>
<point x="135" y="544"/>
<point x="135" y="660"/>
</points>
</Connector>
<Connector class="oracle.dbtools.crest.swingui.relational.TVFKRelation" oid="E3BCC1B9-2ECB-A322-66C4-0D5666572C3E" otype="FKIndexAssociation" vid_source="F1501B2E-CF41-9233-A362-8309490F1BC9" vid_target="7B4C0924-DB7D-0B39-AA6F-95FF056A500C">
<hideElementsInCurrentOnly>false</hideElementsInCurrentOnly>
<backgroundColor>-16777216</backgroundColor>
<lineWidth>1</lineWidth>
<points>
<point x="1031" y="262"/>
<point x="1031" y="365"/>
</points>
</Connector>
<Connector class="oracle.dbtools.crest.swingui.relational.TVFKRelation" oid="FC96DABF-9F06-0EE3-605A-C08A00989A4C" otype="FKIndexAssociation" vid_source="7B4C0924-DB7D-0B39-AA6F-95FF056A500C" vid_target="89976250-65A0-2AAC-586B-C116CE4604AA">
<hideElementsInCurrentOnly>false</hideElementsInCurrentOnly>
<backgroundColor>-16777216</backgroundColor>
<lineWidth>1</lineWidth>
<points>
<point x="1115" y="684"/>
<point x="955" y="684"/>
</points>
</Connector>
</connectors>
<arcs>
<Arc class="oracle.dbtools.crest.swingui.relational.TVFKArc" oid="0C814B3D-F136-FC19-74B9-D22DF48C4417" otype="FKArc" vid="1AB2B028-CE8B-6BFE-2124-A56116D2D8C4">
<hideElementsInCurrentOnly>false</hideElementsInCurrentOnly>
<bounds x="925" y="345" width="210" height="451"/>
</Arc>
</arcs>
</Diagram>