<?xml version = '1.0' encoding = 'UTF-8'?>
<Table class="oracle.dbtools.crest.model.design.relational.Table" directorySegmentName="seg_0" id="127D2DF7-DDF9-4E73-5D97-05B6B5B87613" name="Racecar">
<createdBy>haras</createdBy>
<createdTime>2018-11-20 20:18:23 UTC</createdTime>
<generatorID>BC127FEA-E230-551F-1D8D-0530AFA36110</generatorID>
<ownerDesignName>blancpain_gt_series</ownerDesignName>
<allowColumnReorder>false</allowColumnReorder>
<existDependencyGenerateInDDl>true</existDependencyGenerateInDDl>
<parsed>true</parsed>
<columns itemClass="oracle.dbtools.crest.model.design.relational.Column">
<Column name="racecar_id" id="C6A5F42E-29EE-6935-5ADB-3BD75D84738A">
<createdBy>haras</createdBy>
<createdTime>2018-11-20 20:18:23 UTC</createdTime>
<generatorID>91753656-091A-5BA6-51A0-D4C8404A98D0</generatorID>
<ownerDesignName>blancpain_gt_series</ownerDesignName>
<useDomainConstraints>false</useDomainConstraints>
<use>1</use>
<logicalDatatype>LOGDT011</logicalDatatype>
<ownDataTypeParameters>,,</ownDataTypeParameters>
<autoIncrementCycle>false</autoIncrementCycle>
</Column>
<Column name="manufacturer" id="90ABEFD6-B233-A42A-C874-050651FCB453">
<createdBy>haras</createdBy>
<createdTime>2018-11-20 20:18:23 UTC</createdTime>
<generatorID>B488FB69-3B9F-C40E-FDE5-DEF98AB611FF</generatorID>
<ownerDesignName>blancpain_gt_series</ownerDesignName>
<useDomainConstraints>false</useDomainConstraints>
<use>1</use>
<logicalDatatype>LOGDT024</logicalDatatype>
<dataTypeSize>200 CHAR</dataTypeSize>
<ownDataTypeParameters>200 CHAR,,</ownDataTypeParameters>
<autoIncrementCycle>false</autoIncrementCycle>
</Column>
<Column name="type" id="5FBB1733-1515-5291-B673-FA69BAA89170">
<createdBy>haras</createdBy>
<createdTime>2018-11-20 20:18:23 UTC</createdTime>
<generatorID>50C4CB76-45E1-41B7-6D0D-45608B13F4E7</generatorID>
<ownerDesignName>blancpain_gt_series</ownerDesignName>
<useDomainConstraints>false</useDomainConstraints>
<use>1</use>
<logicalDatatype>LOGDT024</logicalDatatype>
<dataTypeSize>200 CHAR</dataTypeSize>
<ownDataTypeParameters>200 CHAR,,</ownDataTypeParameters>
<autoIncrementCycle>false</autoIncrementCycle>
</Column>
<Column name="full_name" id="2A29BA13-718A-64D5-E7D3-30D4D2A795AF">
<createdBy>haras</createdBy>
<createdTime>2018-11-20 20:18:23 UTC</createdTime>
<generatorID>776C8BDE-0ECC-6B18-D867-D700899CC9BD</generatorID>
<ownerDesignName>blancpain_gt_series</ownerDesignName>
<useDomainConstraints>false</useDomainConstraints>
<use>1</use>
<logicalDatatype>LOGDT024</logicalDatatype>
<dataTypeSize>200 CHAR</dataTypeSize>
<ownDataTypeParameters>200 CHAR,,</ownDataTypeParameters>
<autoIncrementCycle>false</autoIncrementCycle>
</Column>
<Column name="number" id="7CCE9A72-5D8E-6A7A-675F-59A3DA202746">
<createdBy>haras</createdBy>
<createdTime>2018-11-20 20:18:23 UTC</createdTime>
<generatorID>D65A95D0-3D3E-063E-0F40-C72E8CF3004F</generatorID>
<ownerDesignName>blancpain_gt_series</ownerDesignName>
<useDomainConstraints>false</useDomainConstraints>
<use>1</use>
<logicalDatatype>LOGDT011</logicalDatatype>
<ownDataTypeParameters>,,</ownDataTypeParameters>
<autoIncrementCycle>false</autoIncrementCycle>
</Column>
<Column name="class" id="C7BCA2BB-3556-98F5-6298-BA20631B27EB">
<createdBy>haras</createdBy>
<createdTime>2018-11-20 20:18:23 UTC</createdTime>
<generatorID>86F78A99-D992-57B4-256F-53945FDB216A</generatorID>
<ownerDesignName>blancpain_gt_series</ownerDesignName>
<useDomainConstraints>false</useDomainConstraints>
<use>1</use>
<logicalDatatype>LOGDT024</logicalDatatype>
<dataTypeSize>200 CHAR</dataTypeSize>
<ownDataTypeParameters>200 CHAR,,</ownDataTypeParameters>
<autoIncrementCycle>false</autoIncrementCycle>
</Column>
<Column name="power" id="07504A73-417B-F312-9AE1-5823799BCDCC">
<createdBy>haras</createdBy>
<createdTime>2018-11-20 20:18:23 UTC</createdTime>
<generatorID>86F776B8-3423-79B1-B12F-FD501F980B0F</generatorID>
<ownerDesignName>blancpain_gt_series</ownerDesignName>
<useDomainConstraints>false</useDomainConstraints>
<use>1</use>
<logicalDatatype>LOGDT011</logicalDatatype>
<ownDataTypeParameters>,,</ownDataTypeParameters>
<autoIncrementCycle>false</autoIncrementCycle>
</Column>
<Column name="weight" id="4207B626-B909-68C3-3F2C-ABF29A41C104">
<createdBy>haras</createdBy>
<createdTime>2018-11-20 20:18:23 UTC</createdTime>
<generatorID>E81FC77E-1A42-DE13-7382-62C8BA289D19</generatorID>
<ownerDesignName>blancpain_gt_series</ownerDesignName>
<useDomainConstraints>false</useDomainConstraints>
<use>1</use>
<logicalDatatype>LOGDT011</logicalDatatype>
<ownDataTypeParameters>,,</ownDataTypeParameters>
<autoIncrementCycle>false</autoIncrementCycle>
</Column>
<Column name="fuel_tank" id="58A0BD8E-2F36-363A-FB9D-EEFCC1274F16">
<createdBy>haras</createdBy>
<createdTime>2018-11-20 20:18:23 UTC</createdTime>
<generatorID>0C26131F-239C-17A7-B0B4-FDE860F01638</generatorID>
<ownerDesignName>blancpain_gt_series</ownerDesignName>
<useDomainConstraints>false</useDomainConstraints>
<use>1</use>
<logicalDatatype>LOGDT011</logicalDatatype>
<ownDataTypeParameters>,,</ownDataTypeParameters>
<autoIncrementCycle>false</autoIncrementCycle>
</Column>
<Column name="front_tyres" id="A7CBE8E0-68D3-BA07-E2EC-759E0EEB2660">
<createdBy>haras</createdBy>
<createdTime>2018-11-20 20:18:23 UTC</createdTime>
<generatorID>0BDBE719-63BE-EC27-AE21-07676CFC355F</generatorID>
<ownerDesignName>blancpain_gt_series</ownerDesignName>
<nullsAllowed>true</nullsAllowed>
<useDomainConstraints>false</useDomainConstraints>
<use>1</use>
<logicalDatatype>LOGDT024</logicalDatatype>
<dataTypeSize>50 CHAR</dataTypeSize>
<ownDataTypeParameters>50 CHAR,,</ownDataTypeParameters>
<autoIncrementCycle>false</autoIncrementCycle>
</Column>
<Column name="back_tyres" id="490AB1FB-86BB-1BFF-2B70-CC08ABA4CC9B">
<createdBy>haras</createdBy>
<createdTime>2018-11-20 20:18:23 UTC</createdTime>
<generatorID>79574764-3515-CC73-F0FB-AF7647494A62</generatorID>
<ownerDesignName>blancpain_gt_series</ownerDesignName>
<nullsAllowed>true</nullsAllowed>
<useDomainConstraints>false</useDomainConstraints>
<use>1</use>
<logicalDatatype>LOGDT024</logicalDatatype>
<dataTypeSize>50 CHAR</dataTypeSize>
<ownDataTypeParameters>50 CHAR,,</ownDataTypeParameters>
<autoIncrementCycle>false</autoIncrementCycle>
</Column>
<Column name="engine_layout" id="67CE84F2-45AE-E5B8-A71A-DD8D82F91E0D">
<createdBy>haras</createdBy>
<createdTime>2018-11-20 20:18:23 UTC</createdTime>
<generatorID>B1B9D5DA-13F4-323F-4DAA-5A46F51CDABC</generatorID>
<ownerDesignName>blancpain_gt_series</ownerDesignName>
<nullsAllowed>true</nullsAllowed>
<useDomainConstraints>false</useDomainConstraints>
<use>1</use>
<logicalDatatype>LOGDT024</logicalDatatype>
<dataTypeSize>50 CHAR</dataTypeSize>
<ownDataTypeParameters>50 CHAR,,</ownDataTypeParameters>
<autoIncrementCycle>false</autoIncrementCycle>
</Column>
<Column name="displacement" id="1E366149-1706-8E59-A801-CE951E8D7996">
<createdBy>haras</createdBy>
<createdTime>2018-11-20 20:18:23 UTC</createdTime>
<generatorID>70AA3B7E-EAFD-314A-9786-EE844B0603F1</generatorID>
<ownerDesignName>blancpain_gt_series</ownerDesignName>
<nullsAllowed>true</nullsAllowed>
<useDomainConstraints>false</useDomainConstraints>
<use>1</use>
<logicalDatatype>LOGDT011</logicalDatatype>
<ownDataTypeParameters>,,</ownDataTypeParameters>
<autoIncrementCycle>false</autoIncrementCycle>
</Column>
<Column name="length" id="D3D4461F-2FFF-16DC-7DE8-D39F8BDBA598">
<createdBy>haras</createdBy>
<createdTime>2018-11-20 20:18:23 UTC</createdTime>
<generatorID>64236B16-D6BA-D3A3-C185-8571905B796E</generatorID>
<ownerDesignName>blancpain_gt_series</ownerDesignName>
<nullsAllowed>true</nullsAllowed>
<useDomainConstraints>false</useDomainConstraints>
<use>1</use>
<logicalDatatype>LOGDT011</logicalDatatype>
<ownDataTypeParameters>,,</ownDataTypeParameters>
<autoIncrementCycle>false</autoIncrementCycle>
</Column>
<Column name="width" id="D6B23698-396D-AAAD-FF9F-EF5601032D50">
<createdBy>haras</createdBy>
<createdTime>2018-11-20 20:18:23 UTC</createdTime>
<generatorID>7637B559-8D22-83D2-5453-E5C261F53409</generatorID>
<ownerDesignName>blancpain_gt_series</ownerDesignName>
<nullsAllowed>true</nullsAllowed>
<useDomainConstraints>false</useDomainConstraints>
<use>1</use>
<logicalDatatype>LOGDT011</logicalDatatype>
<ownDataTypeParameters>,,</ownDataTypeParameters>
<autoIncrementCycle>false</autoIncrementCycle>
</Column>
<Column name="wheelbase" id="67213AD0-9781-6950-600B-9F47C598488B">
<createdBy>haras</createdBy>
<createdTime>2018-11-20 20:18:23 UTC</createdTime>
<generatorID>7BC579EB-A02E-37D0-0207-FD0C6380390D</generatorID>
<ownerDesignName>blancpain_gt_series</ownerDesignName>
<nullsAllowed>true</nullsAllowed>
<useDomainConstraints>false</useDomainConstraints>
<use>1</use>
<logicalDatatype>LOGDT011</logicalDatatype>
<ownDataTypeParameters>,,</ownDataTypeParameters>
<autoIncrementCycle>false</autoIncrementCycle>
</Column>
<Column name="Team_team_id" id="02040986-ED57-85C1-708F-CD30EFAB1407">
<createdBy>haras</createdBy>
<createdTime>2018-11-20 20:18:23 UTC</createdTime>
<generatorID>41A7B2F3-6380-777E-DBC2-880D5196F991</generatorID>
<ownerDesignName>blancpain_gt_series</ownerDesignName>
<useDomainConstraints>false</useDomainConstraints>
<use>1</use>
<logicalDatatype>LOGDT011</logicalDatatype>
<ownDataTypeParameters>,,</ownDataTypeParameters>
<previousColumn>false</previousColumn>
<autoIncrementCycle>false</autoIncrementCycle>
<associations>
<colAssociation fkAssociation="AD06517A-65B6-FE2F-553B-A45F82168003" referredColumn="079CE958-FFF3-5FDB-EFDD-0FA3AB7A3182"/>
</associations>
</Column>
</columns>
<indexes itemClass="oracle.dbtools.crest.model.design.relational.Index">
<ind_PK_UK id="8FE676A4-B7F4-FB2A-1C7E-9F1084ED192A" name="Racecar_PK">
<createdBy>haras</createdBy>
<createdTime>2018-11-20 20:18:23 UTC</createdTime>
<generatorID>A6EA1E4C-CD44-F930-33BC-8D8F49291EAB</generatorID>
<ownerDesignName>blancpain_gt_series</ownerDesignName>
<pk>true</pk>
<indexState>Primary Constraint</indexState>
<isSurrogateKey>false</isSurrogateKey>
<indexColumnUsage>
<colUsage columnID="C6A5F42E-29EE-6935-5ADB-3BD75D84738A"/>
</indexColumnUsage>
</ind_PK_UK>
<ind_PK_UK id="5172DD3F-5EFA-CDD5-27F8-3A2DB306BE0C" name="Racecar_Team_FK">
<createdBy>haras</createdBy>
<createdTime>2018-11-20 20:18:23 UTC</createdTime>
<generatorID>4E82373A-31B5-1269-8ADC-C8DD412AE8AB</generatorID>
<ownerDesignName>blancpain_gt_series</ownerDesignName>
<indexState>Foreign Key</indexState>
<isSurrogateKey>false</isSurrogateKey>
<indexColumnUsage>
<colUsage columnID="02040986-ED57-85C1-708F-CD30EFAB1407"/>
</indexColumnUsage>
</ind_PK_UK>
</indexes>
</Table>