<?xml version = '1.0' encoding = 'UTF-8'?>
<Table class="oracle.dbtools.crest.model.design.relational.Table" directorySegmentName="seg_0" id="9682C878-9D78-841F-70B6-03890E33DD7F" name="Driver_group">
<createdBy>haras</createdBy>
<createdTime>2018-11-20 20:18:23 UTC</createdTime>
<generatorID>6BC02C5B-75DF-D46C-E7FD-7E9C5EF46008</generatorID>
<ownerDesignName>blancpain_gt_series</ownerDesignName>
<allowColumnReorder>false</allowColumnReorder>
<existDependencyGenerateInDDl>true</existDependencyGenerateInDDl>
<parsed>true</parsed>
<columns itemClass="oracle.dbtools.crest.model.design.relational.Column">
<Column name="driver_group_id" id="C54BE87C-32B7-D6D1-0471-447CAA3617DA">
<createdBy>haras</createdBy>
<createdTime>2018-11-20 20:18:23 UTC</createdTime>
<generatorID>A2FE9D86-58E3-2238-DFC2-45A6BAA4E95A</generatorID>
<ownerDesignName>blancpain_gt_series</ownerDesignName>
<useDomainConstraints>false</useDomainConstraints>
<use>1</use>
<logicalDatatype>LOGDT011</logicalDatatype>
<ownDataTypeParameters>,,</ownDataTypeParameters>
<autoIncrementCycle>false</autoIncrementCycle>
</Column>
<Column name="Driver_driver_id" id="0CEE5D61-455D-A8F5-6499-3ACA63E7F713">
<createdBy>haras</createdBy>
<createdTime>2018-11-20 20:18:23 UTC</createdTime>
<generatorID>8B88B777-ED18-BCBA-9915-17F27A53302D</generatorID>
<ownerDesignName>blancpain_gt_series</ownerDesignName>
<useDomainConstraints>false</useDomainConstraints>
<use>1</use>
<logicalDatatype>LOGDT011</logicalDatatype>
<ownDataTypeParameters>,,</ownDataTypeParameters>
<previousColumn>false</previousColumn>
<autoIncrementCycle>false</autoIncrementCycle>
<associations>
<colAssociation fkAssociation="60632FE9-D386-4FC7-6F8E-D91E8FDA7AB0" referredColumn="5EC2720E-C455-6CD3-246A-83092C197D0F"/>
</associations>
</Column>
<Column name="Results_results_id" id="6D918A43-37D6-E1BD-7CC6-4134AB8E7863">
<createdBy>haras</createdBy>
<createdTime>2018-11-20 20:18:23 UTC</createdTime>
<generatorID>7AC4EB73-AA83-98C1-4D57-8F690D68F605</generatorID>
<ownerDesignName>blancpain_gt_series</ownerDesignName>
<useDomainConstraints>false</useDomainConstraints>
<use>1</use>
<logicalDatatype>LOGDT011</logicalDatatype>
<ownDataTypeParameters>,,</ownDataTypeParameters>
<previousColumn>false</previousColumn>
<autoIncrementCycle>false</autoIncrementCycle>
<associations>
<colAssociation fkAssociation="2D9E39AC-2476-0803-3C55-C3A8CFEF5A33" referredColumn="3F9CBD4E-0135-A42F-2F26-E3F76DD56E40"/>
</associations>
</Column>
</columns>
<indexes itemClass="oracle.dbtools.crest.model.design.relational.Index">
<ind_PK_UK id="C3C5F1A3-E2BB-629B-6E43-E5CC36777277" name="Driver_group_PK">
<createdBy>haras</createdBy>
<createdTime>2018-11-20 20:18:23 UTC</createdTime>
<generatorID>44070EB7-2564-6C69-04AC-E1B31922E546</generatorID>
<ownerDesignName>blancpain_gt_series</ownerDesignName>
<pk>true</pk>
<indexState>Primary Constraint</indexState>
<isSurrogateKey>false</isSurrogateKey>
<indexColumnUsage>
<colUsage columnID="C54BE87C-32B7-D6D1-0471-447CAA3617DA"/>
</indexColumnUsage>
</ind_PK_UK>
<ind_PK_UK id="78690C36-501C-4F46-9190-98A4A84623CD" name="Driver_group_Driver_FK">
<createdBy>haras</createdBy>
<createdTime>2018-11-20 20:18:23 UTC</createdTime>
<generatorID>2FAD9C2D-C5FA-1D5C-74F3-FDB08B3D20AA</generatorID>
<ownerDesignName>blancpain_gt_series</ownerDesignName>
<indexState>Foreign Key</indexState>
<isSurrogateKey>false</isSurrogateKey>
<indexColumnUsage>
<colUsage columnID="0CEE5D61-455D-A8F5-6499-3ACA63E7F713"/>
</indexColumnUsage>
</ind_PK_UK>
<ind_PK_UK id="AEE61246-7287-76F9-6F79-392E3257BD2D" name="Driver_group_Results_FK">
<createdBy>haras</createdBy>
<createdTime>2018-11-20 20:18:23 UTC</createdTime>
<generatorID>4D4E4DA1-FCC6-A032-5F46-A0CF3005EFFB</generatorID>
<ownerDesignName>blancpain_gt_series</ownerDesignName>
<indexState>Foreign Key</indexState>
<isSurrogateKey>false</isSurrogateKey>
<indexColumnUsage>
<colUsage columnID="6D918A43-37D6-E1BD-7CC6-4134AB8E7863"/>
</indexColumnUsage>
</ind_PK_UK>
</indexes>
</Table>