<?xml version = '1.0' encoding = 'UTF-8'?>
<FKArc class="oracle.dbtools.crest.model.design.relational.FKArc" directorySegmentName="seg_0" id="32140384-7F06-C13A-1718-B8230CB83DA1" name="FKArc_1">
<createdBy>haras</createdBy>
<createdTime>2018-11-12 17:56:28 UTC</createdTime>
<ownerDesignName>blancpain_gt_series</ownerDesignName>
<mandatory>false</mandatory>
<reverseArc>true</reverseArc>
<table>39B9D246-A9EA-84C3-631F-1C53B2A2D8BF</table>
<fkeys>
<fkeyID>FD22B895-DF67-E3BE-9773-D2499D583E65</fkeyID>
<fkeyID>35E290C5-5560-31BC-6ACE-CDE210E46615</fkeyID>
</fkeys>
</FKArc>