<?xml version = '1.0' encoding = 'UTF-8'?>
<FKIndexAssociation class="oracle.dbtools.crest.model.design.relational.FKIndexAssociation" directorySegmentName="seg_0" id="39C8E09F-7301-C3B1-445B-8B54F3D14110" containerWithKeyObject="A5936FA3-12A4-6906-91A6-9337187BB3C4" localFKIndex="C804C2B4-67E7-7EA7-C122-E4EBCA5427CD" name="Driver_group_Racecar_FK">
<createdBy>ivanharasta</createdBy>
<createdTime>2018-11-28 10:34:45 UTC</createdTime>
<generatorID>7BB62000-2417-65A0-B583-29313137722E</generatorID>
<ownerDesignName>blancpain_gt_series</ownerDesignName>
<referredTableLongName>Racecar</referredTableLongName>
<deleteRule>NO ACTION</deleteRule>
<referredTableID>A9F1BFC5-BBE1-FF97-8DB0-27B35EFE4746</referredTableID>
<keyObject>9E1E0C89-C847-D192-5FAE-0831E6003364</keyObject>
<referredKeyID>9E1E0C89-C847-D192-5FAE-0831E6003364</referredKeyID>
<mandatory>true</mandatory>
<refColNames>racecar_id</refColNames>
<transferable>true</transferable>
<rely>false</rely>
<columnDependencyConstraintGenerateInDDL>true</columnDependencyConstraintGenerateInDDL>
</FKIndexAssociation>