<?xml version = '1.0' encoding = 'UTF-8'?>
<FKIndexAssociation class="oracle.dbtools.crest.model.design.relational.FKIndexAssociation" directorySegmentName="seg_0" id="3D095106-782D-03AA-16E4-D250D1C89AA4" containerWithKeyObject="01FD00BC-1903-D8A8-AA0F-B71388ED9211" localFKIndex="3EE8D43C-24D8-347F-D34F-139A381C868D" name="Driver_driver_group_Driver_FK">
<createdBy>ivanharasta</createdBy>
<createdTime>2018-11-28 10:34:45 UTC</createdTime>
<generatorID>1ECFEBAA-CB5E-FF25-1C2C-4A1F9B96169F</generatorID>
<ownerDesignName>blancpain_gt_series</ownerDesignName>
<referredTableLongName>Driver</referredTableLongName>
<deleteRule>NO ACTION</deleteRule>
<referredTableID>DDA7C402-CC3E-BF40-FF2E-9A51E905CDF1</referredTableID>
<keyObject>1294D81D-77EA-0E84-6E8F-A84F07E9DDB1</keyObject>
<referredKeyID>1294D81D-77EA-0E84-6E8F-A84F07E9DDB1</referredKeyID>
<mandatory>true</mandatory>
<refColNames>driver_id</refColNames>
<transferable>true</transferable>
<rely>false</rely>
<columnDependencyConstraintGenerateInDDL>true</columnDependencyConstraintGenerateInDDL>
</FKIndexAssociation>