<?xml version = '1.0' encoding = 'UTF-8'?>
<FKIndexAssociation class="oracle.dbtools.crest.model.design.relational.FKIndexAssociation" directorySegmentName="seg_0" id="68CD4939-E5A4-D67F-87D9-53D0C4E0DBD8" containerWithKeyObject="59755387-664E-8EEF-25D9-CC7AA5BD9031" localFKIndex="4CC40713-B616-A612-6D0F-1D0D9FAACBB3" name="Mechanic_racecar_Mechanic_FK">
<createdBy>ivanharasta</createdBy>
<createdTime>2018-11-28 10:34:45 UTC</createdTime>
<generatorID>6EE76DEA-DD19-A84E-684C-0DE80B13E3AE</generatorID>
<ownerDesignName>blancpain_gt_series</ownerDesignName>
<referredTableLongName>Mechanic</referredTableLongName>
<deleteRule>NO ACTION</deleteRule>
<referredTableID>E308650F-F713-3518-477E-E8DFDC68D0C7</referredTableID>
<keyObject>D0AFD378-5B00-E0B7-4BB8-DBB7C0E541E9</keyObject>
<referredKeyID>D0AFD378-5B00-E0B7-4BB8-DBB7C0E541E9</referredKeyID>
<mandatory>true</mandatory>
<refColNames>mechanic_id</refColNames>
<transferable>true</transferable>
<rely>false</rely>
<columnDependencyConstraintGenerateInDDL>true</columnDependencyConstraintGenerateInDDL>
</FKIndexAssociation>