<?xml version = '1.0' encoding = 'UTF-8'?>
<FKIndexAssociation class="oracle.dbtools.crest.model.design.relational.FKIndexAssociation" directorySegmentName="seg_0" id="7778BE6C-A1D1-37C1-2345-D425E19E81A8" containerWithKeyObject="01FD00BC-1903-D8A8-AA0F-B71388ED9211" localFKIndex="D2B44642-138C-8411-65E2-6EF56FEF948B" name="Driver_driver_group_dg_FK">
<createdBy>ivanharasta</createdBy>
<createdTime>2018-11-28 10:34:45 UTC</createdTime>
<generatorID>1ECFEBAA-CB5E-FF25-1C2C-4A1F9B96169F</generatorID>
<ownerDesignName>blancpain_gt_series</ownerDesignName>
<referredTableLongName>Driver_group</referredTableLongName>
<deleteRule>NO ACTION</deleteRule>
<referredTableID>A5936FA3-12A4-6906-91A6-9337187BB3C4</referredTableID>
<keyObject>724887C5-F2E5-6DA7-9A8E-20E097E38F89</keyObject>
<referredKeyID>724887C5-F2E5-6DA7-9A8E-20E097E38F89</referredKeyID>
<mandatory>true</mandatory>
<refColNames>driver_group_id</refColNames>
<transferable>true</transferable>
<rely>false</rely>
<columnDependencyConstraintGenerateInDDL>true</columnDependencyConstraintGenerateInDDL>
</FKIndexAssociation>