<?xml version = '1.0' encoding = 'UTF-8'?>
<Table class="oracle.dbtools.crest.model.design.relational.Table" directorySegmentName="seg_0" id="268D2534-765B-2EA0-164F-058C17016F79" name="Results">
<createdBy>ivanharasta</createdBy>
<createdTime>2018-11-28 10:34:45 UTC</createdTime>
<generatorID>1242C64D-B469-A2CA-D098-6CF8F5502364</generatorID>
<ownerDesignName>blancpain_gt_series</ownerDesignName>
<allowColumnReorder>false</allowColumnReorder>
<existDependencyGenerateInDDl>true</existDependencyGenerateInDDl>
<parsed>true</parsed>
<columns itemClass="oracle.dbtools.crest.model.design.relational.Column">
<Column name="best_qualifying_laptime" id="7F70DD2A-CEF2-AE58-2C8A-AC4C21A665AB">
<createdBy>ivanharasta</createdBy>
<createdTime>2018-11-28 10:34:45 UTC</createdTime>
<generatorID>52809183-ED45-A2D9-12FA-C7342670BE91</generatorID>
<ownerDesignName>blancpain_gt_series</ownerDesignName>
<useDomainConstraints>false</useDomainConstraints>
<use>1</use>
<logicalDatatype>LOGDT024</logicalDatatype>
<dataTypeSize>100 CHAR</dataTypeSize>
<ownDataTypeParameters>100 CHAR,,</ownDataTypeParameters>
<autoIncrementCycle>false</autoIncrementCycle>
</Column>
<Column name="starting_position" id="69AD3F63-8F86-62A3-0B38-E9722C3DEFA5">
<createdBy>ivanharasta</createdBy>
<createdTime>2018-11-28 10:34:45 UTC</createdTime>
<generatorID>37D3B088-870A-D782-EADE-A05C7DB0C917</generatorID>
<ownerDesignName>blancpain_gt_series</ownerDesignName>
<useDomainConstraints>false</useDomainConstraints>
<use>1</use>
<logicalDatatype>LOGDT011</logicalDatatype>
<ownDataTypeParameters>,,</ownDataTypeParameters>
<autoIncrementCycle>false</autoIncrementCycle>
</Column>
<Column name="pits_count" id="03A30A7B-C28F-84F4-41C8-55262CA8B5ED">
<createdBy>ivanharasta</createdBy>
<createdTime>2018-11-28 10:34:45 UTC</createdTime>
<generatorID>83281F6E-740D-0587-A5A2-F82CF3FC5306</generatorID>
<ownerDesignName>blancpain_gt_series</ownerDesignName>
<useDomainConstraints>false</useDomainConstraints>
<use>1</use>
<logicalDatatype>LOGDT011</logicalDatatype>
<ownDataTypeParameters>,,</ownDataTypeParameters>
<autoIncrementCycle>false</autoIncrementCycle>
</Column>
<Column name="final_position" id="BA8B57CC-DC89-15FE-66E7-636DB187E888">
<createdBy>ivanharasta</createdBy>
<createdTime>2018-11-28 10:34:45 UTC</createdTime>
<generatorID>566EC30A-F45C-B896-3B2E-663A55EE4553</generatorID>
<ownerDesignName>blancpain_gt_series</ownerDesignName>
<nullsAllowed>true</nullsAllowed>
<useDomainConstraints>false</useDomainConstraints>
<use>1</use>
<logicalDatatype>LOGDT011</logicalDatatype>
<ownDataTypeParameters>,,</ownDataTypeParameters>
<autoIncrementCycle>false</autoIncrementCycle>
</Column>
<Column name="points" id="B12BAEEB-85C5-57B3-ECCF-DE5E78124114">
<createdBy>ivanharasta</createdBy>
<createdTime>2018-11-28 10:34:45 UTC</createdTime>
<generatorID>7167B7D6-44E4-3826-D04A-324757FAEB7C</generatorID>
<ownerDesignName>blancpain_gt_series</ownerDesignName>
<nullsAllowed>true</nullsAllowed>
<useDomainConstraints>false</useDomainConstraints>
<use>1</use>
<logicalDatatype>LOGDT011</logicalDatatype>
<ownDataTypeParameters>,,</ownDataTypeParameters>
<autoIncrementCycle>false</autoIncrementCycle>
</Column>
<Column name="incident_count" id="89B1BDF6-9DB9-FC2C-FD1C-4175B3B46D6D">
<createdBy>ivanharasta</createdBy>
<createdTime>2018-11-28 10:34:45 UTC</createdTime>
<generatorID>F5B81B10-F803-5AB8-3DE0-9617784F6C1D</generatorID>
<ownerDesignName>blancpain_gt_series</ownerDesignName>
<nullsAllowed>true</nullsAllowed>
<useDomainConstraints>false</useDomainConstraints>
<use>1</use>
<logicalDatatype>LOGDT011</logicalDatatype>
<ownDataTypeParameters>,,</ownDataTypeParameters>
<autoIncrementCycle>false</autoIncrementCycle>
</Column>
<Column name="Participation_participation_id" id="624293DD-206D-84C7-C514-310DA0920F65">
<createdBy>ivanharasta</createdBy>
<createdTime>2018-11-28 10:34:45 UTC</createdTime>
<generatorID>AF8BB0B7-70CD-CC2D-30C7-706756C41333</generatorID>
<ownerDesignName>blancpain_gt_series</ownerDesignName>
<useDomainConstraints>false</useDomainConstraints>
<use>1</use>
<logicalDatatype>LOGDT011</logicalDatatype>
<ownDataTypeParameters>,,</ownDataTypeParameters>
<previousColumn>false</previousColumn>
<autoIncrementCycle>false</autoIncrementCycle>
<associations>
<colAssociation fkAssociation="0FB1495D-5255-7068-7613-994C5C778364" referredColumn="4B34E8E6-4887-9904-85D1-455C7933D8EB"/>
</associations>
</Column>
</columns>
<indexes itemClass="oracle.dbtools.crest.model.design.relational.Index">
<ind_PK_UK id="8E11AA7E-CCED-30E8-21F2-A49A94FCEC62" name="Results_PK">
<createdBy>ivanharasta</createdBy>
<createdTime>2018-11-28 10:34:45 UTC</createdTime>
<generatorID>0DFE1A38-1CCB-9F2F-4160-02CB9EE06236</generatorID>
<ownerDesignName>blancpain_gt_series</ownerDesignName>
<pk>true</pk>
<indexState>Primary Constraint</indexState>
<isSurrogateKey>false</isSurrogateKey>
<indexColumnUsage>
<colUsage columnID="624293DD-206D-84C7-C514-310DA0920F65"/>
</indexColumnUsage>
</ind_PK_UK>
<ind_PK_UK id="2633077B-9E8B-89A2-4DA0-5F1C0D10F29B" name="Results_Participation_FK">
<createdBy>ivanharasta</createdBy>
<createdTime>2018-11-28 10:34:45 UTC</createdTime>
<generatorID>13771E7C-E81E-3BD1-1F63-0C0D1A43CAE5</generatorID>
<ownerDesignName>blancpain_gt_series</ownerDesignName>
<indexState>Foreign Key</indexState>
<isSurrogateKey>false</isSurrogateKey>
<indexColumnUsage>
<colUsage columnID="624293DD-206D-84C7-C514-310DA0920F65"/>
</indexColumnUsage>
</ind_PK_UK>
</indexes>
</Table>