<?xml version = '1.0' encoding = 'UTF-8'?>
<Table class="oracle.dbtools.crest.model.design.relational.Table" directorySegmentName="seg_0" id="294D71BD-0EC7-4039-99FF-0931090E2F25" name="Circuit_sponsor">
<createdBy>ivanharasta</createdBy>
<createdTime>2018-11-28 10:34:45 UTC</createdTime>
<ownerDesignName>blancpain_gt_series</ownerDesignName>
<allowColumnReorder>false</allowColumnReorder>
<existDependencyGenerateInDDl>true</existDependencyGenerateInDDl>
<parsed>true</parsed>
<columns itemClass="oracle.dbtools.crest.model.design.relational.Column">
<Column name="Sponsor_sponsor_id" id="3F06497E-BC6F-AE7B-0F3F-0CDDF357F782">
<createdBy>ivanharasta</createdBy>
<createdTime>2018-11-28 10:34:45 UTC</createdTime>
<ownerDesignName>blancpain_gt_series</ownerDesignName>
<useDomainConstraints>false</useDomainConstraints>
<use>1</use>
<logicalDatatype>LOGDT011</logicalDatatype>
<ownDataTypeParameters>,,</ownDataTypeParameters>
<previousColumn>false</previousColumn>
<autoIncrementCycle>false</autoIncrementCycle>
<associations>
<colAssociation fkAssociation="AF99D858-70BE-1383-1A86-D9CB78610829" referredColumn="C247D169-2139-AF22-B9AC-B7447061B2B2"/>
</associations>
</Column>
<Column name="Circuit_circuit_id" id="4CA76B1B-B5C0-CB2B-C6A2-2538F46C9C6F">
<createdBy>ivanharasta</createdBy>
<createdTime>2018-11-28 10:34:45 UTC</createdTime>
<ownerDesignName>blancpain_gt_series</ownerDesignName>
<useDomainConstraints>false</useDomainConstraints>
<use>1</use>
<logicalDatatype>LOGDT011</logicalDatatype>
<ownDataTypeParameters>,,</ownDataTypeParameters>
<previousColumn>false</previousColumn>
<autoIncrementCycle>false</autoIncrementCycle>
<associations>
<colAssociation fkAssociation="404D8812-98A8-1C7C-F89B-91734A49447C" referredColumn="64305CBB-9EA9-7AD1-D207-2F07E99A8C2B"/>
</associations>
</Column>
</columns>
<indexes itemClass="oracle.dbtools.crest.model.design.relational.Index">
<ind_PK_UK id="2A07C6F2-0054-120B-D4BC-C1C538E375B8" name="Circuit_sponsor_PK">
<createdBy>ivanharasta</createdBy>
<createdTime>2018-11-28 10:34:45 UTC</createdTime>
<ownerDesignName>blancpain_gt_series</ownerDesignName>
<pk>true</pk>
<indexState>Primary Constraint</indexState>
<isSurrogateKey>false</isSurrogateKey>
<indexColumnUsage>
<colUsage columnID="3F06497E-BC6F-AE7B-0F3F-0CDDF357F782"/>
<colUsage columnID="4CA76B1B-B5C0-CB2B-C6A2-2538F46C9C6F"/>
</indexColumnUsage>
</ind_PK_UK>
<ind_PK_UK id="559EB9ED-42B1-9584-0218-E141DDF15878" name="Circuit_sponsor_Sponsor_FK">
<createdBy>ivanharasta</createdBy>
<createdTime>2018-11-28 10:34:45 UTC</createdTime>
<generatorID>2D479DDB-DF3F-84BA-446B-2A288EBF12F7</generatorID>
<ownerDesignName>blancpain_gt_series</ownerDesignName>
<indexState>Foreign Key</indexState>
<isSurrogateKey>false</isSurrogateKey>
<indexColumnUsage>
<colUsage columnID="3F06497E-BC6F-AE7B-0F3F-0CDDF357F782"/>
</indexColumnUsage>
</ind_PK_UK>
<ind_PK_UK id="38A0C458-21DF-B403-4B01-33373F27F0E3" name="Circuit_sponsor_Circuit_FK">
<createdBy>ivanharasta</createdBy>
<createdTime>2018-11-28 10:34:45 UTC</createdTime>
<generatorID>2D479DDB-DF3F-84BA-446B-2A288EBF12F7</generatorID>
<ownerDesignName>blancpain_gt_series</ownerDesignName>
<indexState>Foreign Key</indexState>
<isSurrogateKey>false</isSurrogateKey>
<indexColumnUsage>
<colUsage columnID="4CA76B1B-B5C0-CB2B-C6A2-2538F46C9C6F"/>
</indexColumnUsage>
</ind_PK_UK>
</indexes>
</Table>