<?xml version = '1.0' encoding = 'UTF-8'?>
<Table class="oracle.dbtools.crest.model.design.relational.Table" directorySegmentName="seg_0" id="4D0DE4F8-316D-7802-9793-B2B82EF4B36D" name="Race">
<createdBy>ivanharasta</createdBy>
<createdTime>2018-11-28 10:34:45 UTC</createdTime>
<generatorID>07B39754-ADB8-1274-3A92-F0A26B99C2E3</generatorID>
<ownerDesignName>blancpain_gt_series</ownerDesignName>
<allowColumnReorder>false</allowColumnReorder>
<existDependencyGenerateInDDl>true</existDependencyGenerateInDDl>
<parsed>true</parsed>
<columns itemClass="oracle.dbtools.crest.model.design.relational.Column">
<Column name="session_id" id="D47EBEC0-0F77-3BA5-9883-542C00D4D3EC">
<createdBy>ivanharasta</createdBy>
<createdTime>2018-11-28 10:34:45 UTC</createdTime>
<generatorID>23F3BAFF-F248-B680-951D-282E6F2415A5</generatorID>
<ownerDesignName>blancpain_gt_series</ownerDesignName>
<useDomainConstraints>false</useDomainConstraints>
<use>1</use>
<logicalDatatype>LOGDT011</logicalDatatype>
<ownDataTypeParameters>,,</ownDataTypeParameters>
<autoIncrementCycle>false</autoIncrementCycle>
<associations>
<colAssociation fkAssociation="850520E3-00DD-C110-128F-0C3336705111" referredColumn="373C42E6-DF11-8ABF-7562-A70EE2DC4579"/>
</associations>
</Column>
<Column name="formation_lap" id="4909FA02-4684-EA50-5CE7-EF67D25F3319">
<createdBy>ivanharasta</createdBy>
<createdTime>2018-11-28 10:34:45 UTC</createdTime>
<generatorID>35D8DB68-B672-C6D9-2E0D-8173875DE214</generatorID>
<ownerDesignName>blancpain_gt_series</ownerDesignName>
<useDomainConstraints>false</useDomainConstraints>
<use>1</use>
<logicalDatatype>LOGDT006</logicalDatatype>
<dataTypeSize>1 CHAR</dataTypeSize>
<ownDataTypeParameters>1 CHAR,,</ownDataTypeParameters>
<autoIncrementCycle>false</autoIncrementCycle>
</Column>
<Column name="laps" id="8FAF7AD8-14DD-3A25-9E00-65A8BE47D8D2">
<createdBy>ivanharasta</createdBy>
<createdTime>2018-11-28 10:34:45 UTC</createdTime>
<generatorID>A3281C2E-26D8-D21E-6ABB-EBA3F36DA5CF</generatorID>
<ownerDesignName>blancpain_gt_series</ownerDesignName>
<useDomainConstraints>false</useDomainConstraints>
<use>1</use>
<logicalDatatype>LOGDT011</logicalDatatype>
<ownDataTypeParameters>,,</ownDataTypeParameters>
<autoIncrementCycle>false</autoIncrementCycle>
</Column>
</columns>
<indexes itemClass="oracle.dbtools.crest.model.design.relational.Index">
<ind_PK_UK id="A7A38123-3D98-B5FB-76A6-F75F49B7330C" name="Race_PK">
<createdBy>ivanharasta</createdBy>
<createdTime>2018-11-28 10:34:45 UTC</createdTime>
<generatorID>FEFDA260-C700-824B-2969-E081B068BB92</generatorID>
<ownerDesignName>blancpain_gt_series</ownerDesignName>
<pk>true</pk>
<indexState>Primary Constraint</indexState>
<isSurrogateKey>false</isSurrogateKey>
<indexColumnUsage>
<colUsage columnID="D47EBEC0-0F77-3BA5-9883-542C00D4D3EC"/>
</indexColumnUsage>
</ind_PK_UK>
<ind_PK_UK id="525F6E3D-F54E-1FF5-A9CC-0FDD565926A8" name="Race_Session_FK">
<createdBy>ivanharasta</createdBy>
<createdTime>2018-11-28 10:34:45 UTC</createdTime>
<generatorID>CEC824D1-C934-E3F1-EC59-45120A24BC43</generatorID>
<ownerDesignName>blancpain_gt_series</ownerDesignName>
<indexState>Foreign Key</indexState>
<isSurrogateKey>false</isSurrogateKey>
<indexColumnUsage>
<colUsage columnID="D47EBEC0-0F77-3BA5-9883-542C00D4D3EC"/>
</indexColumnUsage>
</ind_PK_UK>
</indexes>
</Table>