<?xml version = '1.0' encoding = 'UTF-8'?>
<Table class="oracle.dbtools.crest.model.design.relational.Table" directorySegmentName="seg_0" id="59755387-664E-8EEF-25D9-CC7AA5BD9031" name="Mechanic_racecar">
<createdBy>ivanharasta</createdBy>
<createdTime>2018-11-28 10:34:45 UTC</createdTime>
<ownerDesignName>blancpain_gt_series</ownerDesignName>
<allowColumnReorder>false</allowColumnReorder>
<existDependencyGenerateInDDl>true</existDependencyGenerateInDDl>
<parsed>true</parsed>
<columns itemClass="oracle.dbtools.crest.model.design.relational.Column">
<Column name="Racecar_racecar_id" id="B5AFAB57-A386-11D6-9CBB-93E93660C228">
<createdBy>ivanharasta</createdBy>
<createdTime>2018-11-28 10:34:45 UTC</createdTime>
<ownerDesignName>blancpain_gt_series</ownerDesignName>
<useDomainConstraints>false</useDomainConstraints>
<use>1</use>
<logicalDatatype>LOGDT011</logicalDatatype>
<ownDataTypeParameters>,,</ownDataTypeParameters>
<previousColumn>false</previousColumn>
<autoIncrementCycle>false</autoIncrementCycle>
<associations>
<colAssociation fkAssociation="AFEF54E7-FC61-DBC7-889A-CFB5ABCCDC63" referredColumn="29994242-7350-326B-9DFC-A21EEA6DD02F"/>
</associations>
</Column>
<Column name="Mechanic_mechanic_id" id="D72F31FF-7167-477E-04B7-7B2740BEE5F5">
<createdBy>ivanharasta</createdBy>
<createdTime>2018-11-28 10:34:45 UTC</createdTime>
<ownerDesignName>blancpain_gt_series</ownerDesignName>
<useDomainConstraints>false</useDomainConstraints>
<use>1</use>
<logicalDatatype>LOGDT011</logicalDatatype>
<ownDataTypeParameters>,,</ownDataTypeParameters>
<previousColumn>false</previousColumn>
<autoIncrementCycle>false</autoIncrementCycle>
<associations>
<colAssociation fkAssociation="68CD4939-E5A4-D67F-87D9-53D0C4E0DBD8" referredColumn="9D7997B9-1A20-BA80-E243-362F99D5FEFD"/>
</associations>
</Column>
</columns>
<indexes itemClass="oracle.dbtools.crest.model.design.relational.Index">
<ind_PK_UK id="09281C44-F14D-8B41-2E76-7EE8A0E1A317" name="Mechanic_racecar_PK">
<createdBy>ivanharasta</createdBy>
<createdTime>2018-11-28 10:34:45 UTC</createdTime>
<ownerDesignName>blancpain_gt_series</ownerDesignName>
<pk>true</pk>
<indexState>Primary Constraint</indexState>
<isSurrogateKey>false</isSurrogateKey>
<indexColumnUsage>
<colUsage columnID="B5AFAB57-A386-11D6-9CBB-93E93660C228"/>
<colUsage columnID="D72F31FF-7167-477E-04B7-7B2740BEE5F5"/>
</indexColumnUsage>
</ind_PK_UK>
<ind_PK_UK id="32A3C169-8218-032A-1287-7AB091C3326D" name="Mechanic_racecar_Racecar_FK">
<createdBy>ivanharasta</createdBy>
<createdTime>2018-11-28 10:34:45 UTC</createdTime>
<generatorID>6EE76DEA-DD19-A84E-684C-0DE80B13E3AE</generatorID>
<ownerDesignName>blancpain_gt_series</ownerDesignName>
<indexState>Foreign Key</indexState>
<isSurrogateKey>false</isSurrogateKey>
<indexColumnUsage>
<colUsage columnID="B5AFAB57-A386-11D6-9CBB-93E93660C228"/>
</indexColumnUsage>
</ind_PK_UK>
<ind_PK_UK id="4CC40713-B616-A612-6D0F-1D0D9FAACBB3" name="Mechanic_racecar_Mechanic_FK">
<createdBy>ivanharasta</createdBy>
<createdTime>2018-11-28 10:34:45 UTC</createdTime>
<generatorID>6EE76DEA-DD19-A84E-684C-0DE80B13E3AE</generatorID>
<ownerDesignName>blancpain_gt_series</ownerDesignName>
<indexState>Foreign Key</indexState>
<isSurrogateKey>false</isSurrogateKey>
<indexColumnUsage>
<colUsage columnID="D72F31FF-7167-477E-04B7-7B2740BEE5F5"/>
</indexColumnUsage>
</ind_PK_UK>
</indexes>
</Table>