<?xml version = '1.0' encoding = 'UTF-8'?>
<Table class="oracle.dbtools.crest.model.design.relational.Table" directorySegmentName="seg_0" id="A5936FA3-12A4-6906-91A6-9337187BB3C4" name="Driver_group">
<createdBy>ivanharasta</createdBy>
<createdTime>2018-11-28 10:34:45 UTC</createdTime>
<generatorID>6BC02C5B-75DF-D46C-E7FD-7E9C5EF46008</generatorID>
<ownerDesignName>blancpain_gt_series</ownerDesignName>
<allowColumnReorder>false</allowColumnReorder>
<existDependencyGenerateInDDl>true</existDependencyGenerateInDDl>
<parsed>true</parsed>
<columns itemClass="oracle.dbtools.crest.model.design.relational.Column">
<Column name="driver_group_id" id="75A3FF60-940E-0D36-8F71-49966CFD783D">
<createdBy>ivanharasta</createdBy>
<createdTime>2018-11-28 10:34:45 UTC</createdTime>
<generatorID>A2FE9D86-58E3-2238-DFC2-45A6BAA4E95A</generatorID>
<ownerDesignName>blancpain_gt_series</ownerDesignName>
<useDomainConstraints>false</useDomainConstraints>
<use>1</use>
<logicalDatatype>LOGDT011</logicalDatatype>
<ownDataTypeParameters>,,</ownDataTypeParameters>
<autoIncrementCycle>false</autoIncrementCycle>
</Column>
<Column name="Racecar_racecar_id" id="EE886FFB-C732-A800-05B2-50F04D6183E2">
<createdBy>ivanharasta</createdBy>
<createdTime>2018-11-28 10:34:45 UTC</createdTime>
<generatorID>787CFE82-93D1-814C-B0C3-F4992C4FA870</generatorID>
<ownerDesignName>blancpain_gt_series</ownerDesignName>
<useDomainConstraints>false</useDomainConstraints>
<use>1</use>
<logicalDatatype>LOGDT011</logicalDatatype>
<ownDataTypeParameters>,,</ownDataTypeParameters>
<previousColumn>false</previousColumn>
<autoIncrementCycle>false</autoIncrementCycle>
<associations>
<colAssociation fkAssociation="39C8E09F-7301-C3B1-445B-8B54F3D14110" referredColumn="29994242-7350-326B-9DFC-A21EEA6DD02F"/>
</associations>
</Column>
</columns>
<indexes itemClass="oracle.dbtools.crest.model.design.relational.Index">
<ind_PK_UK id="724887C5-F2E5-6DA7-9A8E-20E097E38F89" name="Driver_group_PK">
<createdBy>ivanharasta</createdBy>
<createdTime>2018-11-28 10:34:45 UTC</createdTime>
<generatorID>44070EB7-2564-6C69-04AC-E1B31922E546</generatorID>
<ownerDesignName>blancpain_gt_series</ownerDesignName>
<pk>true</pk>
<indexState>Primary Constraint</indexState>
<isSurrogateKey>false</isSurrogateKey>
<indexColumnUsage>
<colUsage columnID="75A3FF60-940E-0D36-8F71-49966CFD783D"/>
</indexColumnUsage>
</ind_PK_UK>
<ind_PK_UK id="C804C2B4-67E7-7EA7-C122-E4EBCA5427CD" name="Driver_group_Racecar_FK">
<createdBy>ivanharasta</createdBy>
<createdTime>2018-11-28 10:34:45 UTC</createdTime>
<generatorID>7BB62000-2417-65A0-B583-29313137722E</generatorID>
<ownerDesignName>blancpain_gt_series</ownerDesignName>
<indexState>Foreign Key</indexState>
<isSurrogateKey>false</isSurrogateKey>
<indexColumnUsage>
<colUsage columnID="EE886FFB-C732-A800-05B2-50F04D6183E2"/>
</indexColumnUsage>
</ind_PK_UK>
</indexes>
</Table>