<?xml version = '1.0' encoding = 'UTF-8'?>
<Table class="oracle.dbtools.crest.model.design.relational.Table" directorySegmentName="seg_0" id="A9F1BFC5-BBE1-FF97-8DB0-27B35EFE4746" name="Racecar">
<createdBy>ivanharasta</createdBy>
<createdTime>2018-11-28 10:34:45 UTC</createdTime>
<generatorID>BC127FEA-E230-551F-1D8D-0530AFA36110</generatorID>
<ownerDesignName>blancpain_gt_series</ownerDesignName>
<allowColumnReorder>false</allowColumnReorder>
<existDependencyGenerateInDDl>true</existDependencyGenerateInDDl>
<parsed>true</parsed>
<columns itemClass="oracle.dbtools.crest.model.design.relational.Column">
<Column name="racecar_id" id="29994242-7350-326B-9DFC-A21EEA6DD02F">
<createdBy>ivanharasta</createdBy>
<createdTime>2018-11-28 10:34:45 UTC</createdTime>
<generatorID>91753656-091A-5BA6-51A0-D4C8404A98D0</generatorID>
<ownerDesignName>blancpain_gt_series</ownerDesignName>
<useDomainConstraints>false</useDomainConstraints>
<use>1</use>
<logicalDatatype>LOGDT011</logicalDatatype>
<ownDataTypeParameters>,,</ownDataTypeParameters>
<autoIncrementCycle>false</autoIncrementCycle>
</Column>
<Column name="manufacturer" id="E26CB694-6644-4E6F-33B1-25B456136154">
<createdBy>ivanharasta</createdBy>
<createdTime>2018-11-28 10:34:45 UTC</createdTime>
<generatorID>B488FB69-3B9F-C40E-FDE5-DEF98AB611FF</generatorID>
<ownerDesignName>blancpain_gt_series</ownerDesignName>
<useDomainConstraints>false</useDomainConstraints>
<use>1</use>
<logicalDatatype>LOGDT024</logicalDatatype>
<dataTypeSize>200 CHAR</dataTypeSize>
<ownDataTypeParameters>200 CHAR,,</ownDataTypeParameters>
<autoIncrementCycle>false</autoIncrementCycle>
</Column>
<Column name="type" id="A3F3ADE1-BF22-686C-2CBF-841514A893D6">
<createdBy>ivanharasta</createdBy>
<createdTime>2018-11-28 10:34:45 UTC</createdTime>
<generatorID>50C4CB76-45E1-41B7-6D0D-45608B13F4E7</generatorID>
<ownerDesignName>blancpain_gt_series</ownerDesignName>
<useDomainConstraints>false</useDomainConstraints>
<use>1</use>
<logicalDatatype>LOGDT024</logicalDatatype>
<dataTypeSize>200 CHAR</dataTypeSize>
<ownDataTypeParameters>200 CHAR,,</ownDataTypeParameters>
<autoIncrementCycle>false</autoIncrementCycle>
</Column>
<Column name="full_name" id="8B4AA264-B9DD-663C-0013-DB447CE8B6B5">
<createdBy>ivanharasta</createdBy>
<createdTime>2018-11-28 10:34:45 UTC</createdTime>
<generatorID>776C8BDE-0ECC-6B18-D867-D700899CC9BD</generatorID>
<ownerDesignName>blancpain_gt_series</ownerDesignName>
<useDomainConstraints>false</useDomainConstraints>
<use>1</use>
<logicalDatatype>LOGDT024</logicalDatatype>
<dataTypeSize>200 CHAR</dataTypeSize>
<ownDataTypeParameters>200 CHAR,,</ownDataTypeParameters>
<autoIncrementCycle>false</autoIncrementCycle>
</Column>
<Column name="number" id="70B1510F-41CF-950B-BA97-FDE2E35C42C8">
<createdBy>ivanharasta</createdBy>
<createdTime>2018-11-28 10:34:45 UTC</createdTime>
<generatorID>D65A95D0-3D3E-063E-0F40-C72E8CF3004F</generatorID>
<ownerDesignName>blancpain_gt_series</ownerDesignName>
<useDomainConstraints>false</useDomainConstraints>
<use>1</use>
<logicalDatatype>LOGDT011</logicalDatatype>
<ownDataTypeParameters>,,</ownDataTypeParameters>
<autoIncrementCycle>false</autoIncrementCycle>
</Column>
<Column name="class" id="A4585966-A61A-D381-5EE8-DBFE77E771CE">
<createdBy>ivanharasta</createdBy>
<createdTime>2018-11-28 10:34:45 UTC</createdTime>
<generatorID>86F78A99-D992-57B4-256F-53945FDB216A</generatorID>
<ownerDesignName>blancpain_gt_series</ownerDesignName>
<useDomainConstraints>false</useDomainConstraints>
<use>1</use>
<logicalDatatype>LOGDT024</logicalDatatype>
<dataTypeSize>200 CHAR</dataTypeSize>
<ownDataTypeParameters>200 CHAR,,</ownDataTypeParameters>
<autoIncrementCycle>false</autoIncrementCycle>
</Column>
<Column name="power" id="82F4AE1E-3A05-F0EF-D9C6-B2D84518CB7F">
<createdBy>ivanharasta</createdBy>
<createdTime>2018-11-28 10:34:45 UTC</createdTime>
<generatorID>86F776B8-3423-79B1-B12F-FD501F980B0F</generatorID>
<ownerDesignName>blancpain_gt_series</ownerDesignName>
<useDomainConstraints>false</useDomainConstraints>
<use>1</use>
<logicalDatatype>LOGDT011</logicalDatatype>
<ownDataTypeParameters>,,</ownDataTypeParameters>
<autoIncrementCycle>false</autoIncrementCycle>
</Column>
<Column name="weight" id="3AF4A7C4-4A32-AC9D-0D12-16A9A9FB52CB">
<createdBy>ivanharasta</createdBy>
<createdTime>2018-11-28 10:34:45 UTC</createdTime>
<generatorID>E81FC77E-1A42-DE13-7382-62C8BA289D19</generatorID>
<ownerDesignName>blancpain_gt_series</ownerDesignName>
<useDomainConstraints>false</useDomainConstraints>
<use>1</use>
<logicalDatatype>LOGDT011</logicalDatatype>
<ownDataTypeParameters>,,</ownDataTypeParameters>
<autoIncrementCycle>false</autoIncrementCycle>
</Column>
<Column name="fuel_tank" id="FBCE4F37-412F-AC34-0954-34101DE22C24">
<createdBy>ivanharasta</createdBy>
<createdTime>2018-11-28 10:34:45 UTC</createdTime>
<generatorID>0C26131F-239C-17A7-B0B4-FDE860F01638</generatorID>
<ownerDesignName>blancpain_gt_series</ownerDesignName>
<useDomainConstraints>false</useDomainConstraints>
<use>1</use>
<logicalDatatype>LOGDT011</logicalDatatype>
<ownDataTypeParameters>,,</ownDataTypeParameters>
<autoIncrementCycle>false</autoIncrementCycle>
</Column>
<Column name="front_tyres" id="AB103502-DC7A-0048-C08D-1AFECAC1767F">
<createdBy>ivanharasta</createdBy>
<createdTime>2018-11-28 10:34:45 UTC</createdTime>
<generatorID>0BDBE719-63BE-EC27-AE21-07676CFC355F</generatorID>
<ownerDesignName>blancpain_gt_series</ownerDesignName>
<nullsAllowed>true</nullsAllowed>
<useDomainConstraints>false</useDomainConstraints>
<use>1</use>
<logicalDatatype>LOGDT024</logicalDatatype>
<dataTypeSize>50 CHAR</dataTypeSize>
<ownDataTypeParameters>50 CHAR,,</ownDataTypeParameters>
<autoIncrementCycle>false</autoIncrementCycle>
</Column>
<Column name="back_tyres" id="DCBC89C1-2E8C-5302-1AC0-09162E533A36">
<createdBy>ivanharasta</createdBy>
<createdTime>2018-11-28 10:34:45 UTC</createdTime>
<generatorID>79574764-3515-CC73-F0FB-AF7647494A62</generatorID>
<ownerDesignName>blancpain_gt_series</ownerDesignName>
<nullsAllowed>true</nullsAllowed>
<useDomainConstraints>false</useDomainConstraints>
<use>1</use>
<logicalDatatype>LOGDT024</logicalDatatype>
<dataTypeSize>50 CHAR</dataTypeSize>
<ownDataTypeParameters>50 CHAR,,</ownDataTypeParameters>
<autoIncrementCycle>false</autoIncrementCycle>
</Column>
<Column name="engine_layout" id="82AEE30B-9FF2-7D39-04FF-E2A457FAEC3C">
<createdBy>ivanharasta</createdBy>
<createdTime>2018-11-28 10:34:45 UTC</createdTime>
<generatorID>B1B9D5DA-13F4-323F-4DAA-5A46F51CDABC</generatorID>
<ownerDesignName>blancpain_gt_series</ownerDesignName>
<nullsAllowed>true</nullsAllowed>
<useDomainConstraints>false</useDomainConstraints>
<use>1</use>
<logicalDatatype>LOGDT024</logicalDatatype>
<dataTypeSize>50 CHAR</dataTypeSize>
<ownDataTypeParameters>50 CHAR,,</ownDataTypeParameters>
<autoIncrementCycle>false</autoIncrementCycle>
</Column>
<Column name="displacement" id="E5C4F804-32D7-6E1C-3A06-9A73DFC45E16">
<createdBy>ivanharasta</createdBy>
<createdTime>2018-11-28 10:34:45 UTC</createdTime>
<generatorID>70AA3B7E-EAFD-314A-9786-EE844B0603F1</generatorID>
<ownerDesignName>blancpain_gt_series</ownerDesignName>
<nullsAllowed>true</nullsAllowed>
<useDomainConstraints>false</useDomainConstraints>
<use>1</use>
<logicalDatatype>LOGDT011</logicalDatatype>
<ownDataTypeParameters>,,</ownDataTypeParameters>
<autoIncrementCycle>false</autoIncrementCycle>
</Column>
<Column name="length" id="EEE7593F-D1ED-643D-2EC7-B7B812BE0BD1">
<createdBy>ivanharasta</createdBy>
<createdTime>2018-11-28 10:34:45 UTC</createdTime>
<generatorID>64236B16-D6BA-D3A3-C185-8571905B796E</generatorID>
<ownerDesignName>blancpain_gt_series</ownerDesignName>
<nullsAllowed>true</nullsAllowed>
<useDomainConstraints>false</useDomainConstraints>
<use>1</use>
<logicalDatatype>LOGDT011</logicalDatatype>
<ownDataTypeParameters>,,</ownDataTypeParameters>
<autoIncrementCycle>false</autoIncrementCycle>
</Column>
<Column name="width" id="374240EA-77B3-B4AD-2B48-A809D76CD96B">
<createdBy>ivanharasta</createdBy>
<createdTime>2018-11-28 10:34:45 UTC</createdTime>
<generatorID>7637B559-8D22-83D2-5453-E5C261F53409</generatorID>
<ownerDesignName>blancpain_gt_series</ownerDesignName>
<nullsAllowed>true</nullsAllowed>
<useDomainConstraints>false</useDomainConstraints>
<use>1</use>
<logicalDatatype>LOGDT011</logicalDatatype>
<ownDataTypeParameters>,,</ownDataTypeParameters>
<autoIncrementCycle>false</autoIncrementCycle>
</Column>
<Column name="wheelbase" id="1669CC5F-130A-0C86-2E90-9DCF710DBBC3">
<createdBy>ivanharasta</createdBy>
<createdTime>2018-11-28 10:34:45 UTC</createdTime>
<generatorID>7BC579EB-A02E-37D0-0207-FD0C6380390D</generatorID>
<ownerDesignName>blancpain_gt_series</ownerDesignName>
<nullsAllowed>true</nullsAllowed>
<useDomainConstraints>false</useDomainConstraints>
<use>1</use>
<logicalDatatype>LOGDT011</logicalDatatype>
<ownDataTypeParameters>,,</ownDataTypeParameters>
<autoIncrementCycle>false</autoIncrementCycle>
</Column>
<Column name="Team_team_id" id="214D11E4-B19B-A1B8-64DA-4AEA03BEF7A0">
<createdBy>ivanharasta</createdBy>
<createdTime>2018-11-28 10:34:45 UTC</createdTime>
<generatorID>41A7B2F3-6380-777E-DBC2-880D5196F991</generatorID>
<ownerDesignName>blancpain_gt_series</ownerDesignName>
<useDomainConstraints>false</useDomainConstraints>
<use>1</use>
<logicalDatatype>LOGDT011</logicalDatatype>
<ownDataTypeParameters>,,</ownDataTypeParameters>
<previousColumn>false</previousColumn>
<autoIncrementCycle>false</autoIncrementCycle>
<associations>
<colAssociation fkAssociation="2DC2DCEC-12E5-8DB8-58D6-5CBA7728F691" referredColumn="D42DA370-087C-BB76-11EB-BE8D3FD1B179"/>
</associations>
</Column>
</columns>
<indexes itemClass="oracle.dbtools.crest.model.design.relational.Index">
<ind_PK_UK id="9E1E0C89-C847-D192-5FAE-0831E6003364" name="Racecar_PK">
<createdBy>ivanharasta</createdBy>
<createdTime>2018-11-28 10:34:45 UTC</createdTime>
<generatorID>A6EA1E4C-CD44-F930-33BC-8D8F49291EAB</generatorID>
<ownerDesignName>blancpain_gt_series</ownerDesignName>
<pk>true</pk>
<indexState>Primary Constraint</indexState>
<isSurrogateKey>false</isSurrogateKey>
<indexColumnUsage>
<colUsage columnID="29994242-7350-326B-9DFC-A21EEA6DD02F"/>
</indexColumnUsage>
</ind_PK_UK>
<ind_PK_UK id="0F3D89B7-DF5C-6496-ABE1-C20521291DD8" name="Racecar_Team_FK">
<createdBy>ivanharasta</createdBy>
<createdTime>2018-11-28 10:34:45 UTC</createdTime>
<generatorID>4E82373A-31B5-1269-8ADC-C8DD412AE8AB</generatorID>
<ownerDesignName>blancpain_gt_series</ownerDesignName>
<indexState>Foreign Key</indexState>
<isSurrogateKey>false</isSurrogateKey>
<indexColumnUsage>
<colUsage columnID="214D11E4-B19B-A1B8-64DA-4AEA03BEF7A0"/>
</indexColumnUsage>
</ind_PK_UK>
</indexes>
</Table>