<?xml version = '1.0' encoding = 'UTF-8'?>
<Table class="oracle.dbtools.crest.model.design.relational.Table" directorySegmentName="seg_0" id="D161D4C5-E313-1F28-5425-169B5DBFC0C6" name="Team">
<createdBy>ivanharasta</createdBy>
<createdTime>2018-11-28 10:34:45 UTC</createdTime>
<generatorID>E257AF62-98DA-6173-6933-8AF51093B698</generatorID>
<ownerDesignName>blancpain_gt_series</ownerDesignName>
<allowColumnReorder>false</allowColumnReorder>
<existDependencyGenerateInDDl>true</existDependencyGenerateInDDl>
<parsed>true</parsed>
<columns itemClass="oracle.dbtools.crest.model.design.relational.Column">
<Column name="team_id" id="D42DA370-087C-BB76-11EB-BE8D3FD1B179">
<createdBy>ivanharasta</createdBy>
<createdTime>2018-11-28 10:34:45 UTC</createdTime>
<generatorID>A1E2DFE6-2386-F175-513E-2A130D92DA7A</generatorID>
<ownerDesignName>blancpain_gt_series</ownerDesignName>
<useDomainConstraints>false</useDomainConstraints>
<use>1</use>
<logicalDatatype>LOGDT011</logicalDatatype>
<ownDataTypeParameters>,,</ownDataTypeParameters>
<autoIncrementCycle>false</autoIncrementCycle>
</Column>
<Column name="name" id="204A6905-E76F-C55A-D281-67054EBD4257">
<createdBy>ivanharasta</createdBy>
<createdTime>2018-11-28 10:34:45 UTC</createdTime>
<generatorID>60BFA2CD-8CB5-7299-505A-4F1F8D27DE9B</generatorID>
<ownerDesignName>blancpain_gt_series</ownerDesignName>
<useDomainConstraints>false</useDomainConstraints>
<use>1</use>
<logicalDatatype>LOGDT024</logicalDatatype>
<dataTypeSize>200 CHAR</dataTypeSize>
<ownDataTypeParameters>200 CHAR,,</ownDataTypeParameters>
<autoIncrementCycle>false</autoIncrementCycle>
</Column>
<Column name="foundation_date" id="695A31D0-0181-2085-CAE2-17942279CB76">
<createdBy>ivanharasta</createdBy>
<createdTime>2018-11-28 10:34:45 UTC</createdTime>
<generatorID>7B45F09D-EB56-BBEA-2E82-DF0ED9DDEAFD</generatorID>
<ownerDesignName>blancpain_gt_series</ownerDesignName>
<useDomainConstraints>false</useDomainConstraints>
<use>1</use>
<logicalDatatype>LOGDT007</logicalDatatype>
<ownDataTypeParameters>,,</ownDataTypeParameters>
<autoIncrementCycle>false</autoIncrementCycle>
</Column>
<Column name="website_url" id="045DC808-CA63-A689-F480-E2DB65B0B868">
<createdBy>ivanharasta</createdBy>
<createdTime>2018-11-28 10:34:45 UTC</createdTime>
<generatorID>6902DB43-C15F-8F7D-A6F5-363184D57512</generatorID>
<ownerDesignName>blancpain_gt_series</ownerDesignName>
<nullsAllowed>true</nullsAllowed>
<useDomainConstraints>false</useDomainConstraints>
<use>1</use>
<logicalDatatype>LOGDT024</logicalDatatype>
<dataTypeSize>200 CHAR</dataTypeSize>
<ownDataTypeParameters>200 CHAR,,</ownDataTypeParameters>
<autoIncrementCycle>false</autoIncrementCycle>
</Column>
</columns>
<indexes itemClass="oracle.dbtools.crest.model.design.relational.Index">
<ind_PK_UK id="67E7DE85-B8EA-BFD5-37BE-89B50D380417" name="Team_PK">
<createdBy>ivanharasta</createdBy>
<createdTime>2018-11-28 10:34:45 UTC</createdTime>
<generatorID>8B41C6B5-B5C2-076E-33CA-DE77AE9B02D2</generatorID>
<ownerDesignName>blancpain_gt_series</ownerDesignName>
<pk>true</pk>
<indexState>Primary Constraint</indexState>
<isSurrogateKey>false</isSurrogateKey>
<indexColumnUsage>
<colUsage columnID="D42DA370-087C-BB76-11EB-BE8D3FD1B179"/>
</indexColumnUsage>
</ind_PK_UK>
</indexes>
</Table>