delete from racecar;
delete from team;
delete from circuit;
commit;
insert into circuit (circuit_id, name, country, corners, length, car_capacity, viewers_capacity) values (1, 'Zolder', 'BE', 10, 4011, 26, 8010);
insert into circuit (circuit_id, name, country, corners, length, car_capacity, viewers_capacity) values (2, 'Monza', 'IT', 9, 5793, 40, 3440);
insert into circuit (circuit_id, name, country, corners, length, car_capacity, viewers_capacity) values (3, 'Brands Hatch', 'GB', 7, 4207, 36, 15474);
insert into circuit (circuit_id, name, country, corners, length, car_capacity, viewers_capacity) values (4, 'Silverstone', 'GB', 20, 5891, 38, 14533);
insert into circuit (circuit_id, name, country, corners, length, car_capacity, viewers_capacity) values (5, 'Paul Ricard', 'FR', 10, 3813, 35, 13401);
insert into circuit (circuit_id, name, country, corners, length, car_capacity, viewers_capacity) values (6, 'Misano', 'IT', 16, 4226, 31, 3671);
insert into circuit (circuit_id, name, country, corners, length, car_capacity, viewers_capacity) values (7, 'Spa', 'BE', 20, 7004, 32, 16098);
insert into circuit (circuit_id, name, country, corners, length, car_capacity, viewers_capacity) values (8, 'Hungaroring', 'HU', 16, 4381, 31, 18365);
insert into circuit (circuit_id, name, country, corners, length, car_capacity, viewers_capacity) values (9, 'Nurburgring', 'GE', 14, 5148, 39, 13587);
insert into circuit (circuit_id, name, country, corners, length, car_capacity, viewers_capacity) values (10, 'Barcelona', 'ES', 16, 4655, 35, 10329);
commit;
insert into team (team_id, foundation_date, name, website_url) values (1, '25.03.1975', 'Waters-Keeling', 'ycombinator.com');
insert into team (team_id, foundation_date, name, website_url) values (2, '18.04.1987', 'Smitham-Effertz', null);
insert into team (team_id, foundation_date, name, website_url) values (3, '16.04.1988', 'Torphy and Sons', 'printfriendly.com');
insert into team (team_id, foundation_date, name, website_url) values (4, '11.12.1974', 'Treutel, Hagenes and Ziemann', null);
insert into team (team_id, foundation_date, name, website_url) values (5, '15.01.2000', 'Kunze-Hammes', 'icq.com');
insert into team (team_id, foundation_date, name, website_url) values (6, '14.08.1990', 'Paucek, Cartwright and Kling', 'angelfire.com');
insert into team (team_id, foundation_date, name, website_url) values (7, '23.11.2002', 'McGlynn, Haley and Littel', 'blogtalkradio.com');
insert into team (team_id, foundation_date, name, website_url) values (8, '02.03.1996', 'Medhurst and Sons', null);
insert into team (team_id, foundation_date, name, website_url) values (9, '22.10.2002', 'Feeney Inc', null);
insert into team (team_id, foundation_date, name, website_url) values (10, '30.09.1977', 'Kuphal-VonRueden', null);
insert into team (team_id, foundation_date, name, website_url) values (11, '30.01.1972', 'Parisian, Heaney and Abernathy', 'nhs.uk');
insert into team (team_id, foundation_date, name, website_url) values (12, '27.05.1993', 'Littel-Gutkowski', null);
insert into team (team_id, foundation_date, name, website_url) values (13, '18.08.2005', 'Rowe LLC', null);
insert into team (team_id, foundation_date, name, website_url) values (14, '21.07.1987', 'Kohler-Simonis', null);
insert into team (team_id, foundation_date, name, website_url) values (15, '30.07.1979', 'Wuckert-Gerhold', null);
insert into team (team_id, foundation_date, name, website_url) values (16, '09.06.1976', 'Fisher LLC', null);
insert into team (team_id, foundation_date, name, website_url) values (17, '28.07.1977', 'Beahan, Fisher and Abshire', 'nydailynews.com');
insert into team (team_id, foundation_date, name, website_url) values (18, '08.01.2003', 'West, Swaniawski and Hoppe', 'seesaa.net');
insert into team (team_id, foundation_date, name, website_url) values (19, '01.07.1981', 'Mante-Spinka', null);
insert into team (team_id, foundation_date, name, website_url) values (20, '11.05.1972', 'Hahn LLC', null);
insert into team (team_id, foundation_date, name, website_url) values (21, '04.02.1977', 'Rogahn Group', null);
insert into team (team_id, foundation_date, name, website_url) values (22, '13.08.1974', 'Little and Sons', null);
insert into team (team_id, foundation_date, name, website_url) values (23, '12.06.1977', 'Tillman and Sons', null);
insert into team (team_id, foundation_date, name, website_url) values (24, '09.06.2000', 'Heathcote-Hansen', 'businesswire.com');
insert into team (team_id, foundation_date, name, website_url) values (25, '02.09.1975', 'Ryan, Weissnat and Kuhlman', 'arstechnica.com');
insert into team (team_id, foundation_date, name, website_url) values (26, '14.03.1988', 'Weimann and Sons', 'npr.org');
insert into team (team_id, foundation_date, name, website_url) values (27, '18.05.1972', 'Baumbach-Orn', 'sphinn.com');
insert into team (team_id, foundation_date, name, website_url) values (28, '31.05.1997', 'Hane Group', 'dell.com');
insert into team (team_id, foundation_date, name, website_url) values (29, '19.09.1998', 'Wiegand Inc', null);
insert into team (team_id, foundation_date, name, website_url) values (30, '06.07.1994', 'Rowe, Daugherty and Ritchie', null);
insert into team (team_id, foundation_date, name, website_url) values (31, '19.05.1999', 'Marquardt Inc', null);
insert into team (team_id, foundation_date, name, website_url) values (32, '30.06.1991', 'Dietrich and Sons', null);
insert into team (team_id, foundation_date, name, website_url) values (33, '29.02.1992', 'Gutkowski, Parisian and Sawayn', null);
insert into team (team_id, foundation_date, name, website_url) values (34, '13.04.2003', 'Armstrong-Trantow', null);
insert into team (team_id, foundation_date, name, website_url) values (35, '12.02.1986', 'Ebert Group', null);
insert into team (team_id, foundation_date, name, website_url) values (36, '31.05.2004', 'Wehner and Sons', null);
insert into team (team_id, foundation_date, name, website_url) values (37, '10.03.1991', 'Goldner Inc', null);
insert into team (team_id, foundation_date, name, website_url) values (38, '06.10.1977', 'Walker LLC', null);
insert into team (team_id, foundation_date, name, website_url) values (39, '13.04.2001', 'Bahringer, Nader and Kunze', 'artisteer.com');
insert into team (team_id, foundation_date, name, website_url) values (40, '26.04.2002', 'Rodriguez and Sons', null);
insert into team (team_id, foundation_date, name, website_url) values (41, '26.03.1980', 'Parker, Beahan and Mertz', 'blogger.com');
insert into team (team_id, foundation_date, name, website_url) values (42, '24.05.1991', 'Denesik, Altenwerth and Klein', null);
insert into team (team_id, foundation_date, name, website_url) values (43, '19.10.2004', 'Grady Inc', 'utexas.edu');
insert into team (team_id, foundation_date, name, website_url) values (44, '27.07.2001', 'Rippin, Cruickshank and Hoppe', null);
insert into team (team_id, foundation_date, name, website_url) values (45, '04.03.1990', 'Pfeffer Inc', null);
insert into team (team_id, foundation_date, name, website_url) values (46, '30.07.1975', 'Johnston and Sons', null);
insert into team (team_id, foundation_date, name, website_url) values (47, '02.02.1984', 'Pfeffer, Abbott and Waters', null);
insert into team (team_id, foundation_date, name, website_url) values (48, '11.08.1994', 'Roob-Watsica', null);
insert into team (team_id, foundation_date, name, website_url) values (49, '15.11.1993', 'Gottlieb, Skiles and Zemlak', null);
insert into team (team_id, foundation_date, name, website_url) values (50, '06.04.1991', 'O''Conner, Hagenes and Williamson', null);
commit;
insert into Racecar (racecar_id, manufacturer, type, full_name, "number", class, power, weight, fuel_tank, front_tyres, back_tyres, engine_layout, displacement, length, width, wheelbase, team_team_id) values (1, 'Aston Martin', 'Vantage V12 GT3', 'Aston Martin Vantage V12 GT3', 701, 'GT3', 550, 1265, 100, null, null, 'V12', null, null, null, null, 29);
insert into Racecar (racecar_id, manufacturer, type, full_name, "number", class, power, weight, fuel_tank, front_tyres, back_tyres, engine_layout, displacement, length, width, wheelbase, team_team_id) values (2, 'Audi', 'R8 LMS', 'Audi R8 LMS', 695, 'GT3', 568, 1235, 100, null, null, 'V10', null, null, null, null, 12);
insert into Racecar (racecar_id, manufacturer, type, full_name, "number", class, power, weight, fuel_tank, front_tyres, back_tyres, engine_layout, displacement, length, width, wheelbase, team_team_id) values (3, 'Bentley', 'Continental GT3', 'Bentley Continental GT3', 490, 'GT3', 564, 1269, 100, null, null, 'V8', null, null, null, null, 36);
insert into Racecar (racecar_id, manufacturer, type, full_name, "number", class, power, weight, fuel_tank, front_tyres, back_tyres, engine_layout, displacement, length, width, wheelbase, team_team_id) values (4, 'BMW', 'M6 GT3', 'BMW M6 GT3', 329, 'GT3', 563, 1233, 100, null, null, 'V8', null, null, null, null, 13);
insert into Racecar (racecar_id, manufacturer, type, full_name, "number", class, power, weight, fuel_tank, front_tyres, back_tyres, engine_layout, displacement, length, width, wheelbase, team_team_id) values (5, 'Emil Frey Jaguar', 'G3', 'Emil Frey Jaguar G3', 619, 'GT3', 575, 1257, 100, null, null, 'V8', null, null, null, null, 34);
insert into Racecar (racecar_id, manufacturer, type, full_name, "number", class, power, weight, fuel_tank, front_tyres, back_tyres, engine_layout, displacement, length, width, wheelbase, team_team_id) values (6, 'Ferrari', '488 GT3', 'Ferrari 488 GT3', 7, 'GT3', 551, 1237, 100, null, null, 'V8', null, null, null, null, 25);
insert into Racecar (racecar_id, manufacturer, type, full_name, "number", class, power, weight, fuel_tank, front_tyres, back_tyres, engine_layout, displacement, length, width, wheelbase, team_team_id) values (7, 'Lamborghini', 'Huracan GT3', 'Lamborghini Huracan GT3', 548, 'GT3', 600, 1237, 100, null, null, 'V10', null, null, null, null, 13);
insert into Racecar (racecar_id, manufacturer, type, full_name, "number", class, power, weight, fuel_tank, front_tyres, back_tyres, engine_layout, displacement, length, width, wheelbase, team_team_id) values (8, 'Lexus', 'RC F GT3', 'Lexus RC F GT3', 875, 'GT3', 595, 1275, 100, null, null, 'V8', null, null, null, null, 27);
insert into Racecar (racecar_id, manufacturer, type, full_name, "number", class, power, weight, fuel_tank, front_tyres, back_tyres, engine_layout, displacement, length, width, wheelbase, team_team_id) values (9, 'McLaren', '650S GT3', 'McLaren 650S GT3', 669, 'GT3', 590, 1300, 100, null, null, 'V8', null, null, null, null, 46);
insert into Racecar (racecar_id, manufacturer, type, full_name, "number", class, power, weight, fuel_tank, front_tyres, back_tyres, engine_layout, displacement, length, width, wheelbase, team_team_id) values (10, 'Mercedes-AMG', 'GT3', 'Mercedes-AMG GT3', 295, 'GT3', 572, 1265, 100, null, null, 'V8', null, null, null, null, 48);
insert into Racecar (racecar_id, manufacturer, type, full_name, "number", class, power, weight, fuel_tank, front_tyres, back_tyres, engine_layout, displacement, length, width, wheelbase, team_team_id) values (11, 'Nissan', 'GT-R Nismo GT3', 'Nissan GT-R Nismo GT3', 265, 'GT3', 594, 1296, 100, null, null, 'I6', null, null, null, null, 21);
insert into Racecar (racecar_id, manufacturer, type, full_name, "number", class, power, weight, fuel_tank, front_tyres, back_tyres, engine_layout, displacement, length, width, wheelbase, team_team_id) values (12, 'Porsche', '911 GT3 R', 'Porsche 911 GT3 R', 162, 'GT3', 591, 1267, 100, null, null, 'F6', null, null, null, null, 37);
insert into Racecar (racecar_id, manufacturer, type, full_name, "number", class, power, weight, fuel_tank, front_tyres, back_tyres, engine_layout, displacement, length, width, wheelbase, team_team_id) values (13, 'Aston Martin', 'Vantage V12 GT3', 'Aston Martin Vantage V12 GT3', 980, 'GT3', 553, 1298, 100, null, null, 'V12', null, null, null, null, 21);
insert into Racecar (racecar_id, manufacturer, type, full_name, "number", class, power, weight, fuel_tank, front_tyres, back_tyres, engine_layout, displacement, length, width, wheelbase, team_team_id) values (14, 'Audi', 'R8 LMS', 'Audi R8 LMS', 660, 'GT3', 565, 1300, 100, null, null, 'V10', null, null, null, null, 36);
insert into Racecar (racecar_id, manufacturer, type, full_name, "number", class, power, weight, fuel_tank, front_tyres, back_tyres, engine_layout, displacement, length, width, wheelbase, team_team_id) values (15, 'Bentley', 'Continental GT3', 'Bentley Continental GT3', 762, 'GT3', 552, 1289, 100, null, null, 'V8', null, null, null, null, 26);
insert into Racecar (racecar_id, manufacturer, type, full_name, "number", class, power, weight, fuel_tank, front_tyres, back_tyres, engine_layout, displacement, length, width, wheelbase, team_team_id) values (16, 'BMW', 'M6 GT3', 'BMW M6 GT3', 642, 'GT3', 557, 1254, 100, null, null, 'V8', null, null, null, null, 31);
insert into Racecar (racecar_id, manufacturer, type, full_name, "number", class, power, weight, fuel_tank, front_tyres, back_tyres, engine_layout, displacement, length, width, wheelbase, team_team_id) values (17, 'Emil Frey Jaguar', 'G3', 'Emil Frey Jaguar G3', 302, 'GT3', 573, 1282, 100, null, null, 'V8', null, null, null, null, 19);
insert into Racecar (racecar_id, manufacturer, type, full_name, "number", class, power, weight, fuel_tank, front_tyres, back_tyres, engine_layout, displacement, length, width, wheelbase, team_team_id) values (18, 'Ferrari', '488 GT3', 'Ferrari 488 GT3', 771, 'GT3', 559, 1238, 100, null, null, 'V8', null, null, null, null, 24);
insert into Racecar (racecar_id, manufacturer, type, full_name, "number", class, power, weight, fuel_tank, front_tyres, back_tyres, engine_layout, displacement, length, width, wheelbase, team_team_id) values (19, 'Lamborghini', 'Huracan GT3', 'Lamborghini Huracan GT3', 659, 'GT3', 573, 1277, 100, null, null, 'V10', null, null, null, null, 40);
insert into Racecar (racecar_id, manufacturer, type, full_name, "number", class, power, weight, fuel_tank, front_tyres, back_tyres, engine_layout, displacement, length, width, wheelbase, team_team_id) values (20, 'Lexus', 'RC F GT3', 'Lexus RC F GT3', 688, 'GT3', 591, 1268, 100, null, null, 'V8', null, null, null, null, 31);
insert into Racecar (racecar_id, manufacturer, type, full_name, "number", class, power, weight, fuel_tank, front_tyres, back_tyres, engine_layout, displacement, length, width, wheelbase, team_team_id) values (21, 'McLaren', '650S GT3', 'McLaren 650S GT3', 496, 'GT3', 565, 1250, 100, null, null, 'V8', null, null, null, null, 3);
insert into Racecar (racecar_id, manufacturer, type, full_name, "number", class, power, weight, fuel_tank, front_tyres, back_tyres, engine_layout, displacement, length, width, wheelbase, team_team_id) values (22, 'Mercedes-AMG', 'GT3', 'Mercedes-AMG GT3', 21, 'GT3', 556, 1242, 100, null, null, 'V8', null, null, null, null, 42);
insert into Racecar (racecar_id, manufacturer, type, full_name, "number", class, power, weight, fuel_tank, front_tyres, back_tyres, engine_layout, displacement, length, width, wheelbase, team_team_id) values (23, 'Nissan', 'GT-R Nismo GT3', 'Nissan GT-R Nismo GT3', 854, 'GT3', 592, 1234, 100, null, null, 'I6', null, null, null, null, 25);
insert into Racecar (racecar_id, manufacturer, type, full_name, "number", class, power, weight, fuel_tank, front_tyres, back_tyres, engine_layout, displacement, length, width, wheelbase, team_team_id) values (24, 'Porsche', '911 GT3 R', 'Porsche 911 GT3 R', 245, 'GT3', 566, 1275, 100, null, null, 'F6', null, null, null, null, 25);
insert into Racecar (racecar_id, manufacturer, type, full_name, "number", class, power, weight, fuel_tank, front_tyres, back_tyres, engine_layout, displacement, length, width, wheelbase, team_team_id) values (25, 'Aston Martin', 'Vantage V12 GT3', 'Aston Martin Vantage V12 GT3', 443, 'GT3', 571, 1259, 100, null, null, 'V12', null, null, null, null, 34);
insert into Racecar (racecar_id, manufacturer, type, full_name, "number", class, power, weight, fuel_tank, front_tyres, back_tyres, engine_layout, displacement, length, width, wheelbase, team_team_id) values (26, 'Audi', 'R8 LMS', 'Audi R8 LMS', 277, 'GT3', 574, 1299, 100, null, null, 'V10', null, null, null, null, 16);
insert into Racecar (racecar_id, manufacturer, type, full_name, "number", class, power, weight, fuel_tank, front_tyres, back_tyres, engine_layout, displacement, length, width, wheelbase, team_team_id) values (27, 'Bentley', 'Continental GT3', 'Bentley Continental GT3', 246, 'GT3', 589, 1252, 100, null, null, 'V8', null, null, null, null, 47);
insert into Racecar (racecar_id, manufacturer, type, full_name, "number", class, power, weight, fuel_tank, front_tyres, back_tyres, engine_layout, displacement, length, width, wheelbase, team_team_id) values (28, 'BMW', 'M6 GT3', 'BMW M6 GT3', 576, 'GT3', 591, 1259, 100, null, null, 'V8', null, null, null, null, 11);
insert into Racecar (racecar_id, manufacturer, type, full_name, "number", class, power, weight, fuel_tank, front_tyres, back_tyres, engine_layout, displacement, length, width, wheelbase, team_team_id) values (29, 'Emil Frey Jaguar', 'G3', 'Emil Frey Jaguar G3', 166, 'GT3', 586, 1260, 100, null, null, 'V8', null, null, null, null, 37);
insert into Racecar (racecar_id, manufacturer, type, full_name, "number", class, power, weight, fuel_tank, front_tyres, back_tyres, engine_layout, displacement, length, width, wheelbase, team_team_id) values (30, 'Ferrari', '488 GT3', 'Ferrari 488 GT3', 270, 'GT3', 577, 1243, 100, null, null, 'V8', null, null, null, null, 44);
insert into Racecar (racecar_id, manufacturer, type, full_name, "number", class, power, weight, fuel_tank, front_tyres, back_tyres, engine_layout, displacement, length, width, wheelbase, team_team_id) values (31, 'Lamborghini', 'Huracan GT3', 'Lamborghini Huracan GT3', 938, 'GT3', 564, 1255, 100, null, null, 'V10', null, null, null, null, 22);
insert into Racecar (racecar_id, manufacturer, type, full_name, "number", class, power, weight, fuel_tank, front_tyres, back_tyres, engine_layout, displacement, length, width, wheelbase, team_team_id) values (32, 'Lexus', 'RC F GT3', 'Lexus RC F GT3', 589, 'GT3', 566, 1239, 100, null, null, 'V8', null, null, null, null, 34);
insert into Racecar (racecar_id, manufacturer, type, full_name, "number", class, power, weight, fuel_tank, front_tyres, back_tyres, engine_layout, displacement, length, width, wheelbase, team_team_id) values (33, 'McLaren', '650S GT3', 'McLaren 650S GT3', 629, 'GT3', 575, 1287, 100, null, null, 'V8', null, null, null, null, 27);
insert into Racecar (racecar_id, manufacturer, type, full_name, "number", class, power, weight, fuel_tank, front_tyres, back_tyres, engine_layout, displacement, length, width, wheelbase, team_team_id) values (34, 'Mercedes-AMG', 'GT3', 'Mercedes-AMG GT3', 176, 'GT3', 557, 1233, 100, null, null, 'V8', null, null, null, null, 31);
insert into Racecar (racecar_id, manufacturer, type, full_name, "number", class, power, weight, fuel_tank, front_tyres, back_tyres, engine_layout, displacement, length, width, wheelbase, team_team_id) values (35, 'Nissan', 'GT-R Nismo GT3', 'Nissan GT-R Nismo GT3', 762, 'GT3', 572, 1253, 100, null, null, 'I6', null, null, null, null, 45);
insert into Racecar (racecar_id, manufacturer, type, full_name, "number", class, power, weight, fuel_tank, front_tyres, back_tyres, engine_layout, displacement, length, width, wheelbase, team_team_id) values (36, 'Porsche', '911 GT3 R', 'Porsche 911 GT3 R', 336, 'GT3', 577, 1282, 100, null, null, 'F6', null, null, null, null, 21);
insert into Racecar (racecar_id, manufacturer, type, full_name, "number", class, power, weight, fuel_tank, front_tyres, back_tyres, engine_layout, displacement, length, width, wheelbase, team_team_id) values (37, 'Aston Martin', 'Vantage V12 GT3', 'Aston Martin Vantage V12 GT3', 167, 'GT3', 593, 1294, 100, null, null, 'V12', null, null, null, null, 3);
insert into Racecar (racecar_id, manufacturer, type, full_name, "number", class, power, weight, fuel_tank, front_tyres, back_tyres, engine_layout, displacement, length, width, wheelbase, team_team_id) values (38, 'Audi', 'R8 LMS', 'Audi R8 LMS', 994, 'GT3', 573, 1243, 100, null, null, 'V10', null, null, null, null, 36);
insert into Racecar (racecar_id, manufacturer, type, full_name, "number", class, power, weight, fuel_tank, front_tyres, back_tyres, engine_layout, displacement, length, width, wheelbase, team_team_id) values (39, 'Bentley', 'Continental GT3', 'Bentley Continental GT3', 26, 'GT3', 575, 1280, 100, null, null, 'V8', null, null, null, null, 26);
insert into Racecar (racecar_id, manufacturer, type, full_name, "number", class, power, weight, fuel_tank, front_tyres, back_tyres, engine_layout, displacement, length, width, wheelbase, team_team_id) values (40, 'BMW', 'M6 GT3', 'BMW M6 GT3', 484, 'GT3', 570, 1245, 100, null, null, 'V8', null, null, null, null, 13);
insert into Racecar (racecar_id, manufacturer, type, full_name, "number", class, power, weight, fuel_tank, front_tyres, back_tyres, engine_layout, displacement, length, width, wheelbase, team_team_id) values (41, 'Emil Frey Jaguar', 'G3', 'Emil Frey Jaguar G3', 872, 'GT3', 571, 1277, 100, null, null, 'V8', null, null, null, null, 12);
insert into Racecar (racecar_id, manufacturer, type, full_name, "number", class, power, weight, fuel_tank, front_tyres, back_tyres, engine_layout, displacement, length, width, wheelbase, team_team_id) values (42, 'Ferrari', '488 GT3', 'Ferrari 488 GT3', 733, 'GT3', 580, 1287, 100, null, null, 'V8', null, null, null, null, 6);
insert into Racecar (racecar_id, manufacturer, type, full_name, "number", class, power, weight, fuel_tank, front_tyres, back_tyres, engine_layout, displacement, length, width, wheelbase, team_team_id) values (43, 'Lamborghini', 'Huracan GT3', 'Lamborghini Huracan GT3', 76, 'GT3', 595, 1292, 100, null, null, 'V10', null, null, null, null, 46);
insert into Racecar (racecar_id, manufacturer, type, full_name, "number", class, power, weight, fuel_tank, front_tyres, back_tyres, engine_layout, displacement, length, width, wheelbase, team_team_id) values (44, 'Lexus', 'RC F GT3', 'Lexus RC F GT3', 570, 'GT3', 589, 1258, 100, null, null, 'V8', null, null, null, null, 6);
insert into Racecar (racecar_id, manufacturer, type, full_name, "number", class, power, weight, fuel_tank, front_tyres, back_tyres, engine_layout, displacement, length, width, wheelbase, team_team_id) values (45, 'McLaren', '650S GT3', 'McLaren 650S GT3', 485, 'GT3', 565, 1238, 100, null, null, 'V8', null, null, null, null, 32);
insert into Racecar (racecar_id, manufacturer, type, full_name, "number", class, power, weight, fuel_tank, front_tyres, back_tyres, engine_layout, displacement, length, width, wheelbase, team_team_id) values (46, 'Mercedes-AMG', 'GT3', 'Mercedes-AMG GT3', 378, 'GT3', 567, 1265, 100, null, null, 'V8', null, null, null, null, 5);
insert into Racecar (racecar_id, manufacturer, type, full_name, "number", class, power, weight, fuel_tank, front_tyres, back_tyres, engine_layout, displacement, length, width, wheelbase, team_team_id) values (47, 'Nissan', 'GT-R Nismo GT3', 'Nissan GT-R Nismo GT3', 547, 'GT3', 554, 1233, 100, null, null, 'I6', null, null, null, null, 22);
insert into Racecar (racecar_id, manufacturer, type, full_name, "number", class, power, weight, fuel_tank, front_tyres, back_tyres, engine_layout, displacement, length, width, wheelbase, team_team_id) values (48, 'Porsche', '911 GT3 R', 'Porsche 911 GT3 R', 76, 'GT3', 598, 1287, 100, null, null, 'F6', null, null, null, null, 38);
insert into Racecar (racecar_id, manufacturer, type, full_name, "number", class, power, weight, fuel_tank, front_tyres, back_tyres, engine_layout, displacement, length, width, wheelbase, team_team_id) values (49, 'Aston Martin', 'Vantage V12 GT3', 'Aston Martin Vantage V12 GT3', 526, 'GT3', 597, 1273, 100, null, null, 'V12', null, null, null, null, 48);
insert into Racecar (racecar_id, manufacturer, type, full_name, "number", class, power, weight, fuel_tank, front_tyres, back_tyres, engine_layout, displacement, length, width, wheelbase, team_team_id) values (50, 'Audi', 'R8 LMS', 'Audi R8 LMS', 114, 'GT3', 599, 1275, 100, null, null, 'V10', null, null, null, null, 21);
insert into Racecar (racecar_id, manufacturer, type, full_name, "number", class, power, weight, fuel_tank, front_tyres, back_tyres, engine_layout, displacement, length, width, wheelbase, team_team_id) values (51, 'Bentley', 'Continental GT3', 'Bentley Continental GT3', 560, 'GT3', 580, 1260, 100, null, null, 'V8', null, null, null, null, 42);
insert into Racecar (racecar_id, manufacturer, type, full_name, "number", class, power, weight, fuel_tank, front_tyres, back_tyres, engine_layout, displacement, length, width, wheelbase, team_team_id) values (52, 'BMW', 'M6 GT3', 'BMW M6 GT3', 906, 'GT3', 597, 1293, 100, null, null, 'V8', null, null, null, null, 17);
insert into Racecar (racecar_id, manufacturer, type, full_name, "number", class, power, weight, fuel_tank, front_tyres, back_tyres, engine_layout, displacement, length, width, wheelbase, team_team_id) values (53, 'Emil Frey Jaguar', 'G3', 'Emil Frey Jaguar G3', 319, 'GT3', 600, 1247, 100, null, null, 'V8', null, null, null, null, 22);
insert into Racecar (racecar_id, manufacturer, type, full_name, "number", class, power, weight, fuel_tank, front_tyres, back_tyres, engine_layout, displacement, length, width, wheelbase, team_team_id) values (54, 'Ferrari', '488 GT3', 'Ferrari 488 GT3', 171, 'GT3', 570, 1287, 100, null, null, 'V8', null, null, null, null, 44);
insert into Racecar (racecar_id, manufacturer, type, full_name, "number", class, power, weight, fuel_tank, front_tyres, back_tyres, engine_layout, displacement, length, width, wheelbase, team_team_id) values (55, 'Lamborghini', 'Huracan GT3', 'Lamborghini Huracan GT3', 271, 'GT3', 593, 1242, 100, null, null, 'V10', null, null, null, null, 3);
insert into Racecar (racecar_id, manufacturer, type, full_name, "number", class, power, weight, fuel_tank, front_tyres, back_tyres, engine_layout, displacement, length, width, wheelbase, team_team_id) values (56, 'Lexus', 'RC F GT3', 'Lexus RC F GT3', 275, 'GT3', 597, 1276, 100, null, null, 'V8', null, null, null, null, 20);
insert into Racecar (racecar_id, manufacturer, type, full_name, "number", class, power, weight, fuel_tank, front_tyres, back_tyres, engine_layout, displacement, length, width, wheelbase, team_team_id) values (57, 'McLaren', '650S GT3', 'McLaren 650S GT3', 978, 'GT3', 565, 1287, 100, null, null, 'V8', null, null, null, null, 43);
insert into Racecar (racecar_id, manufacturer, type, full_name, "number", class, power, weight, fuel_tank, front_tyres, back_tyres, engine_layout, displacement, length, width, wheelbase, team_team_id) values (58, 'Mercedes-AMG', 'GT3', 'Mercedes-AMG GT3', 332, 'GT3', 556, 1278, 100, null, null, 'V8', null, null, null, null, 37);
insert into Racecar (racecar_id, manufacturer, type, full_name, "number", class, power, weight, fuel_tank, front_tyres, back_tyres, engine_layout, displacement, length, width, wheelbase, team_team_id) values (59, 'Nissan', 'GT-R Nismo GT3', 'Nissan GT-R Nismo GT3', 708, 'GT3', 575, 1247, 100, null, null, 'I6', null, null, null, null, 47);
insert into Racecar (racecar_id, manufacturer, type, full_name, "number", class, power, weight, fuel_tank, front_tyres, back_tyres, engine_layout, displacement, length, width, wheelbase, team_team_id) values (60, 'Porsche', '911 GT3 R', 'Porsche 911 GT3 R', 462, 'GT3', 568, 1290, 100, null, null, 'F6', null, null, null, null, 27);
insert into Racecar (racecar_id, manufacturer, type, full_name, "number", class, power, weight, fuel_tank, front_tyres, back_tyres, engine_layout, displacement, length, width, wheelbase, team_team_id) values (61, 'Aston Martin', 'Vantage V12 GT3', 'Aston Martin Vantage V12 GT3', 254, 'GT3', 598, 1266, 100, null, null, 'V12', null, null, null, null, 11);
insert into Racecar (racecar_id, manufacturer, type, full_name, "number", class, power, weight, fuel_tank, front_tyres, back_tyres, engine_layout, displacement, length, width, wheelbase, team_team_id) values (62, 'Audi', 'R8 LMS', 'Audi R8 LMS', 798, 'GT3', 592, 1267, 100, null, null, 'V10', null, null, null, null, 42);
insert into Racecar (racecar_id, manufacturer, type, full_name, "number", class, power, weight, fuel_tank, front_tyres, back_tyres, engine_layout, displacement, length, width, wheelbase, team_team_id) values (63, 'Bentley', 'Continental GT3', 'Bentley Continental GT3', 371, 'GT3', 588, 1248, 100, null, null, 'V8', null, null, null, null, 31);
insert into Racecar (racecar_id, manufacturer, type, full_name, "number", class, power, weight, fuel_tank, front_tyres, back_tyres, engine_layout, displacement, length, width, wheelbase, team_team_id) values (64, 'BMW', 'M6 GT3', 'BMW M6 GT3', 203, 'GT3', 579, 1279, 100, null, null, 'V8', null, null, null, null, 20);
insert into Racecar (racecar_id, manufacturer, type, full_name, "number", class, power, weight, fuel_tank, front_tyres, back_tyres, engine_layout, displacement, length, width, wheelbase, team_team_id) values (65, 'Emil Frey Jaguar', 'G3', 'Emil Frey Jaguar G3', 187, 'GT3', 573, 1266, 100, null, null, 'V8', null, null, null, null, 50);
insert into Racecar (racecar_id, manufacturer, type, full_name, "number", class, power, weight, fuel_tank, front_tyres, back_tyres, engine_layout, displacement, length, width, wheelbase, team_team_id) values (66, 'Ferrari', '488 GT3', 'Ferrari 488 GT3', 201, 'GT3', 574, 1236, 100, null, null, 'V8', null, null, null, null, 20);
insert into Racecar (racecar_id, manufacturer, type, full_name, "number", class, power, weight, fuel_tank, front_tyres, back_tyres, engine_layout, displacement, length, width, wheelbase, team_team_id) values (67, 'Lamborghini', 'Huracan GT3', 'Lamborghini Huracan GT3', 425, 'GT3', 583, 1259, 100, null, null, 'V10', null, null, null, null, 20);
insert into Racecar (racecar_id, manufacturer, type, full_name, "number", class, power, weight, fuel_tank, front_tyres, back_tyres, engine_layout, displacement, length, width, wheelbase, team_team_id) values (68, 'Lexus', 'RC F GT3', 'Lexus RC F GT3', 337, 'GT3', 576, 1237, 100, null, null, 'V8', null, null, null, null, 10);
insert into Racecar (racecar_id, manufacturer, type, full_name, "number", class, power, weight, fuel_tank, front_tyres, back_tyres, engine_layout, displacement, length, width, wheelbase, team_team_id) values (69, 'McLaren', '650S GT3', 'McLaren 650S GT3', 86, 'GT3', 572, 1255, 100, null, null, 'V8', null, null, null, null, 42);
insert into Racecar (racecar_id, manufacturer, type, full_name, "number", class, power, weight, fuel_tank, front_tyres, back_tyres, engine_layout, displacement, length, width, wheelbase, team_team_id) values (70, 'Mercedes-AMG', 'GT3', 'Mercedes-AMG GT3', 160, 'GT3', 563, 1236, 100, null, null, 'V8', null, null, null, null, 18);
insert into Racecar (racecar_id, manufacturer, type, full_name, "number", class, power, weight, fuel_tank, front_tyres, back_tyres, engine_layout, displacement, length, width, wheelbase, team_team_id) values (71, 'Nissan', 'GT-R Nismo GT3', 'Nissan GT-R Nismo GT3', 869, 'GT3', 590, 1256, 100, null, null, 'I6', null, null, null, null, 46);
insert into Racecar (racecar_id, manufacturer, type, full_name, "number", class, power, weight, fuel_tank, front_tyres, back_tyres, engine_layout, displacement, length, width, wheelbase, team_team_id) values (72, 'Porsche', '911 GT3 R', 'Porsche 911 GT3 R', 800, 'GT3', 554, 1288, 100, null, null, 'F6', null, null, null, null, 3);
insert into Racecar (racecar_id, manufacturer, type, full_name, "number", class, power, weight, fuel_tank, front_tyres, back_tyres, engine_layout, displacement, length, width, wheelbase, team_team_id) values (73, 'Aston Martin', 'Vantage V12 GT3', 'Aston Martin Vantage V12 GT3', 117, 'GT3', 582, 1279, 100, null, null, 'V12', null, null, null, null, 14);
insert into Racecar (racecar_id, manufacturer, type, full_name, "number", class, power, weight, fuel_tank, front_tyres, back_tyres, engine_layout, displacement, length, width, wheelbase, team_team_id) values (74, 'Audi', 'R8 LMS', 'Audi R8 LMS', 256, 'GT3', 559, 1236, 100, null, null, 'V10', null, null, null, null, 31);
insert into Racecar (racecar_id, manufacturer, type, full_name, "number", class, power, weight, fuel_tank, front_tyres, back_tyres, engine_layout, displacement, length, width, wheelbase, team_team_id) values (75, 'Bentley', 'Continental GT3', 'Bentley Continental GT3', 777, 'GT3', 587, 1290, 100, null, null, 'V8', null, null, null, null, 6);
insert into Racecar (racecar_id, manufacturer, type, full_name, "number", class, power, weight, fuel_tank, front_tyres, back_tyres, engine_layout, displacement, length, width, wheelbase, team_team_id) values (76, 'BMW', 'M6 GT3', 'BMW M6 GT3', 742, 'GT3', 593, 1264, 100, null, null, 'V8', null, null, null, null, 18);
insert into Racecar (racecar_id, manufacturer, type, full_name, "number", class, power, weight, fuel_tank, front_tyres, back_tyres, engine_layout, displacement, length, width, wheelbase, team_team_id) values (77, 'Emil Frey Jaguar', 'G3', 'Emil Frey Jaguar G3', 934, 'GT3', 586, 1239, 100, null, null, 'V8', null, null, null, null, 4);
insert into Racecar (racecar_id, manufacturer, type, full_name, "number", class, power, weight, fuel_tank, front_tyres, back_tyres, engine_layout, displacement, length, width, wheelbase, team_team_id) values (78, 'Ferrari', '488 GT3', 'Ferrari 488 GT3', 753, 'GT3', 558, 1297, 100, null, null, 'V8', null, null, null, null, 49);
insert into Racecar (racecar_id, manufacturer, type, full_name, "number", class, power, weight, fuel_tank, front_tyres, back_tyres, engine_layout, displacement, length, width, wheelbase, team_team_id) values (79, 'Lamborghini', 'Huracan GT3', 'Lamborghini Huracan GT3', 176, 'GT3', 596, 1287, 100, null, null, 'V10', null, null, null, null, 27);
insert into Racecar (racecar_id, manufacturer, type, full_name, "number", class, power, weight, fuel_tank, front_tyres, back_tyres, engine_layout, displacement, length, width, wheelbase, team_team_id) values (80, 'Lexus', 'RC F GT3', 'Lexus RC F GT3', 702, 'GT3', 574, 1270, 100, null, null, 'V8', null, null, null, null, 24);
insert into Racecar (racecar_id, manufacturer, type, full_name, "number", class, power, weight, fuel_tank, front_tyres, back_tyres, engine_layout, displacement, length, width, wheelbase, team_team_id) values (81, 'McLaren', '650S GT3', 'McLaren 650S GT3', 831, 'GT3', 590, 1269, 100, null, null, 'V8', null, null, null, null, 17);
insert into Racecar (racecar_id, manufacturer, type, full_name, "number", class, power, weight, fuel_tank, front_tyres, back_tyres, engine_layout, displacement, length, width, wheelbase, team_team_id) values (82, 'Mercedes-AMG', 'GT3', 'Mercedes-AMG GT3', 703, 'GT3', 588, 1295, 100, null, null, 'V8', null, null, null, null, 32);
insert into Racecar (racecar_id, manufacturer, type, full_name, "number", class, power, weight, fuel_tank, front_tyres, back_tyres, engine_layout, displacement, length, width, wheelbase, team_team_id) values (83, 'Nissan', 'GT-R Nismo GT3', 'Nissan GT-R Nismo GT3', 142, 'GT3', 587, 1268, 100, null, null, 'I6', null, null, null, null, 32);
insert into Racecar (racecar_id, manufacturer, type, full_name, "number", class, power, weight, fuel_tank, front_tyres, back_tyres, engine_layout, displacement, length, width, wheelbase, team_team_id) values (84, 'Porsche', '911 GT3 R', 'Porsche 911 GT3 R', 678, 'GT3', 551, 1294, 100, null, null, 'F6', null, null, null, null, 48);
insert into Racecar (racecar_id, manufacturer, type, full_name, "number", class, power, weight, fuel_tank, front_tyres, back_tyres, engine_layout, displacement, length, width, wheelbase, team_team_id) values (85, 'Aston Martin', 'Vantage V12 GT3', 'Aston Martin Vantage V12 GT3', 848, 'GT3', 594, 1276, 100, null, null, 'V12', null, null, null, null, 19);
insert into Racecar (racecar_id, manufacturer, type, full_name, "number", class, power, weight, fuel_tank, front_tyres, back_tyres, engine_layout, displacement, length, width, wheelbase, team_team_id) values (86, 'Audi', 'R8 LMS', 'Audi R8 LMS', 969, 'GT3', 599, 1257, 100, null, null, 'V10', null, null, null, null, 26);
insert into Racecar (racecar_id, manufacturer, type, full_name, "number", class, power, weight, fuel_tank, front_tyres, back_tyres, engine_layout, displacement, length, width, wheelbase, team_team_id) values (87, 'Bentley', 'Continental GT3', 'Bentley Continental GT3', 684, 'GT3', 580, 1296, 100, null, null, 'V8', null, null, null, null, 47);
insert into Racecar (racecar_id, manufacturer, type, full_name, "number", class, power, weight, fuel_tank, front_tyres, back_tyres, engine_layout, displacement, length, width, wheelbase, team_team_id) values (88, 'BMW', 'M6 GT3', 'BMW M6 GT3', 756, 'GT3', 586, 1247, 100, null, null, 'V8', null, null, null, null, 42);
insert into Racecar (racecar_id, manufacturer, type, full_name, "number", class, power, weight, fuel_tank, front_tyres, back_tyres, engine_layout, displacement, length, width, wheelbase, team_team_id) values (89, 'Emil Frey Jaguar', 'G3', 'Emil Frey Jaguar G3', 770, 'GT3', 553, 1236, 100, null, null, 'V8', null, null, null, null, 7);
insert into Racecar (racecar_id, manufacturer, type, full_name, "number", class, power, weight, fuel_tank, front_tyres, back_tyres, engine_layout, displacement, length, width, wheelbase, team_team_id) values (90, 'Ferrari', '488 GT3', 'Ferrari 488 GT3', 717, 'GT3', 558, 1252, 100, null, null, 'V8', null, null, null, null, 28);
insert into Racecar (racecar_id, manufacturer, type, full_name, "number", class, power, weight, fuel_tank, front_tyres, back_tyres, engine_layout, displacement, length, width, wheelbase, team_team_id) values (91, 'Lamborghini', 'Huracan GT3', 'Lamborghini Huracan GT3', 315, 'GT3', 571, 1237, 100, null, null, 'V10', null, null, null, null, 31);
insert into Racecar (racecar_id, manufacturer, type, full_name, "number", class, power, weight, fuel_tank, front_tyres, back_tyres, engine_layout, displacement, length, width, wheelbase, team_team_id) values (92, 'Lexus', 'RC F GT3', 'Lexus RC F GT3', 646, 'GT3', 556, 1255, 100, null, null, 'V8', null, null, null, null, 44);
insert into Racecar (racecar_id, manufacturer, type, full_name, "number", class, power, weight, fuel_tank, front_tyres, back_tyres, engine_layout, displacement, length, width, wheelbase, team_team_id) values (93, 'McLaren', '650S GT3', 'McLaren 650S GT3', 576, 'GT3', 597, 1290, 100, null, null, 'V8', null, null, null, null, 2);
insert into Racecar (racecar_id, manufacturer, type, full_name, "number", class, power, weight, fuel_tank, front_tyres, back_tyres, engine_layout, displacement, length, width, wheelbase, team_team_id) values (94, 'Mercedes-AMG', 'GT3', 'Mercedes-AMG GT3', 205, 'GT3', 573, 1268, 100, null, null, 'V8', null, null, null, null, 45);
insert into Racecar (racecar_id, manufacturer, type, full_name, "number", class, power, weight, fuel_tank, front_tyres, back_tyres, engine_layout, displacement, length, width, wheelbase, team_team_id) values (95, 'Nissan', 'GT-R Nismo GT3', 'Nissan GT-R Nismo GT3', 159, 'GT3', 580, 1235, 100, null, null, 'I6', null, null, null, null, 21);
insert into Racecar (racecar_id, manufacturer, type, full_name, "number", class, power, weight, fuel_tank, front_tyres, back_tyres, engine_layout, displacement, length, width, wheelbase, team_team_id) values (96, 'Porsche', '911 GT3 R', 'Porsche 911 GT3 R', 332, 'GT3', 565, 1247, 100, null, null, 'F6', null, null, null, null, 19);
insert into Racecar (racecar_id, manufacturer, type, full_name, "number", class, power, weight, fuel_tank, front_tyres, back_tyres, engine_layout, displacement, length, width, wheelbase, team_team_id) values (97, 'Aston Martin', 'Vantage V12 GT3', 'Aston Martin Vantage V12 GT3', 356, 'GT3', 558, 1235, 100, null, null, 'V12', null, null, null, null, 9);
insert into Racecar (racecar_id, manufacturer, type, full_name, "number", class, power, weight, fuel_tank, front_tyres, back_tyres, engine_layout, displacement, length, width, wheelbase, team_team_id) values (98, 'Audi', 'R8 LMS', 'Audi R8 LMS', 635, 'GT3', 564, 1298, 100, null, null, 'V10', null, null, null, null, 7);
insert into Racecar (racecar_id, manufacturer, type, full_name, "number", class, power, weight, fuel_tank, front_tyres, back_tyres, engine_layout, displacement, length, width, wheelbase, team_team_id) values (99, 'Bentley', 'Continental GT3', 'Bentley Continental GT3', 177, 'GT3', 585, 1275, 100, null, null, 'V8', null, null, null, null, 4);
insert into Racecar (racecar_id, manufacturer, type, full_name, "number", class, power, weight, fuel_tank, front_tyres, back_tyres, engine_layout, displacement, length, width, wheelbase, team_team_id) values (100, 'BMW', 'M6 GT3', 'BMW M6 GT3', 262, 'GT3', 600, 1280, 100, null, null, 'V8', null, null, null, null, 25);
insert into Racecar (racecar_id, manufacturer, type, full_name, "number", class, power, weight, fuel_tank, front_tyres, back_tyres, engine_layout, displacement, length, width, wheelbase, team_team_id) values (101, 'Emil Frey Jaguar', 'G3', 'Emil Frey Jaguar G3', 908, 'GT3', 555, 1291, 100, null, null, 'V8', null, null, null, null, 13);
insert into Racecar (racecar_id, manufacturer, type, full_name, "number", class, power, weight, fuel_tank, front_tyres, back_tyres, engine_layout, displacement, length, width, wheelbase, team_team_id) values (102, 'Ferrari', '488 GT3', 'Ferrari 488 GT3', 263, 'GT3', 595, 1266, 100, null, null, 'V8', null, null, null, null, 28);
insert into Racecar (racecar_id, manufacturer, type, full_name, "number", class, power, weight, fuel_tank, front_tyres, back_tyres, engine_layout, displacement, length, width, wheelbase, team_team_id) values (103, 'Lamborghini', 'Huracan GT3', 'Lamborghini Huracan GT3', 935, 'GT3', 579, 1299, 100, null, null, 'V10', null, null, null, null, 15);
insert into Racecar (racecar_id, manufacturer, type, full_name, "number", class, power, weight, fuel_tank, front_tyres, back_tyres, engine_layout, displacement, length, width, wheelbase, team_team_id) values (104, 'Lexus', 'RC F GT3', 'Lexus RC F GT3', 290, 'GT3', 583, 1247, 100, null, null, 'V8', null, null, null, null, 49);
insert into Racecar (racecar_id, manufacturer, type, full_name, "number", class, power, weight, fuel_tank, front_tyres, back_tyres, engine_layout, displacement, length, width, wheelbase, team_team_id) values (105, 'McLaren', '650S GT3', 'McLaren 650S GT3', 650, 'GT3', 556, 1300, 100, null, null, 'V8', null, null, null, null, 34);
insert into Racecar (racecar_id, manufacturer, type, full_name, "number", class, power, weight, fuel_tank, front_tyres, back_tyres, engine_layout, displacement, length, width, wheelbase, team_team_id) values (106, 'Mercedes-AMG', 'GT3', 'Mercedes-AMG GT3', 437, 'GT3', 592, 1233, 100, null, null, 'V8', null, null, null, null, 27);
insert into Racecar (racecar_id, manufacturer, type, full_name, "number", class, power, weight, fuel_tank, front_tyres, back_tyres, engine_layout, displacement, length, width, wheelbase, team_team_id) values (107, 'Nissan', 'GT-R Nismo GT3', 'Nissan GT-R Nismo GT3', 945, 'GT3', 573, 1252, 100, null, null, 'I6', null, null, null, null, 13);
insert into Racecar (racecar_id, manufacturer, type, full_name, "number", class, power, weight, fuel_tank, front_tyres, back_tyres, engine_layout, displacement, length, width, wheelbase, team_team_id) values (108, 'Porsche', '911 GT3 R', 'Porsche 911 GT3 R', 808, 'GT3', 591, 1235, 100, null, null, 'F6', null, null, null, null, 38);
insert into Racecar (racecar_id, manufacturer, type, full_name, "number", class, power, weight, fuel_tank, front_tyres, back_tyres, engine_layout, displacement, length, width, wheelbase, team_team_id) values (109, 'Aston Martin', 'Vantage V12 GT3', 'Aston Martin Vantage V12 GT3', 173, 'GT3', 553, 1246, 100, null, null, 'V12', null, null, null, null, 9);
insert into Racecar (racecar_id, manufacturer, type, full_name, "number", class, power, weight, fuel_tank, front_tyres, back_tyres, engine_layout, displacement, length, width, wheelbase, team_team_id) values (110, 'Audi', 'R8 LMS', 'Audi R8 LMS', 647, 'GT3', 567, 1245, 100, null, null, 'V10', null, null, null, null, 3);
insert into Racecar (racecar_id, manufacturer, type, full_name, "number", class, power, weight, fuel_tank, front_tyres, back_tyres, engine_layout, displacement, length, width, wheelbase, team_team_id) values (111, 'Bentley', 'Continental GT3', 'Bentley Continental GT3', 317, 'GT3', 579, 1282, 100, null, null, 'V8', null, null, null, null, 27);
insert into Racecar (racecar_id, manufacturer, type, full_name, "number", class, power, weight, fuel_tank, front_tyres, back_tyres, engine_layout, displacement, length, width, wheelbase, team_team_id) values (112, 'BMW', 'M6 GT3', 'BMW M6 GT3', 971, 'GT3', 553, 1236, 100, null, null, 'V8', null, null, null, null, 46);
insert into Racecar (racecar_id, manufacturer, type, full_name, "number", class, power, weight, fuel_tank, front_tyres, back_tyres, engine_layout, displacement, length, width, wheelbase, team_team_id) values (113, 'Emil Frey Jaguar', 'G3', 'Emil Frey Jaguar G3', 777, 'GT3', 553, 1298, 100, null, null, 'V8', null, null, null, null, 6);
insert into Racecar (racecar_id, manufacturer, type, full_name, "number", class, power, weight, fuel_tank, front_tyres, back_tyres, engine_layout, displacement, length, width, wheelbase, team_team_id) values (114, 'Ferrari', '488 GT3', 'Ferrari 488 GT3', 321, 'GT3', 596, 1281, 100, null, null, 'V8', null, null, null, null, 47);
insert into Racecar (racecar_id, manufacturer, type, full_name, "number", class, power, weight, fuel_tank, front_tyres, back_tyres, engine_layout, displacement, length, width, wheelbase, team_team_id) values (115, 'Lamborghini', 'Huracan GT3', 'Lamborghini Huracan GT3', 712, 'GT3', 582, 1230, 100, null, null, 'V10', null, null, null, null, 19);
insert into Racecar (racecar_id, manufacturer, type, full_name, "number", class, power, weight, fuel_tank, front_tyres, back_tyres, engine_layout, displacement, length, width, wheelbase, team_team_id) values (116, 'Lexus', 'RC F GT3', 'Lexus RC F GT3', 368, 'GT3', 572, 1274, 100, null, null, 'V8', null, null, null, null, 40);
insert into Racecar (racecar_id, manufacturer, type, full_name, "number", class, power, weight, fuel_tank, front_tyres, back_tyres, engine_layout, displacement, length, width, wheelbase, team_team_id) values (117, 'McLaren', '650S GT3', 'McLaren 650S GT3', 626, 'GT3', 594, 1269, 100, null, null, 'V8', null, null, null, null, 29);
insert into Racecar (racecar_id, manufacturer, type, full_name, "number", class, power, weight, fuel_tank, front_tyres, back_tyres, engine_layout, displacement, length, width, wheelbase, team_team_id) values (118, 'Mercedes-AMG', 'GT3', 'Mercedes-AMG GT3', 853, 'GT3', 551, 1299, 100, null, null, 'V8', null, null, null, null, 2);
insert into Racecar (racecar_id, manufacturer, type, full_name, "number", class, power, weight, fuel_tank, front_tyres, back_tyres, engine_layout, displacement, length, width, wheelbase, team_team_id) values (119, 'Nissan', 'GT-R Nismo GT3', 'Nissan GT-R Nismo GT3', 108, 'GT3', 566, 1256, 100, null, null, 'I6', null, null, null, null, 21);
insert into Racecar (racecar_id, manufacturer, type, full_name, "number", class, power, weight, fuel_tank, front_tyres, back_tyres, engine_layout, displacement, length, width, wheelbase, team_team_id) values (120, 'Porsche', '911 GT3 R', 'Porsche 911 GT3 R', 869, 'GT3', 561, 1231, 100, null, null, 'F6', null, null, null, null, 17);
insert into Racecar (racecar_id, manufacturer, type, full_name, "number", class, power, weight, fuel_tank, front_tyres, back_tyres, engine_layout, displacement, length, width, wheelbase, team_team_id) values (121, 'Aston Martin', 'Vantage V12 GT3', 'Aston Martin Vantage V12 GT3', 106, 'GT3', 598, 1278, 100, null, null, 'V12', null, null, null, null, 17);
insert into Racecar (racecar_id, manufacturer, type, full_name, "number", class, power, weight, fuel_tank, front_tyres, back_tyres, engine_layout, displacement, length, width, wheelbase, team_team_id) values (122, 'Audi', 'R8 LMS', 'Audi R8 LMS', 267, 'GT3', 583, 1274, 100, null, null, 'V10', null, null, null, null, 35);
insert into Racecar (racecar_id, manufacturer, type, full_name, "number", class, power, weight, fuel_tank, front_tyres, back_tyres, engine_layout, displacement, length, width, wheelbase, team_team_id) values (123, 'Bentley', 'Continental GT3', 'Bentley Continental GT3', 176, 'GT3', 595, 1233, 100, null, null, 'V8', null, null, null, null, 40);
insert into Racecar (racecar_id, manufacturer, type, full_name, "number", class, power, weight, fuel_tank, front_tyres, back_tyres, engine_layout, displacement, length, width, wheelbase, team_team_id) values (124, 'BMW', 'M6 GT3', 'BMW M6 GT3', 46, 'GT3', 586, 1247, 100, null, null, 'V8', null, null, null, null, 9);
insert into Racecar (racecar_id, manufacturer, type, full_name, "number", class, power, weight, fuel_tank, front_tyres, back_tyres, engine_layout, displacement, length, width, wheelbase, team_team_id) values (125, 'Emil Frey Jaguar', 'G3', 'Emil Frey Jaguar G3', 443, 'GT3', 556, 1264, 100, null, null, 'V8', null, null, null, null, 43);
insert into Racecar (racecar_id, manufacturer, type, full_name, "number", class, power, weight, fuel_tank, front_tyres, back_tyres, engine_layout, displacement, length, width, wheelbase, team_team_id) values (126, 'Ferrari', '488 GT3', 'Ferrari 488 GT3', 681, 'GT3', 599, 1238, 100, null, null, 'V8', null, null, null, null, 20);
insert into Racecar (racecar_id, manufacturer, type, full_name, "number", class, power, weight, fuel_tank, front_tyres, back_tyres, engine_layout, displacement, length, width, wheelbase, team_team_id) values (127, 'Lamborghini', 'Huracan GT3', 'Lamborghini Huracan GT3', 731, 'GT3', 594, 1267, 100, null, null, 'V10', null, null, null, null, 49);
insert into Racecar (racecar_id, manufacturer, type, full_name, "number", class, power, weight, fuel_tank, front_tyres, back_tyres, engine_layout, displacement, length, width, wheelbase, team_team_id) values (128, 'Lexus', 'RC F GT3', 'Lexus RC F GT3', 775, 'GT3', 560, 1234, 100, null, null, 'V8', null, null, null, null, 24);
insert into Racecar (racecar_id, manufacturer, type, full_name, "number", class, power, weight, fuel_tank, front_tyres, back_tyres, engine_layout, displacement, length, width, wheelbase, team_team_id) values (129, 'McLaren', '650S GT3', 'McLaren 650S GT3', 261, 'GT3', 552, 1238, 100, null, null, 'V8', null, null, null, null, 38);
insert into Racecar (racecar_id, manufacturer, type, full_name, "number", class, power, weight, fuel_tank, front_tyres, back_tyres, engine_layout, displacement, length, width, wheelbase, team_team_id) values (130, 'Mercedes-AMG', 'GT3', 'Mercedes-AMG GT3', 669, 'GT3', 561, 1292, 100, null, null, 'V8', null, null, null, null, 39);
insert into Racecar (racecar_id, manufacturer, type, full_name, "number", class, power, weight, fuel_tank, front_tyres, back_tyres, engine_layout, displacement, length, width, wheelbase, team_team_id) values (131, 'Nissan', 'GT-R Nismo GT3', 'Nissan GT-R Nismo GT3', 269, 'GT3', 593, 1265, 100, null, null, 'I6', null, null, null, null, 17);
insert into Racecar (racecar_id, manufacturer, type, full_name, "number", class, power, weight, fuel_tank, front_tyres, back_tyres, engine_layout, displacement, length, width, wheelbase, team_team_id) values (132, 'Porsche', '911 GT3 R', 'Porsche 911 GT3 R', 601, 'GT3', 570, 1272, 100, null, null, 'F6', null, null, null, null, 17);
insert into Racecar (racecar_id, manufacturer, type, full_name, "number", class, power, weight, fuel_tank, front_tyres, back_tyres, engine_layout, displacement, length, width, wheelbase, team_team_id) values (133, 'Aston Martin', 'Vantage V12 GT3', 'Aston Martin Vantage V12 GT3', 819, 'GT3', 585, 1275, 100, null, null, 'V12', null, null, null, null, 21);
insert into Racecar (racecar_id, manufacturer, type, full_name, "number", class, power, weight, fuel_tank, front_tyres, back_tyres, engine_layout, displacement, length, width, wheelbase, team_team_id) values (134, 'Audi', 'R8 LMS', 'Audi R8 LMS', 286, 'GT3', 559, 1261, 100, null, null, 'V10', null, null, null, null, 42);
insert into Racecar (racecar_id, manufacturer, type, full_name, "number", class, power, weight, fuel_tank, front_tyres, back_tyres, engine_layout, displacement, length, width, wheelbase, team_team_id) values (135, 'Bentley', 'Continental GT3', 'Bentley Continental GT3', 688, 'GT3', 552, 1299, 100, null, null, 'V8', null, null, null, null, 7);
insert into Racecar (racecar_id, manufacturer, type, full_name, "number", class, power, weight, fuel_tank, front_tyres, back_tyres, engine_layout, displacement, length, width, wheelbase, team_team_id) values (136, 'BMW', 'M6 GT3', 'BMW M6 GT3', 209, 'GT3', 585, 1272, 100, null, null, 'V8', null, null, null, null, 7);
insert into Racecar (racecar_id, manufacturer, type, full_name, "number", class, power, weight, fuel_tank, front_tyres, back_tyres, engine_layout, displacement, length, width, wheelbase, team_team_id) values (137, 'Emil Frey Jaguar', 'G3', 'Emil Frey Jaguar G3', 600, 'GT3', 556, 1297, 100, null, null, 'V8', null, null, null, null, 28);
insert into Racecar (racecar_id, manufacturer, type, full_name, "number", class, power, weight, fuel_tank, front_tyres, back_tyres, engine_layout, displacement, length, width, wheelbase, team_team_id) values (138, 'Ferrari', '488 GT3', 'Ferrari 488 GT3', 839, 'GT3', 555, 1264, 100, null, null, 'V8', null, null, null, null, 28);
insert into Racecar (racecar_id, manufacturer, type, full_name, "number", class, power, weight, fuel_tank, front_tyres, back_tyres, engine_layout, displacement, length, width, wheelbase, team_team_id) values (139, 'Lamborghini', 'Huracan GT3', 'Lamborghini Huracan GT3', 360, 'GT3', 552, 1272, 100, null, null, 'V10', null, null, null, null, 40);
insert into Racecar (racecar_id, manufacturer, type, full_name, "number", class, power, weight, fuel_tank, front_tyres, back_tyres, engine_layout, displacement, length, width, wheelbase, team_team_id) values (140, 'Lexus', 'RC F GT3', 'Lexus RC F GT3', 470, 'GT3', 550, 1260, 100, null, null, 'V8', null, null, null, null, 45);
insert into Racecar (racecar_id, manufacturer, type, full_name, "number", class, power, weight, fuel_tank, front_tyres, back_tyres, engine_layout, displacement, length, width, wheelbase, team_team_id) values (141, 'McLaren', '650S GT3', 'McLaren 650S GT3', 64, 'GT3', 594, 1244, 100, null, null, 'V8', null, null, null, null, 3);
insert into Racecar (racecar_id, manufacturer, type, full_name, "number", class, power, weight, fuel_tank, front_tyres, back_tyres, engine_layout, displacement, length, width, wheelbase, team_team_id) values (142, 'Mercedes-AMG', 'GT3', 'Mercedes-AMG GT3', 881, 'GT3', 581, 1250, 100, null, null, 'V8', null, null, null, null, 16);
insert into Racecar (racecar_id, manufacturer, type, full_name, "number", class, power, weight, fuel_tank, front_tyres, back_tyres, engine_layout, displacement, length, width, wheelbase, team_team_id) values (143, 'Nissan', 'GT-R Nismo GT3', 'Nissan GT-R Nismo GT3', 308, 'GT3', 551, 1244, 100, null, null, 'I6', null, null, null, null, 43);
insert into Racecar (racecar_id, manufacturer, type, full_name, "number", class, power, weight, fuel_tank, front_tyres, back_tyres, engine_layout, displacement, length, width, wheelbase, team_team_id) values (144, 'Porsche', '911 GT3 R', 'Porsche 911 GT3 R', 3, 'GT3', 572, 1252, 100, null, null, 'F6', null, null, null, null, 39);
insert into Racecar (racecar_id, manufacturer, type, full_name, "number", class, power, weight, fuel_tank, front_tyres, back_tyres, engine_layout, displacement, length, width, wheelbase, team_team_id) values (145, 'Aston Martin', 'Vantage V12 GT3', 'Aston Martin Vantage V12 GT3', 35, 'GT3', 586, 1263, 100, null, null, 'V12', null, null, null, null, 48);
insert into Racecar (racecar_id, manufacturer, type, full_name, "number", class, power, weight, fuel_tank, front_tyres, back_tyres, engine_layout, displacement, length, width, wheelbase, team_team_id) values (146, 'Audi', 'R8 LMS', 'Audi R8 LMS', 908, 'GT3', 593, 1300, 100, null, null, 'V10', null, null, null, null, 40);
insert into Racecar (racecar_id, manufacturer, type, full_name, "number", class, power, weight, fuel_tank, front_tyres, back_tyres, engine_layout, displacement, length, width, wheelbase, team_team_id) values (147, 'Bentley', 'Continental GT3', 'Bentley Continental GT3', 501, 'GT3', 552, 1242, 100, null, null, 'V8', null, null, null, null, 21);
insert into Racecar (racecar_id, manufacturer, type, full_name, "number", class, power, weight, fuel_tank, front_tyres, back_tyres, engine_layout, displacement, length, width, wheelbase, team_team_id) values (148, 'BMW', 'M6 GT3', 'BMW M6 GT3', 48, 'GT3', 582, 1244, 100, null, null, 'V8', null, null, null, null, 20);
insert into Racecar (racecar_id, manufacturer, type, full_name, "number", class, power, weight, fuel_tank, front_tyres, back_tyres, engine_layout, displacement, length, width, wheelbase, team_team_id) values (149, 'Emil Frey Jaguar', 'G3', 'Emil Frey Jaguar G3', 560, 'GT3', 583, 1267, 100, null, null, 'V8', null, null, null, null, 27);
insert into Racecar (racecar_id, manufacturer, type, full_name, "number", class, power, weight, fuel_tank, front_tyres, back_tyres, engine_layout, displacement, length, width, wheelbase, team_team_id) values (150, 'Ferrari', '488 GT3', 'Ferrari 488 GT3', 896, 'GT3', 563, 1233, 100, null, null, 'V8', null, null, null, null, 27);
insert into Racecar (racecar_id, manufacturer, type, full_name, "number", class, power, weight, fuel_tank, front_tyres, back_tyres, engine_layout, displacement, length, width, wheelbase, team_team_id) values (151, 'Lamborghini', 'Huracan GT3', 'Lamborghini Huracan GT3', 387, 'GT3', 575, 1271, 100, null, null, 'V10', null, null, null, null, 17);
insert into Racecar (racecar_id, manufacturer, type, full_name, "number", class, power, weight, fuel_tank, front_tyres, back_tyres, engine_layout, displacement, length, width, wheelbase, team_team_id) values (152, 'Lexus', 'RC F GT3', 'Lexus RC F GT3', 123, 'GT3', 562, 1282, 100, null, null, 'V8', null, null, null, null, 40);
insert into Racecar (racecar_id, manufacturer, type, full_name, "number", class, power, weight, fuel_tank, front_tyres, back_tyres, engine_layout, displacement, length, width, wheelbase, team_team_id) values (153, 'McLaren', '650S GT3', 'McLaren 650S GT3', 205, 'GT3', 582, 1261, 100, null, null, 'V8', null, null, null, null, 6);
insert into Racecar (racecar_id, manufacturer, type, full_name, "number", class, power, weight, fuel_tank, front_tyres, back_tyres, engine_layout, displacement, length, width, wheelbase, team_team_id) values (154, 'Mercedes-AMG', 'GT3', 'Mercedes-AMG GT3', 537, 'GT3', 556, 1276, 100, null, null, 'V8', null, null, null, null, 35);
insert into Racecar (racecar_id, manufacturer, type, full_name, "number", class, power, weight, fuel_tank, front_tyres, back_tyres, engine_layout, displacement, length, width, wheelbase, team_team_id) values (155, 'Nissan', 'GT-R Nismo GT3', 'Nissan GT-R Nismo GT3', 770, 'GT3', 578, 1286, 100, null, null, 'I6', null, null, null, null, 43);
insert into Racecar (racecar_id, manufacturer, type, full_name, "number", class, power, weight, fuel_tank, front_tyres, back_tyres, engine_layout, displacement, length, width, wheelbase, team_team_id) values (156, 'Porsche', '911 GT3 R', 'Porsche 911 GT3 R', 786, 'GT3', 582, 1276, 100, null, null, 'F6', null, null, null, null, 11);
insert into Racecar (racecar_id, manufacturer, type, full_name, "number", class, power, weight, fuel_tank, front_tyres, back_tyres, engine_layout, displacement, length, width, wheelbase, team_team_id) values (157, 'Aston Martin', 'Vantage V12 GT3', 'Aston Martin Vantage V12 GT3', 337, 'GT3', 598, 1291, 100, null, null, 'V12', null, null, null, null, 47);
insert into Racecar (racecar_id, manufacturer, type, full_name, "number", class, power, weight, fuel_tank, front_tyres, back_tyres, engine_layout, displacement, length, width, wheelbase, team_team_id) values (158, 'Audi', 'R8 LMS', 'Audi R8 LMS', 609, 'GT3', 589, 1295, 100, null, null, 'V10', null, null, null, null, 15);
insert into Racecar (racecar_id, manufacturer, type, full_name, "number", class, power, weight, fuel_tank, front_tyres, back_tyres, engine_layout, displacement, length, width, wheelbase, team_team_id) values (159, 'Bentley', 'Continental GT3', 'Bentley Continental GT3', 722, 'GT3', 584, 1285, 100, null, null, 'V8', null, null, null, null, 16);
insert into Racecar (racecar_id, manufacturer, type, full_name, "number", class, power, weight, fuel_tank, front_tyres, back_tyres, engine_layout, displacement, length, width, wheelbase, team_team_id) values (160, 'BMW', 'M6 GT3', 'BMW M6 GT3', 626, 'GT3', 583, 1255, 100, null, null, 'V8', null, null, null, null, 21);
insert into Racecar (racecar_id, manufacturer, type, full_name, "number", class, power, weight, fuel_tank, front_tyres, back_tyres, engine_layout, displacement, length, width, wheelbase, team_team_id) values (161, 'Emil Frey Jaguar', 'G3', 'Emil Frey Jaguar G3', 385, 'GT3', 594, 1278, 100, null, null, 'V8', null, null, null, null, 23);
insert into Racecar (racecar_id, manufacturer, type, full_name, "number", class, power, weight, fuel_tank, front_tyres, back_tyres, engine_layout, displacement, length, width, wheelbase, team_team_id) values (162, 'Ferrari', '488 GT3', 'Ferrari 488 GT3', 490, 'GT3', 575, 1265, 100, null, null, 'V8', null, null, null, null, 7);
insert into Racecar (racecar_id, manufacturer, type, full_name, "number", class, power, weight, fuel_tank, front_tyres, back_tyres, engine_layout, displacement, length, width, wheelbase, team_team_id) values (163, 'Lamborghini', 'Huracan GT3', 'Lamborghini Huracan GT3', 104, 'GT3', 555, 1238, 100, null, null, 'V10', null, null, null, null, 36);
insert into Racecar (racecar_id, manufacturer, type, full_name, "number", class, power, weight, fuel_tank, front_tyres, back_tyres, engine_layout, displacement, length, width, wheelbase, team_team_id) values (164, 'Lexus', 'RC F GT3', 'Lexus RC F GT3', 560, 'GT3', 598, 1252, 100, null, null, 'V8', null, null, null, null, 15);
insert into Racecar (racecar_id, manufacturer, type, full_name, "number", class, power, weight, fuel_tank, front_tyres, back_tyres, engine_layout, displacement, length, width, wheelbase, team_team_id) values (165, 'McLaren', '650S GT3', 'McLaren 650S GT3', 811, 'GT3', 587, 1283, 100, null, null, 'V8', null, null, null, null, 45);
insert into Racecar (racecar_id, manufacturer, type, full_name, "number", class, power, weight, fuel_tank, front_tyres, back_tyres, engine_layout, displacement, length, width, wheelbase, team_team_id) values (166, 'Mercedes-AMG', 'GT3', 'Mercedes-AMG GT3', 354, 'GT3', 559, 1259, 100, null, null, 'V8', null, null, null, null, 45);
insert into Racecar (racecar_id, manufacturer, type, full_name, "number", class, power, weight, fuel_tank, front_tyres, back_tyres, engine_layout, displacement, length, width, wheelbase, team_team_id) values (167, 'Nissan', 'GT-R Nismo GT3', 'Nissan GT-R Nismo GT3', 185, 'GT3', 599, 1239, 100, null, null, 'I6', null, null, null, null, 26);
insert into Racecar (racecar_id, manufacturer, type, full_name, "number", class, power, weight, fuel_tank, front_tyres, back_tyres, engine_layout, displacement, length, width, wheelbase, team_team_id) values (168, 'Porsche', '911 GT3 R', 'Porsche 911 GT3 R', 990, 'GT3', 556, 1268, 100, null, null, 'F6', null, null, null, null, 36);
insert into Racecar (racecar_id, manufacturer, type, full_name, "number", class, power, weight, fuel_tank, front_tyres, back_tyres, engine_layout, displacement, length, width, wheelbase, team_team_id) values (169, 'Aston Martin', 'Vantage V12 GT3', 'Aston Martin Vantage V12 GT3', 897, 'GT3', 554, 1264, 100, null, null, 'V12', null, null, null, null, 19);
insert into Racecar (racecar_id, manufacturer, type, full_name, "number", class, power, weight, fuel_tank, front_tyres, back_tyres, engine_layout, displacement, length, width, wheelbase, team_team_id) values (170, 'Audi', 'R8 LMS', 'Audi R8 LMS', 954, 'GT3', 584, 1247, 100, null, null, 'V10', null, null, null, null, 40);
insert into Racecar (racecar_id, manufacturer, type, full_name, "number", class, power, weight, fuel_tank, front_tyres, back_tyres, engine_layout, displacement, length, width, wheelbase, team_team_id) values (171, 'Bentley', 'Continental GT3', 'Bentley Continental GT3', 467, 'GT3', 572, 1241, 100, null, null, 'V8', null, null, null, null, 24);
insert into Racecar (racecar_id, manufacturer, type, full_name, "number", class, power, weight, fuel_tank, front_tyres, back_tyres, engine_layout, displacement, length, width, wheelbase, team_team_id) values (172, 'BMW', 'M6 GT3', 'BMW M6 GT3', 12, 'GT3', 556, 1234, 100, null, null, 'V8', null, null, null, null, 41);
insert into Racecar (racecar_id, manufacturer, type, full_name, "number", class, power, weight, fuel_tank, front_tyres, back_tyres, engine_layout, displacement, length, width, wheelbase, team_team_id) values (173, 'Emil Frey Jaguar', 'G3', 'Emil Frey Jaguar G3', 114, 'GT3', 600, 1280, 100, null, null, 'V8', null, null, null, null, 2);
insert into Racecar (racecar_id, manufacturer, type, full_name, "number", class, power, weight, fuel_tank, front_tyres, back_tyres, engine_layout, displacement, length, width, wheelbase, team_team_id) values (174, 'Ferrari', '488 GT3', 'Ferrari 488 GT3', 511, 'GT3', 556, 1260, 100, null, null, 'V8', null, null, null, null, 44);
insert into Racecar (racecar_id, manufacturer, type, full_name, "number", class, power, weight, fuel_tank, front_tyres, back_tyres, engine_layout, displacement, length, width, wheelbase, team_team_id) values (175, 'Lamborghini', 'Huracan GT3', 'Lamborghini Huracan GT3', 617, 'GT3', 592, 1267, 100, null, null, 'V10', null, null, null, null, 17);
insert into Racecar (racecar_id, manufacturer, type, full_name, "number", class, power, weight, fuel_tank, front_tyres, back_tyres, engine_layout, displacement, length, width, wheelbase, team_team_id) values (176, 'Lexus', 'RC F GT3', 'Lexus RC F GT3', 438, 'GT3', 599, 1234, 100, null, null, 'V8', null, null, null, null, 31);
insert into Racecar (racecar_id, manufacturer, type, full_name, "number", class, power, weight, fuel_tank, front_tyres, back_tyres, engine_layout, displacement, length, width, wheelbase, team_team_id) values (177, 'McLaren', '650S GT3', 'McLaren 650S GT3', 891, 'GT3', 571, 1235, 100, null, null, 'V8', null, null, null, null, 46);
insert into Racecar (racecar_id, manufacturer, type, full_name, "number", class, power, weight, fuel_tank, front_tyres, back_tyres, engine_layout, displacement, length, width, wheelbase, team_team_id) values (178, 'Mercedes-AMG', 'GT3', 'Mercedes-AMG GT3', 431, 'GT3', 583, 1239, 100, null, null, 'V8', null, null, null, null, 18);
insert into Racecar (racecar_id, manufacturer, type, full_name, "number", class, power, weight, fuel_tank, front_tyres, back_tyres, engine_layout, displacement, length, width, wheelbase, team_team_id) values (179, 'Nissan', 'GT-R Nismo GT3', 'Nissan GT-R Nismo GT3', 728, 'GT3', 559, 1233, 100, null, null, 'I6', null, null, null, null, 7);
insert into Racecar (racecar_id, manufacturer, type, full_name, "number", class, power, weight, fuel_tank, front_tyres, back_tyres, engine_layout, displacement, length, width, wheelbase, team_team_id) values (180, 'Porsche', '911 GT3 R', 'Porsche 911 GT3 R', 100, 'GT3', 581, 1243, 100, null, null, 'F6', null, null, null, null, 10);
insert into Racecar (racecar_id, manufacturer, type, full_name, "number", class, power, weight, fuel_tank, front_tyres, back_tyres, engine_layout, displacement, length, width, wheelbase, team_team_id) values (181, 'Aston Martin', 'Vantage V12 GT3', 'Aston Martin Vantage V12 GT3', 587, 'GT3', 579, 1267, 100, null, null, 'V12', null, null, null, null, 30);
insert into Racecar (racecar_id, manufacturer, type, full_name, "number", class, power, weight, fuel_tank, front_tyres, back_tyres, engine_layout, displacement, length, width, wheelbase, team_team_id) values (182, 'Audi', 'R8 LMS', 'Audi R8 LMS', 627, 'GT3', 558, 1287, 100, null, null, 'V10', null, null, null, null, 1);
insert into Racecar (racecar_id, manufacturer, type, full_name, "number", class, power, weight, fuel_tank, front_tyres, back_tyres, engine_layout, displacement, length, width, wheelbase, team_team_id) values (183, 'Bentley', 'Continental GT3', 'Bentley Continental GT3', 184, 'GT3', 581, 1236, 100, null, null, 'V8', null, null, null, null, 45);
insert into Racecar (racecar_id, manufacturer, type, full_name, "number", class, power, weight, fuel_tank, front_tyres, back_tyres, engine_layout, displacement, length, width, wheelbase, team_team_id) values (184, 'BMW', 'M6 GT3', 'BMW M6 GT3', 810, 'GT3', 575, 1237, 100, null, null, 'V8', null, null, null, null, 22);
insert into Racecar (racecar_id, manufacturer, type, full_name, "number", class, power, weight, fuel_tank, front_tyres, back_tyres, engine_layout, displacement, length, width, wheelbase, team_team_id) values (185, 'Emil Frey Jaguar', 'G3', 'Emil Frey Jaguar G3', 171, 'GT3', 585, 1273, 100, null, null, 'V8', null, null, null, null, 33);
insert into Racecar (racecar_id, manufacturer, type, full_name, "number", class, power, weight, fuel_tank, front_tyres, back_tyres, engine_layout, displacement, length, width, wheelbase, team_team_id) values (186, 'Ferrari', '488 GT3', 'Ferrari 488 GT3', 846, 'GT3', 596, 1266, 100, null, null, 'V8', null, null, null, null, 31);
insert into Racecar (racecar_id, manufacturer, type, full_name, "number", class, power, weight, fuel_tank, front_tyres, back_tyres, engine_layout, displacement, length, width, wheelbase, team_team_id) values (187, 'Lamborghini', 'Huracan GT3', 'Lamborghini Huracan GT3', 421, 'GT3', 594, 1277, 100, null, null, 'V10', null, null, null, null, 43);
insert into Racecar (racecar_id, manufacturer, type, full_name, "number", class, power, weight, fuel_tank, front_tyres, back_tyres, engine_layout, displacement, length, width, wheelbase, team_team_id) values (188, 'Lexus', 'RC F GT3', 'Lexus RC F GT3', 498, 'GT3', 585, 1296, 100, null, null, 'V8', null, null, null, null, 37);
insert into Racecar (racecar_id, manufacturer, type, full_name, "number", class, power, weight, fuel_tank, front_tyres, back_tyres, engine_layout, displacement, length, width, wheelbase, team_team_id) values (189, 'McLaren', '650S GT3', 'McLaren 650S GT3', 933, 'GT3', 600, 1282, 100, null, null, 'V8', null, null, null, null, 9);
insert into Racecar (racecar_id, manufacturer, type, full_name, "number", class, power, weight, fuel_tank, front_tyres, back_tyres, engine_layout, displacement, length, width, wheelbase, team_team_id) values (190, 'Mercedes-AMG', 'GT3', 'Mercedes-AMG GT3', 302, 'GT3', 597, 1298, 100, null, null, 'V8', null, null, null, null, 11);
insert into Racecar (racecar_id, manufacturer, type, full_name, "number", class, power, weight, fuel_tank, front_tyres, back_tyres, engine_layout, displacement, length, width, wheelbase, team_team_id) values (191, 'Nissan', 'GT-R Nismo GT3', 'Nissan GT-R Nismo GT3', 95, 'GT3', 582, 1247, 100, null, null, 'I6', null, null, null, null, 25);
insert into Racecar (racecar_id, manufacturer, type, full_name, "number", class, power, weight, fuel_tank, front_tyres, back_tyres, engine_layout, displacement, length, width, wheelbase, team_team_id) values (192, 'Porsche', '911 GT3 R', 'Porsche 911 GT3 R', 522, 'GT3', 572, 1274, 100, null, null, 'F6', null, null, null, null, 41);
insert into Racecar (racecar_id, manufacturer, type, full_name, "number", class, power, weight, fuel_tank, front_tyres, back_tyres, engine_layout, displacement, length, width, wheelbase, team_team_id) values (193, 'Aston Martin', 'Vantage V12 GT3', 'Aston Martin Vantage V12 GT3', 420, 'GT3', 589, 1250, 100, null, null, 'V12', null, null, null, null, 47);
insert into Racecar (racecar_id, manufacturer, type, full_name, "number", class, power, weight, fuel_tank, front_tyres, back_tyres, engine_layout, displacement, length, width, wheelbase, team_team_id) values (194, 'Audi', 'R8 LMS', 'Audi R8 LMS', 196, 'GT3', 556, 1282, 100, null, null, 'V10', null, null, null, null, 18);
insert into Racecar (racecar_id, manufacturer, type, full_name, "number", class, power, weight, fuel_tank, front_tyres, back_tyres, engine_layout, displacement, length, width, wheelbase, team_team_id) values (195, 'Bentley', 'Continental GT3', 'Bentley Continental GT3', 746, 'GT3', 591, 1253, 100, null, null, 'V8', null, null, null, null, 14);
insert into Racecar (racecar_id, manufacturer, type, full_name, "number", class, power, weight, fuel_tank, front_tyres, back_tyres, engine_layout, displacement, length, width, wheelbase, team_team_id) values (196, 'BMW', 'M6 GT3', 'BMW M6 GT3', 373, 'GT3', 595, 1297, 100, null, null, 'V8', null, null, null, null, 7);
insert into Racecar (racecar_id, manufacturer, type, full_name, "number", class, power, weight, fuel_tank, front_tyres, back_tyres, engine_layout, displacement, length, width, wheelbase, team_team_id) values (197, 'Emil Frey Jaguar', 'G3', 'Emil Frey Jaguar G3', 671, 'GT3', 575, 1239, 100, null, null, 'V8', null, null, null, null, 32);
insert into Racecar (racecar_id, manufacturer, type, full_name, "number", class, power, weight, fuel_tank, front_tyres, back_tyres, engine_layout, displacement, length, width, wheelbase, team_team_id) values (198, 'Ferrari', '488 GT3', 'Ferrari 488 GT3', 673, 'GT3', 583, 1279, 100, null, null, 'V8', null, null, null, null, 24);
insert into Racecar (racecar_id, manufacturer, type, full_name, "number", class, power, weight, fuel_tank, front_tyres, back_tyres, engine_layout, displacement, length, width, wheelbase, team_team_id) values (199, 'Lamborghini', 'Huracan GT3', 'Lamborghini Huracan GT3', 283, 'GT3', 561, 1232, 100, null, null, 'V10', null, null, null, null, 28);
insert into Racecar (racecar_id, manufacturer, type, full_name, "number", class, power, weight, fuel_tank, front_tyres, back_tyres, engine_layout, displacement, length, width, wheelbase, team_team_id) values (200, 'Lexus', 'RC F GT3', 'Lexus RC F GT3', 507, 'GT3', 554, 1269, 100, null, null, 'V8', null, null, null, null, 7);
commit;
