delete from circuit_sponsor;
delete from sponsor;
delete from driver;
delete from mechanic;
delete from racecar;
delete from team;
delete from circuit;
commit;
insert into circuit (circuit_id, name, country, corners, length, car_capacity, viewers_capacity) values (1, 'Zolder', 'BE', 10, 4011, 26, 8010);
insert into circuit (circuit_id, name, country, corners, length, car_capacity, viewers_capacity) values (2, 'Monza', 'IT', 9, 5793, 40, 3440);
insert into circuit (circuit_id, name, country, corners, length, car_capacity, viewers_capacity) values (3, 'Brands Hatch', 'GB', 7, 4207, 36, 15474);
insert into circuit (circuit_id, name, country, corners, length, car_capacity, viewers_capacity) values (4, 'Silverstone', 'GB', 20, 5891, 38, 14533);
insert into circuit (circuit_id, name, country, corners, length, car_capacity, viewers_capacity) values (5, 'Paul Ricard', 'FR', 10, 3813, 35, 13401);
insert into circuit (circuit_id, name, country, corners, length, car_capacity, viewers_capacity) values (6, 'Misano', 'IT', 16, 4226, 31, 3671);
insert into circuit (circuit_id, name, country, corners, length, car_capacity, viewers_capacity) values (7, 'Spa', 'BE', 20, 7004, 32, 16098);
insert into circuit (circuit_id, name, country, corners, length, car_capacity, viewers_capacity) values (8, 'Hungaroring', 'HU', 16, 4381, 31, 18365);
insert into circuit (circuit_id, name, country, corners, length, car_capacity, viewers_capacity) values (9, 'Nurburgring', 'GE', 14, 5148, 39, 13587);
insert into circuit (circuit_id, name, country, corners, length, car_capacity, viewers_capacity) values (10, 'Barcelona', 'ES', 16, 4655, 35, 10329);
commit;
insert into team (team_id, foundation_date, name, website_url) values (1, '25.03.1975', 'Waters-Keeling', 'ycombinator.com');
insert into team (team_id, foundation_date, name, website_url) values (2, '18.04.1987', 'Smitham-Effertz', null);
insert into team (team_id, foundation_date, name, website_url) values (3, '16.04.1988', 'Torphy and Sons', 'printfriendly.com');
insert into team (team_id, foundation_date, name, website_url) values (4, '11.12.1974', 'Treutel, Hagenes and Ziemann', null);
insert into team (team_id, foundation_date, name, website_url) values (5, '15.01.2000', 'Kunze-Hammes', 'icq.com');
insert into team (team_id, foundation_date, name, website_url) values (6, '14.08.1990', 'Paucek, Cartwright and Kling', 'angelfire.com');
insert into team (team_id, foundation_date, name, website_url) values (7, '23.11.2002', 'McGlynn, Haley and Littel', 'blogtalkradio.com');
insert into team (team_id, foundation_date, name, website_url) values (8, '02.03.1996', 'Medhurst and Sons', null);
insert into team (team_id, foundation_date, name, website_url) values (9, '22.10.2002', 'Feeney Inc', null);
insert into team (team_id, foundation_date, name, website_url) values (10, '30.09.1977', 'Kuphal-VonRueden', null);
insert into team (team_id, foundation_date, name, website_url) values (11, '30.01.1972', 'Parisian, Heaney and Abernathy', 'nhs.uk');
insert into team (team_id, foundation_date, name, website_url) values (12, '27.05.1993', 'Littel-Gutkowski', null);
insert into team (team_id, foundation_date, name, website_url) values (13, '18.08.2005', 'Rowe LLC', null);
insert into team (team_id, foundation_date, name, website_url) values (14, '21.07.1987', 'Kohler-Simonis', null);
insert into team (team_id, foundation_date, name, website_url) values (15, '30.07.1979', 'Wuckert-Gerhold', null);
insert into team (team_id, foundation_date, name, website_url) values (16, '09.06.1976', 'Fisher LLC', null);
insert into team (team_id, foundation_date, name, website_url) values (17, '28.07.1977', 'Beahan, Fisher and Abshire', 'nydailynews.com');
insert into team (team_id, foundation_date, name, website_url) values (18, '08.01.2003', 'West, Swaniawski and Hoppe', 'seesaa.net');
insert into team (team_id, foundation_date, name, website_url) values (19, '01.07.1981', 'Mante-Spinka', null);
insert into team (team_id, foundation_date, name, website_url) values (20, '11.05.1972', 'Hahn LLC', null);
insert into team (team_id, foundation_date, name, website_url) values (21, '04.02.1977', 'Rogahn Group', null);
insert into team (team_id, foundation_date, name, website_url) values (22, '13.08.1974', 'Little and Sons', null);
insert into team (team_id, foundation_date, name, website_url) values (23, '12.06.1977', 'Tillman and Sons', null);
insert into team (team_id, foundation_date, name, website_url) values (24, '09.06.2000', 'Heathcote-Hansen', 'businesswire.com');
insert into team (team_id, foundation_date, name, website_url) values (25, '02.09.1975', 'Ryan, Weissnat and Kuhlman', 'arstechnica.com');
insert into team (team_id, foundation_date, name, website_url) values (26, '14.03.1988', 'Weimann and Sons', 'npr.org');
insert into team (team_id, foundation_date, name, website_url) values (27, '18.05.1972', 'Baumbach-Orn', 'sphinn.com');
insert into team (team_id, foundation_date, name, website_url) values (28, '31.05.1997', 'Hane Group', 'dell.com');
insert into team (team_id, foundation_date, name, website_url) values (29, '19.09.1998', 'Wiegand Inc', null);
insert into team (team_id, foundation_date, name, website_url) values (30, '06.07.1994', 'Rowe, Daugherty and Ritchie', null);
insert into team (team_id, foundation_date, name, website_url) values (31, '19.05.1999', 'Marquardt Inc', null);
insert into team (team_id, foundation_date, name, website_url) values (32, '30.06.1991', 'Dietrich and Sons', null);
insert into team (team_id, foundation_date, name, website_url) values (33, '29.02.1992', 'Gutkowski, Parisian and Sawayn', null);
insert into team (team_id, foundation_date, name, website_url) values (34, '13.04.2003', 'Armstrong-Trantow', null);
insert into team (team_id, foundation_date, name, website_url) values (35, '12.02.1986', 'Ebert Group', null);
insert into team (team_id, foundation_date, name, website_url) values (36, '31.05.2004', 'Wehner and Sons', null);
insert into team (team_id, foundation_date, name, website_url) values (37, '10.03.1991', 'Goldner Inc', null);
insert into team (team_id, foundation_date, name, website_url) values (38, '06.10.1977', 'Walker LLC', null);
insert into team (team_id, foundation_date, name, website_url) values (39, '13.04.2001', 'Bahringer, Nader and Kunze', 'artisteer.com');
insert into team (team_id, foundation_date, name, website_url) values (40, '26.04.2002', 'Rodriguez and Sons', null);
insert into team (team_id, foundation_date, name, website_url) values (41, '26.03.1980', 'Parker, Beahan and Mertz', 'blogger.com');
insert into team (team_id, foundation_date, name, website_url) values (42, '24.05.1991', 'Denesik, Altenwerth and Klein', null);
insert into team (team_id, foundation_date, name, website_url) values (43, '19.10.2004', 'Grady Inc', 'utexas.edu');
insert into team (team_id, foundation_date, name, website_url) values (44, '27.07.2001', 'Rippin, Cruickshank and Hoppe', null);
insert into team (team_id, foundation_date, name, website_url) values (45, '04.03.1990', 'Pfeffer Inc', null);
insert into team (team_id, foundation_date, name, website_url) values (46, '30.07.1975', 'Johnston and Sons', null);
insert into team (team_id, foundation_date, name, website_url) values (47, '02.02.1984', 'Pfeffer, Abbott and Waters', null);
insert into team (team_id, foundation_date, name, website_url) values (48, '11.08.1994', 'Roob-Watsica', null);
insert into team (team_id, foundation_date, name, website_url) values (49, '15.11.1993', 'Gottlieb, Skiles and Zemlak', null);
insert into team (team_id, foundation_date, name, website_url) values (50, '06.04.1991', 'O''Conner, Hagenes and Williamson', null);
commit;
insert into Racecar (racecar_id, manufacturer, type, full_name, "number", class, power, weight, fuel_tank, front_tyres, back_tyres, engine_layout, displacement, length, width, wheelbase, team_team_id) values (1, 'Aston Martin', 'Vantage V12 GT3', 'Aston Martin Vantage V12 GT3', 701, 'GT3', 550, 1265, 100, null, null, 'V12', null, null, null, null, 29);
insert into Racecar (racecar_id, manufacturer, type, full_name, "number", class, power, weight, fuel_tank, front_tyres, back_tyres, engine_layout, displacement, length, width, wheelbase, team_team_id) values (2, 'Audi', 'R8 LMS', 'Audi R8 LMS', 695, 'GT3', 568, 1235, 100, null, null, 'V10', null, null, null, null, 12);
insert into Racecar (racecar_id, manufacturer, type, full_name, "number", class, power, weight, fuel_tank, front_tyres, back_tyres, engine_layout, displacement, length, width, wheelbase, team_team_id) values (3, 'Bentley', 'Continental GT3', 'Bentley Continental GT3', 490, 'GT3', 564, 1269, 100, null, null, 'V8', null, null, null, null, 36);
insert into Racecar (racecar_id, manufacturer, type, full_name, "number", class, power, weight, fuel_tank, front_tyres, back_tyres, engine_layout, displacement, length, width, wheelbase, team_team_id) values (4, 'BMW', 'M6 GT3', 'BMW M6 GT3', 329, 'GT3', 563, 1233, 100, null, null, 'V8', null, null, null, null, 13);
insert into Racecar (racecar_id, manufacturer, type, full_name, "number", class, power, weight, fuel_tank, front_tyres, back_tyres, engine_layout, displacement, length, width, wheelbase, team_team_id) values (5, 'Emil Frey Jaguar', 'G3', 'Emil Frey Jaguar G3', 619, 'GT3', 575, 1257, 100, null, null, 'V8', null, null, null, null, 34);
insert into Racecar (racecar_id, manufacturer, type, full_name, "number", class, power, weight, fuel_tank, front_tyres, back_tyres, engine_layout, displacement, length, width, wheelbase, team_team_id) values (6, 'Ferrari', '488 GT3', 'Ferrari 488 GT3', 7, 'GT3', 551, 1237, 100, null, null, 'V8', null, null, null, null, 25);
insert into Racecar (racecar_id, manufacturer, type, full_name, "number", class, power, weight, fuel_tank, front_tyres, back_tyres, engine_layout, displacement, length, width, wheelbase, team_team_id) values (7, 'Lamborghini', 'Huracan GT3', 'Lamborghini Huracan GT3', 548, 'GT3', 600, 1237, 100, null, null, 'V10', null, null, null, null, 13);
insert into Racecar (racecar_id, manufacturer, type, full_name, "number", class, power, weight, fuel_tank, front_tyres, back_tyres, engine_layout, displacement, length, width, wheelbase, team_team_id) values (8, 'Lexus', 'RC F GT3', 'Lexus RC F GT3', 875, 'GT3', 595, 1275, 100, null, null, 'V8', null, null, null, null, 27);
insert into Racecar (racecar_id, manufacturer, type, full_name, "number", class, power, weight, fuel_tank, front_tyres, back_tyres, engine_layout, displacement, length, width, wheelbase, team_team_id) values (9, 'McLaren', '650S GT3', 'McLaren 650S GT3', 669, 'GT3', 590, 1300, 100, null, null, 'V8', null, null, null, null, 46);
insert into Racecar (racecar_id, manufacturer, type, full_name, "number", class, power, weight, fuel_tank, front_tyres, back_tyres, engine_layout, displacement, length, width, wheelbase, team_team_id) values (10, 'Mercedes-AMG', 'GT3', 'Mercedes-AMG GT3', 295, 'GT3', 572, 1265, 100, null, null, 'V8', null, null, null, null, 48);
insert into Racecar (racecar_id, manufacturer, type, full_name, "number", class, power, weight, fuel_tank, front_tyres, back_tyres, engine_layout, displacement, length, width, wheelbase, team_team_id) values (11, 'Nissan', 'GT-R Nismo GT3', 'Nissan GT-R Nismo GT3', 265, 'GT3', 594, 1296, 100, null, null, 'I6', null, null, null, null, 21);
insert into Racecar (racecar_id, manufacturer, type, full_name, "number", class, power, weight, fuel_tank, front_tyres, back_tyres, engine_layout, displacement, length, width, wheelbase, team_team_id) values (12, 'Porsche', '911 GT3 R', 'Porsche 911 GT3 R', 162, 'GT3', 591, 1267, 100, null, null, 'F6', null, null, null, null, 37);
insert into Racecar (racecar_id, manufacturer, type, full_name, "number", class, power, weight, fuel_tank, front_tyres, back_tyres, engine_layout, displacement, length, width, wheelbase, team_team_id) values (13, 'Aston Martin', 'Vantage V12 GT3', 'Aston Martin Vantage V12 GT3', 980, 'GT3', 553, 1298, 100, null, null, 'V12', null, null, null, null, 21);
insert into Racecar (racecar_id, manufacturer, type, full_name, "number", class, power, weight, fuel_tank, front_tyres, back_tyres, engine_layout, displacement, length, width, wheelbase, team_team_id) values (14, 'Audi', 'R8 LMS', 'Audi R8 LMS', 660, 'GT3', 565, 1300, 100, null, null, 'V10', null, null, null, null, 36);
insert into Racecar (racecar_id, manufacturer, type, full_name, "number", class, power, weight, fuel_tank, front_tyres, back_tyres, engine_layout, displacement, length, width, wheelbase, team_team_id) values (15, 'Bentley', 'Continental GT3', 'Bentley Continental GT3', 762, 'GT3', 552, 1289, 100, null, null, 'V8', null, null, null, null, 26);
insert into Racecar (racecar_id, manufacturer, type, full_name, "number", class, power, weight, fuel_tank, front_tyres, back_tyres, engine_layout, displacement, length, width, wheelbase, team_team_id) values (16, 'BMW', 'M6 GT3', 'BMW M6 GT3', 642, 'GT3', 557, 1254, 100, null, null, 'V8', null, null, null, null, 31);
insert into Racecar (racecar_id, manufacturer, type, full_name, "number", class, power, weight, fuel_tank, front_tyres, back_tyres, engine_layout, displacement, length, width, wheelbase, team_team_id) values (17, 'Emil Frey Jaguar', 'G3', 'Emil Frey Jaguar G3', 302, 'GT3', 573, 1282, 100, null, null, 'V8', null, null, null, null, 19);
insert into Racecar (racecar_id, manufacturer, type, full_name, "number", class, power, weight, fuel_tank, front_tyres, back_tyres, engine_layout, displacement, length, width, wheelbase, team_team_id) values (18, 'Ferrari', '488 GT3', 'Ferrari 488 GT3', 771, 'GT3', 559, 1238, 100, null, null, 'V8', null, null, null, null, 24);
insert into Racecar (racecar_id, manufacturer, type, full_name, "number", class, power, weight, fuel_tank, front_tyres, back_tyres, engine_layout, displacement, length, width, wheelbase, team_team_id) values (19, 'Lamborghini', 'Huracan GT3', 'Lamborghini Huracan GT3', 659, 'GT3', 573, 1277, 100, null, null, 'V10', null, null, null, null, 40);
insert into Racecar (racecar_id, manufacturer, type, full_name, "number", class, power, weight, fuel_tank, front_tyres, back_tyres, engine_layout, displacement, length, width, wheelbase, team_team_id) values (20, 'Lexus', 'RC F GT3', 'Lexus RC F GT3', 688, 'GT3', 591, 1268, 100, null, null, 'V8', null, null, null, null, 31);
insert into Racecar (racecar_id, manufacturer, type, full_name, "number", class, power, weight, fuel_tank, front_tyres, back_tyres, engine_layout, displacement, length, width, wheelbase, team_team_id) values (21, 'McLaren', '650S GT3', 'McLaren 650S GT3', 496, 'GT3', 565, 1250, 100, null, null, 'V8', null, null, null, null, 3);
insert into Racecar (racecar_id, manufacturer, type, full_name, "number", class, power, weight, fuel_tank, front_tyres, back_tyres, engine_layout, displacement, length, width, wheelbase, team_team_id) values (22, 'Mercedes-AMG', 'GT3', 'Mercedes-AMG GT3', 21, 'GT3', 556, 1242, 100, null, null, 'V8', null, null, null, null, 42);
insert into Racecar (racecar_id, manufacturer, type, full_name, "number", class, power, weight, fuel_tank, front_tyres, back_tyres, engine_layout, displacement, length, width, wheelbase, team_team_id) values (23, 'Nissan', 'GT-R Nismo GT3', 'Nissan GT-R Nismo GT3', 854, 'GT3', 592, 1234, 100, null, null, 'I6', null, null, null, null, 25);
insert into Racecar (racecar_id, manufacturer, type, full_name, "number", class, power, weight, fuel_tank, front_tyres, back_tyres, engine_layout, displacement, length, width, wheelbase, team_team_id) values (24, 'Porsche', '911 GT3 R', 'Porsche 911 GT3 R', 245, 'GT3', 566, 1275, 100, null, null, 'F6', null, null, null, null, 25);
insert into Racecar (racecar_id, manufacturer, type, full_name, "number", class, power, weight, fuel_tank, front_tyres, back_tyres, engine_layout, displacement, length, width, wheelbase, team_team_id) values (25, 'Aston Martin', 'Vantage V12 GT3', 'Aston Martin Vantage V12 GT3', 443, 'GT3', 571, 1259, 100, null, null, 'V12', null, null, null, null, 34);
insert into Racecar (racecar_id, manufacturer, type, full_name, "number", class, power, weight, fuel_tank, front_tyres, back_tyres, engine_layout, displacement, length, width, wheelbase, team_team_id) values (26, 'Audi', 'R8 LMS', 'Audi R8 LMS', 277, 'GT3', 574, 1299, 100, null, null, 'V10', null, null, null, null, 16);
insert into Racecar (racecar_id, manufacturer, type, full_name, "number", class, power, weight, fuel_tank, front_tyres, back_tyres, engine_layout, displacement, length, width, wheelbase, team_team_id) values (27, 'Bentley', 'Continental GT3', 'Bentley Continental GT3', 246, 'GT3', 589, 1252, 100, null, null, 'V8', null, null, null, null, 47);
insert into Racecar (racecar_id, manufacturer, type, full_name, "number", class, power, weight, fuel_tank, front_tyres, back_tyres, engine_layout, displacement, length, width, wheelbase, team_team_id) values (28, 'BMW', 'M6 GT3', 'BMW M6 GT3', 576, 'GT3', 591, 1259, 100, null, null, 'V8', null, null, null, null, 11);
insert into Racecar (racecar_id, manufacturer, type, full_name, "number", class, power, weight, fuel_tank, front_tyres, back_tyres, engine_layout, displacement, length, width, wheelbase, team_team_id) values (29, 'Emil Frey Jaguar', 'G3', 'Emil Frey Jaguar G3', 166, 'GT3', 586, 1260, 100, null, null, 'V8', null, null, null, null, 37);
insert into Racecar (racecar_id, manufacturer, type, full_name, "number", class, power, weight, fuel_tank, front_tyres, back_tyres, engine_layout, displacement, length, width, wheelbase, team_team_id) values (30, 'Ferrari', '488 GT3', 'Ferrari 488 GT3', 270, 'GT3', 577, 1243, 100, null, null, 'V8', null, null, null, null, 44);
insert into Racecar (racecar_id, manufacturer, type, full_name, "number", class, power, weight, fuel_tank, front_tyres, back_tyres, engine_layout, displacement, length, width, wheelbase, team_team_id) values (31, 'Lamborghini', 'Huracan GT3', 'Lamborghini Huracan GT3', 938, 'GT3', 564, 1255, 100, null, null, 'V10', null, null, null, null, 22);
insert into Racecar (racecar_id, manufacturer, type, full_name, "number", class, power, weight, fuel_tank, front_tyres, back_tyres, engine_layout, displacement, length, width, wheelbase, team_team_id) values (32, 'Lexus', 'RC F GT3', 'Lexus RC F GT3', 589, 'GT3', 566, 1239, 100, null, null, 'V8', null, null, null, null, 34);
insert into Racecar (racecar_id, manufacturer, type, full_name, "number", class, power, weight, fuel_tank, front_tyres, back_tyres, engine_layout, displacement, length, width, wheelbase, team_team_id) values (33, 'McLaren', '650S GT3', 'McLaren 650S GT3', 629, 'GT3', 575, 1287, 100, null, null, 'V8', null, null, null, null, 27);
insert into Racecar (racecar_id, manufacturer, type, full_name, "number", class, power, weight, fuel_tank, front_tyres, back_tyres, engine_layout, displacement, length, width, wheelbase, team_team_id) values (34, 'Mercedes-AMG', 'GT3', 'Mercedes-AMG GT3', 176, 'GT3', 557, 1233, 100, null, null, 'V8', null, null, null, null, 31);
insert into Racecar (racecar_id, manufacturer, type, full_name, "number", class, power, weight, fuel_tank, front_tyres, back_tyres, engine_layout, displacement, length, width, wheelbase, team_team_id) values (35, 'Nissan', 'GT-R Nismo GT3', 'Nissan GT-R Nismo GT3', 762, 'GT3', 572, 1253, 100, null, null, 'I6', null, null, null, null, 45);
insert into Racecar (racecar_id, manufacturer, type, full_name, "number", class, power, weight, fuel_tank, front_tyres, back_tyres, engine_layout, displacement, length, width, wheelbase, team_team_id) values (36, 'Porsche', '911 GT3 R', 'Porsche 911 GT3 R', 336, 'GT3', 577, 1282, 100, null, null, 'F6', null, null, null, null, 21);
insert into Racecar (racecar_id, manufacturer, type, full_name, "number", class, power, weight, fuel_tank, front_tyres, back_tyres, engine_layout, displacement, length, width, wheelbase, team_team_id) values (37, 'Aston Martin', 'Vantage V12 GT3', 'Aston Martin Vantage V12 GT3', 167, 'GT3', 593, 1294, 100, null, null, 'V12', null, null, null, null, 3);
insert into Racecar (racecar_id, manufacturer, type, full_name, "number", class, power, weight, fuel_tank, front_tyres, back_tyres, engine_layout, displacement, length, width, wheelbase, team_team_id) values (38, 'Audi', 'R8 LMS', 'Audi R8 LMS', 994, 'GT3', 573, 1243, 100, null, null, 'V10', null, null, null, null, 36);
insert into Racecar (racecar_id, manufacturer, type, full_name, "number", class, power, weight, fuel_tank, front_tyres, back_tyres, engine_layout, displacement, length, width, wheelbase, team_team_id) values (39, 'Bentley', 'Continental GT3', 'Bentley Continental GT3', 26, 'GT3', 575, 1280, 100, null, null, 'V8', null, null, null, null, 26);
insert into Racecar (racecar_id, manufacturer, type, full_name, "number", class, power, weight, fuel_tank, front_tyres, back_tyres, engine_layout, displacement, length, width, wheelbase, team_team_id) values (40, 'BMW', 'M6 GT3', 'BMW M6 GT3', 484, 'GT3', 570, 1245, 100, null, null, 'V8', null, null, null, null, 13);
insert into Racecar (racecar_id, manufacturer, type, full_name, "number", class, power, weight, fuel_tank, front_tyres, back_tyres, engine_layout, displacement, length, width, wheelbase, team_team_id) values (41, 'Emil Frey Jaguar', 'G3', 'Emil Frey Jaguar G3', 872, 'GT3', 571, 1277, 100, null, null, 'V8', null, null, null, null, 12);
insert into Racecar (racecar_id, manufacturer, type, full_name, "number", class, power, weight, fuel_tank, front_tyres, back_tyres, engine_layout, displacement, length, width, wheelbase, team_team_id) values (42, 'Ferrari', '488 GT3', 'Ferrari 488 GT3', 733, 'GT3', 580, 1287, 100, null, null, 'V8', null, null, null, null, 6);
insert into Racecar (racecar_id, manufacturer, type, full_name, "number", class, power, weight, fuel_tank, front_tyres, back_tyres, engine_layout, displacement, length, width, wheelbase, team_team_id) values (43, 'Lamborghini', 'Huracan GT3', 'Lamborghini Huracan GT3', 76, 'GT3', 595, 1292, 100, null, null, 'V10', null, null, null, null, 46);
insert into Racecar (racecar_id, manufacturer, type, full_name, "number", class, power, weight, fuel_tank, front_tyres, back_tyres, engine_layout, displacement, length, width, wheelbase, team_team_id) values (44, 'Lexus', 'RC F GT3', 'Lexus RC F GT3', 570, 'GT3', 589, 1258, 100, null, null, 'V8', null, null, null, null, 6);
insert into Racecar (racecar_id, manufacturer, type, full_name, "number", class, power, weight, fuel_tank, front_tyres, back_tyres, engine_layout, displacement, length, width, wheelbase, team_team_id) values (45, 'McLaren', '650S GT3', 'McLaren 650S GT3', 485, 'GT3', 565, 1238, 100, null, null, 'V8', null, null, null, null, 32);
insert into Racecar (racecar_id, manufacturer, type, full_name, "number", class, power, weight, fuel_tank, front_tyres, back_tyres, engine_layout, displacement, length, width, wheelbase, team_team_id) values (46, 'Mercedes-AMG', 'GT3', 'Mercedes-AMG GT3', 378, 'GT3', 567, 1265, 100, null, null, 'V8', null, null, null, null, 5);
insert into Racecar (racecar_id, manufacturer, type, full_name, "number", class, power, weight, fuel_tank, front_tyres, back_tyres, engine_layout, displacement, length, width, wheelbase, team_team_id) values (47, 'Nissan', 'GT-R Nismo GT3', 'Nissan GT-R Nismo GT3', 547, 'GT3', 554, 1233, 100, null, null, 'I6', null, null, null, null, 22);
insert into Racecar (racecar_id, manufacturer, type, full_name, "number", class, power, weight, fuel_tank, front_tyres, back_tyres, engine_layout, displacement, length, width, wheelbase, team_team_id) values (48, 'Porsche', '911 GT3 R', 'Porsche 911 GT3 R', 76, 'GT3', 598, 1287, 100, null, null, 'F6', null, null, null, null, 38);
insert into Racecar (racecar_id, manufacturer, type, full_name, "number", class, power, weight, fuel_tank, front_tyres, back_tyres, engine_layout, displacement, length, width, wheelbase, team_team_id) values (49, 'Aston Martin', 'Vantage V12 GT3', 'Aston Martin Vantage V12 GT3', 526, 'GT3', 597, 1273, 100, null, null, 'V12', null, null, null, null, 48);
insert into Racecar (racecar_id, manufacturer, type, full_name, "number", class, power, weight, fuel_tank, front_tyres, back_tyres, engine_layout, displacement, length, width, wheelbase, team_team_id) values (50, 'Audi', 'R8 LMS', 'Audi R8 LMS', 114, 'GT3', 599, 1275, 100, null, null, 'V10', null, null, null, null, 21);
insert into Racecar (racecar_id, manufacturer, type, full_name, "number", class, power, weight, fuel_tank, front_tyres, back_tyres, engine_layout, displacement, length, width, wheelbase, team_team_id) values (51, 'Bentley', 'Continental GT3', 'Bentley Continental GT3', 560, 'GT3', 580, 1260, 100, null, null, 'V8', null, null, null, null, 42);
insert into Racecar (racecar_id, manufacturer, type, full_name, "number", class, power, weight, fuel_tank, front_tyres, back_tyres, engine_layout, displacement, length, width, wheelbase, team_team_id) values (52, 'BMW', 'M6 GT3', 'BMW M6 GT3', 906, 'GT3', 597, 1293, 100, null, null, 'V8', null, null, null, null, 17);
insert into Racecar (racecar_id, manufacturer, type, full_name, "number", class, power, weight, fuel_tank, front_tyres, back_tyres, engine_layout, displacement, length, width, wheelbase, team_team_id) values (53, 'Emil Frey Jaguar', 'G3', 'Emil Frey Jaguar G3', 319, 'GT3', 600, 1247, 100, null, null, 'V8', null, null, null, null, 22);
insert into Racecar (racecar_id, manufacturer, type, full_name, "number", class, power, weight, fuel_tank, front_tyres, back_tyres, engine_layout, displacement, length, width, wheelbase, team_team_id) values (54, 'Ferrari', '488 GT3', 'Ferrari 488 GT3', 171, 'GT3', 570, 1287, 100, null, null, 'V8', null, null, null, null, 44);
insert into Racecar (racecar_id, manufacturer, type, full_name, "number", class, power, weight, fuel_tank, front_tyres, back_tyres, engine_layout, displacement, length, width, wheelbase, team_team_id) values (55, 'Lamborghini', 'Huracan GT3', 'Lamborghini Huracan GT3', 271, 'GT3', 593, 1242, 100, null, null, 'V10', null, null, null, null, 3);
insert into Racecar (racecar_id, manufacturer, type, full_name, "number", class, power, weight, fuel_tank, front_tyres, back_tyres, engine_layout, displacement, length, width, wheelbase, team_team_id) values (56, 'Lexus', 'RC F GT3', 'Lexus RC F GT3', 275, 'GT3', 597, 1276, 100, null, null, 'V8', null, null, null, null, 20);
insert into Racecar (racecar_id, manufacturer, type, full_name, "number", class, power, weight, fuel_tank, front_tyres, back_tyres, engine_layout, displacement, length, width, wheelbase, team_team_id) values (57, 'McLaren', '650S GT3', 'McLaren 650S GT3', 978, 'GT3', 565, 1287, 100, null, null, 'V8', null, null, null, null, 43);
insert into Racecar (racecar_id, manufacturer, type, full_name, "number", class, power, weight, fuel_tank, front_tyres, back_tyres, engine_layout, displacement, length, width, wheelbase, team_team_id) values (58, 'Mercedes-AMG', 'GT3', 'Mercedes-AMG GT3', 332, 'GT3', 556, 1278, 100, null, null, 'V8', null, null, null, null, 37);
insert into Racecar (racecar_id, manufacturer, type, full_name, "number", class, power, weight, fuel_tank, front_tyres, back_tyres, engine_layout, displacement, length, width, wheelbase, team_team_id) values (59, 'Nissan', 'GT-R Nismo GT3', 'Nissan GT-R Nismo GT3', 708, 'GT3', 575, 1247, 100, null, null, 'I6', null, null, null, null, 47);
insert into Racecar (racecar_id, manufacturer, type, full_name, "number", class, power, weight, fuel_tank, front_tyres, back_tyres, engine_layout, displacement, length, width, wheelbase, team_team_id) values (60, 'Porsche', '911 GT3 R', 'Porsche 911 GT3 R', 462, 'GT3', 568, 1290, 100, null, null, 'F6', null, null, null, null, 27);
insert into Racecar (racecar_id, manufacturer, type, full_name, "number", class, power, weight, fuel_tank, front_tyres, back_tyres, engine_layout, displacement, length, width, wheelbase, team_team_id) values (61, 'Aston Martin', 'Vantage V12 GT3', 'Aston Martin Vantage V12 GT3', 254, 'GT3', 598, 1266, 100, null, null, 'V12', null, null, null, null, 11);
insert into Racecar (racecar_id, manufacturer, type, full_name, "number", class, power, weight, fuel_tank, front_tyres, back_tyres, engine_layout, displacement, length, width, wheelbase, team_team_id) values (62, 'Audi', 'R8 LMS', 'Audi R8 LMS', 798, 'GT3', 592, 1267, 100, null, null, 'V10', null, null, null, null, 42);
insert into Racecar (racecar_id, manufacturer, type, full_name, "number", class, power, weight, fuel_tank, front_tyres, back_tyres, engine_layout, displacement, length, width, wheelbase, team_team_id) values (63, 'Bentley', 'Continental GT3', 'Bentley Continental GT3', 371, 'GT3', 588, 1248, 100, null, null, 'V8', null, null, null, null, 31);
insert into Racecar (racecar_id, manufacturer, type, full_name, "number", class, power, weight, fuel_tank, front_tyres, back_tyres, engine_layout, displacement, length, width, wheelbase, team_team_id) values (64, 'BMW', 'M6 GT3', 'BMW M6 GT3', 203, 'GT3', 579, 1279, 100, null, null, 'V8', null, null, null, null, 20);
insert into Racecar (racecar_id, manufacturer, type, full_name, "number", class, power, weight, fuel_tank, front_tyres, back_tyres, engine_layout, displacement, length, width, wheelbase, team_team_id) values (65, 'Emil Frey Jaguar', 'G3', 'Emil Frey Jaguar G3', 187, 'GT3', 573, 1266, 100, null, null, 'V8', null, null, null, null, 50);
insert into Racecar (racecar_id, manufacturer, type, full_name, "number", class, power, weight, fuel_tank, front_tyres, back_tyres, engine_layout, displacement, length, width, wheelbase, team_team_id) values (66, 'Ferrari', '488 GT3', 'Ferrari 488 GT3', 201, 'GT3', 574, 1236, 100, null, null, 'V8', null, null, null, null, 20);
insert into Racecar (racecar_id, manufacturer, type, full_name, "number", class, power, weight, fuel_tank, front_tyres, back_tyres, engine_layout, displacement, length, width, wheelbase, team_team_id) values (67, 'Lamborghini', 'Huracan GT3', 'Lamborghini Huracan GT3', 425, 'GT3', 583, 1259, 100, null, null, 'V10', null, null, null, null, 20);
insert into Racecar (racecar_id, manufacturer, type, full_name, "number", class, power, weight, fuel_tank, front_tyres, back_tyres, engine_layout, displacement, length, width, wheelbase, team_team_id) values (68, 'Lexus', 'RC F GT3', 'Lexus RC F GT3', 337, 'GT3', 576, 1237, 100, null, null, 'V8', null, null, null, null, 10);
insert into Racecar (racecar_id, manufacturer, type, full_name, "number", class, power, weight, fuel_tank, front_tyres, back_tyres, engine_layout, displacement, length, width, wheelbase, team_team_id) values (69, 'McLaren', '650S GT3', 'McLaren 650S GT3', 86, 'GT3', 572, 1255, 100, null, null, 'V8', null, null, null, null, 42);
insert into Racecar (racecar_id, manufacturer, type, full_name, "number", class, power, weight, fuel_tank, front_tyres, back_tyres, engine_layout, displacement, length, width, wheelbase, team_team_id) values (70, 'Mercedes-AMG', 'GT3', 'Mercedes-AMG GT3', 160, 'GT3', 563, 1236, 100, null, null, 'V8', null, null, null, null, 18);
insert into Racecar (racecar_id, manufacturer, type, full_name, "number", class, power, weight, fuel_tank, front_tyres, back_tyres, engine_layout, displacement, length, width, wheelbase, team_team_id) values (71, 'Nissan', 'GT-R Nismo GT3', 'Nissan GT-R Nismo GT3', 869, 'GT3', 590, 1256, 100, null, null, 'I6', null, null, null, null, 46);
insert into Racecar (racecar_id, manufacturer, type, full_name, "number", class, power, weight, fuel_tank, front_tyres, back_tyres, engine_layout, displacement, length, width, wheelbase, team_team_id) values (72, 'Porsche', '911 GT3 R', 'Porsche 911 GT3 R', 800, 'GT3', 554, 1288, 100, null, null, 'F6', null, null, null, null, 3);
insert into Racecar (racecar_id, manufacturer, type, full_name, "number", class, power, weight, fuel_tank, front_tyres, back_tyres, engine_layout, displacement, length, width, wheelbase, team_team_id) values (73, 'Aston Martin', 'Vantage V12 GT3', 'Aston Martin Vantage V12 GT3', 117, 'GT3', 582, 1279, 100, null, null, 'V12', null, null, null, null, 14);
insert into Racecar (racecar_id, manufacturer, type, full_name, "number", class, power, weight, fuel_tank, front_tyres, back_tyres, engine_layout, displacement, length, width, wheelbase, team_team_id) values (74, 'Audi', 'R8 LMS', 'Audi R8 LMS', 256, 'GT3', 559, 1236, 100, null, null, 'V10', null, null, null, null, 31);
insert into Racecar (racecar_id, manufacturer, type, full_name, "number", class, power, weight, fuel_tank, front_tyres, back_tyres, engine_layout, displacement, length, width, wheelbase, team_team_id) values (75, 'Bentley', 'Continental GT3', 'Bentley Continental GT3', 777, 'GT3', 587, 1290, 100, null, null, 'V8', null, null, null, null, 6);
insert into Racecar (racecar_id, manufacturer, type, full_name, "number", class, power, weight, fuel_tank, front_tyres, back_tyres, engine_layout, displacement, length, width, wheelbase, team_team_id) values (76, 'BMW', 'M6 GT3', 'BMW M6 GT3', 742, 'GT3', 593, 1264, 100, null, null, 'V8', null, null, null, null, 18);
insert into Racecar (racecar_id, manufacturer, type, full_name, "number", class, power, weight, fuel_tank, front_tyres, back_tyres, engine_layout, displacement, length, width, wheelbase, team_team_id) values (77, 'Emil Frey Jaguar', 'G3', 'Emil Frey Jaguar G3', 934, 'GT3', 586, 1239, 100, null, null, 'V8', null, null, null, null, 4);
insert into Racecar (racecar_id, manufacturer, type, full_name, "number", class, power, weight, fuel_tank, front_tyres, back_tyres, engine_layout, displacement, length, width, wheelbase, team_team_id) values (78, 'Ferrari', '488 GT3', 'Ferrari 488 GT3', 753, 'GT3', 558, 1297, 100, null, null, 'V8', null, null, null, null, 49);
insert into Racecar (racecar_id, manufacturer, type, full_name, "number", class, power, weight, fuel_tank, front_tyres, back_tyres, engine_layout, displacement, length, width, wheelbase, team_team_id) values (79, 'Lamborghini', 'Huracan GT3', 'Lamborghini Huracan GT3', 176, 'GT3', 596, 1287, 100, null, null, 'V10', null, null, null, null, 27);
insert into Racecar (racecar_id, manufacturer, type, full_name, "number", class, power, weight, fuel_tank, front_tyres, back_tyres, engine_layout, displacement, length, width, wheelbase, team_team_id) values (80, 'Lexus', 'RC F GT3', 'Lexus RC F GT3', 702, 'GT3', 574, 1270, 100, null, null, 'V8', null, null, null, null, 24);
insert into Racecar (racecar_id, manufacturer, type, full_name, "number", class, power, weight, fuel_tank, front_tyres, back_tyres, engine_layout, displacement, length, width, wheelbase, team_team_id) values (81, 'McLaren', '650S GT3', 'McLaren 650S GT3', 831, 'GT3', 590, 1269, 100, null, null, 'V8', null, null, null, null, 17);
insert into Racecar (racecar_id, manufacturer, type, full_name, "number", class, power, weight, fuel_tank, front_tyres, back_tyres, engine_layout, displacement, length, width, wheelbase, team_team_id) values (82, 'Mercedes-AMG', 'GT3', 'Mercedes-AMG GT3', 703, 'GT3', 588, 1295, 100, null, null, 'V8', null, null, null, null, 32);
insert into Racecar (racecar_id, manufacturer, type, full_name, "number", class, power, weight, fuel_tank, front_tyres, back_tyres, engine_layout, displacement, length, width, wheelbase, team_team_id) values (83, 'Nissan', 'GT-R Nismo GT3', 'Nissan GT-R Nismo GT3', 142, 'GT3', 587, 1268, 100, null, null, 'I6', null, null, null, null, 32);
insert into Racecar (racecar_id, manufacturer, type, full_name, "number", class, power, weight, fuel_tank, front_tyres, back_tyres, engine_layout, displacement, length, width, wheelbase, team_team_id) values (84, 'Porsche', '911 GT3 R', 'Porsche 911 GT3 R', 678, 'GT3', 551, 1294, 100, null, null, 'F6', null, null, null, null, 48);
insert into Racecar (racecar_id, manufacturer, type, full_name, "number", class, power, weight, fuel_tank, front_tyres, back_tyres, engine_layout, displacement, length, width, wheelbase, team_team_id) values (85, 'Aston Martin', 'Vantage V12 GT3', 'Aston Martin Vantage V12 GT3', 848, 'GT3', 594, 1276, 100, null, null, 'V12', null, null, null, null, 19);
insert into Racecar (racecar_id, manufacturer, type, full_name, "number", class, power, weight, fuel_tank, front_tyres, back_tyres, engine_layout, displacement, length, width, wheelbase, team_team_id) values (86, 'Audi', 'R8 LMS', 'Audi R8 LMS', 969, 'GT3', 599, 1257, 100, null, null, 'V10', null, null, null, null, 26);
insert into Racecar (racecar_id, manufacturer, type, full_name, "number", class, power, weight, fuel_tank, front_tyres, back_tyres, engine_layout, displacement, length, width, wheelbase, team_team_id) values (87, 'Bentley', 'Continental GT3', 'Bentley Continental GT3', 684, 'GT3', 580, 1296, 100, null, null, 'V8', null, null, null, null, 47);
insert into Racecar (racecar_id, manufacturer, type, full_name, "number", class, power, weight, fuel_tank, front_tyres, back_tyres, engine_layout, displacement, length, width, wheelbase, team_team_id) values (88, 'BMW', 'M6 GT3', 'BMW M6 GT3', 756, 'GT3', 586, 1247, 100, null, null, 'V8', null, null, null, null, 42);
insert into Racecar (racecar_id, manufacturer, type, full_name, "number", class, power, weight, fuel_tank, front_tyres, back_tyres, engine_layout, displacement, length, width, wheelbase, team_team_id) values (89, 'Emil Frey Jaguar', 'G3', 'Emil Frey Jaguar G3', 770, 'GT3', 553, 1236, 100, null, null, 'V8', null, null, null, null, 7);
insert into Racecar (racecar_id, manufacturer, type, full_name, "number", class, power, weight, fuel_tank, front_tyres, back_tyres, engine_layout, displacement, length, width, wheelbase, team_team_id) values (90, 'Ferrari', '488 GT3', 'Ferrari 488 GT3', 717, 'GT3', 558, 1252, 100, null, null, 'V8', null, null, null, null, 28);
insert into Racecar (racecar_id, manufacturer, type, full_name, "number", class, power, weight, fuel_tank, front_tyres, back_tyres, engine_layout, displacement, length, width, wheelbase, team_team_id) values (91, 'Lamborghini', 'Huracan GT3', 'Lamborghini Huracan GT3', 315, 'GT3', 571, 1237, 100, null, null, 'V10', null, null, null, null, 31);
insert into Racecar (racecar_id, manufacturer, type, full_name, "number", class, power, weight, fuel_tank, front_tyres, back_tyres, engine_layout, displacement, length, width, wheelbase, team_team_id) values (92, 'Lexus', 'RC F GT3', 'Lexus RC F GT3', 646, 'GT3', 556, 1255, 100, null, null, 'V8', null, null, null, null, 44);
insert into Racecar (racecar_id, manufacturer, type, full_name, "number", class, power, weight, fuel_tank, front_tyres, back_tyres, engine_layout, displacement, length, width, wheelbase, team_team_id) values (93, 'McLaren', '650S GT3', 'McLaren 650S GT3', 576, 'GT3', 597, 1290, 100, null, null, 'V8', null, null, null, null, 2);
insert into Racecar (racecar_id, manufacturer, type, full_name, "number", class, power, weight, fuel_tank, front_tyres, back_tyres, engine_layout, displacement, length, width, wheelbase, team_team_id) values (94, 'Mercedes-AMG', 'GT3', 'Mercedes-AMG GT3', 205, 'GT3', 573, 1268, 100, null, null, 'V8', null, null, null, null, 45);
insert into Racecar (racecar_id, manufacturer, type, full_name, "number", class, power, weight, fuel_tank, front_tyres, back_tyres, engine_layout, displacement, length, width, wheelbase, team_team_id) values (95, 'Nissan', 'GT-R Nismo GT3', 'Nissan GT-R Nismo GT3', 159, 'GT3', 580, 1235, 100, null, null, 'I6', null, null, null, null, 21);
insert into Racecar (racecar_id, manufacturer, type, full_name, "number", class, power, weight, fuel_tank, front_tyres, back_tyres, engine_layout, displacement, length, width, wheelbase, team_team_id) values (96, 'Porsche', '911 GT3 R', 'Porsche 911 GT3 R', 332, 'GT3', 565, 1247, 100, null, null, 'F6', null, null, null, null, 19);
insert into Racecar (racecar_id, manufacturer, type, full_name, "number", class, power, weight, fuel_tank, front_tyres, back_tyres, engine_layout, displacement, length, width, wheelbase, team_team_id) values (97, 'Aston Martin', 'Vantage V12 GT3', 'Aston Martin Vantage V12 GT3', 356, 'GT3', 558, 1235, 100, null, null, 'V12', null, null, null, null, 9);
insert into Racecar (racecar_id, manufacturer, type, full_name, "number", class, power, weight, fuel_tank, front_tyres, back_tyres, engine_layout, displacement, length, width, wheelbase, team_team_id) values (98, 'Audi', 'R8 LMS', 'Audi R8 LMS', 635, 'GT3', 564, 1298, 100, null, null, 'V10', null, null, null, null, 7);
insert into Racecar (racecar_id, manufacturer, type, full_name, "number", class, power, weight, fuel_tank, front_tyres, back_tyres, engine_layout, displacement, length, width, wheelbase, team_team_id) values (99, 'Bentley', 'Continental GT3', 'Bentley Continental GT3', 177, 'GT3', 585, 1275, 100, null, null, 'V8', null, null, null, null, 4);
insert into Racecar (racecar_id, manufacturer, type, full_name, "number", class, power, weight, fuel_tank, front_tyres, back_tyres, engine_layout, displacement, length, width, wheelbase, team_team_id) values (100, 'BMW', 'M6 GT3', 'BMW M6 GT3', 262, 'GT3', 600, 1280, 100, null, null, 'V8', null, null, null, null, 25);
insert into Racecar (racecar_id, manufacturer, type, full_name, "number", class, power, weight, fuel_tank, front_tyres, back_tyres, engine_layout, displacement, length, width, wheelbase, team_team_id) values (101, 'Emil Frey Jaguar', 'G3', 'Emil Frey Jaguar G3', 908, 'GT3', 555, 1291, 100, null, null, 'V8', null, null, null, null, 13);
insert into Racecar (racecar_id, manufacturer, type, full_name, "number", class, power, weight, fuel_tank, front_tyres, back_tyres, engine_layout, displacement, length, width, wheelbase, team_team_id) values (102, 'Ferrari', '488 GT3', 'Ferrari 488 GT3', 263, 'GT3', 595, 1266, 100, null, null, 'V8', null, null, null, null, 28);
insert into Racecar (racecar_id, manufacturer, type, full_name, "number", class, power, weight, fuel_tank, front_tyres, back_tyres, engine_layout, displacement, length, width, wheelbase, team_team_id) values (103, 'Lamborghini', 'Huracan GT3', 'Lamborghini Huracan GT3', 935, 'GT3', 579, 1299, 100, null, null, 'V10', null, null, null, null, 15);
insert into Racecar (racecar_id, manufacturer, type, full_name, "number", class, power, weight, fuel_tank, front_tyres, back_tyres, engine_layout, displacement, length, width, wheelbase, team_team_id) values (104, 'Lexus', 'RC F GT3', 'Lexus RC F GT3', 290, 'GT3', 583, 1247, 100, null, null, 'V8', null, null, null, null, 49);
insert into Racecar (racecar_id, manufacturer, type, full_name, "number", class, power, weight, fuel_tank, front_tyres, back_tyres, engine_layout, displacement, length, width, wheelbase, team_team_id) values (105, 'McLaren', '650S GT3', 'McLaren 650S GT3', 650, 'GT3', 556, 1300, 100, null, null, 'V8', null, null, null, null, 34);
insert into Racecar (racecar_id, manufacturer, type, full_name, "number", class, power, weight, fuel_tank, front_tyres, back_tyres, engine_layout, displacement, length, width, wheelbase, team_team_id) values (106, 'Mercedes-AMG', 'GT3', 'Mercedes-AMG GT3', 437, 'GT3', 592, 1233, 100, null, null, 'V8', null, null, null, null, 27);
insert into Racecar (racecar_id, manufacturer, type, full_name, "number", class, power, weight, fuel_tank, front_tyres, back_tyres, engine_layout, displacement, length, width, wheelbase, team_team_id) values (107, 'Nissan', 'GT-R Nismo GT3', 'Nissan GT-R Nismo GT3', 945, 'GT3', 573, 1252, 100, null, null, 'I6', null, null, null, null, 13);
insert into Racecar (racecar_id, manufacturer, type, full_name, "number", class, power, weight, fuel_tank, front_tyres, back_tyres, engine_layout, displacement, length, width, wheelbase, team_team_id) values (108, 'Porsche', '911 GT3 R', 'Porsche 911 GT3 R', 808, 'GT3', 591, 1235, 100, null, null, 'F6', null, null, null, null, 38);
insert into Racecar (racecar_id, manufacturer, type, full_name, "number", class, power, weight, fuel_tank, front_tyres, back_tyres, engine_layout, displacement, length, width, wheelbase, team_team_id) values (109, 'Aston Martin', 'Vantage V12 GT3', 'Aston Martin Vantage V12 GT3', 173, 'GT3', 553, 1246, 100, null, null, 'V12', null, null, null, null, 9);
insert into Racecar (racecar_id, manufacturer, type, full_name, "number", class, power, weight, fuel_tank, front_tyres, back_tyres, engine_layout, displacement, length, width, wheelbase, team_team_id) values (110, 'Audi', 'R8 LMS', 'Audi R8 LMS', 647, 'GT3', 567, 1245, 100, null, null, 'V10', null, null, null, null, 3);
insert into Racecar (racecar_id, manufacturer, type, full_name, "number", class, power, weight, fuel_tank, front_tyres, back_tyres, engine_layout, displacement, length, width, wheelbase, team_team_id) values (111, 'Bentley', 'Continental GT3', 'Bentley Continental GT3', 317, 'GT3', 579, 1282, 100, null, null, 'V8', null, null, null, null, 27);
insert into Racecar (racecar_id, manufacturer, type, full_name, "number", class, power, weight, fuel_tank, front_tyres, back_tyres, engine_layout, displacement, length, width, wheelbase, team_team_id) values (112, 'BMW', 'M6 GT3', 'BMW M6 GT3', 971, 'GT3', 553, 1236, 100, null, null, 'V8', null, null, null, null, 46);
insert into Racecar (racecar_id, manufacturer, type, full_name, "number", class, power, weight, fuel_tank, front_tyres, back_tyres, engine_layout, displacement, length, width, wheelbase, team_team_id) values (113, 'Emil Frey Jaguar', 'G3', 'Emil Frey Jaguar G3', 777, 'GT3', 553, 1298, 100, null, null, 'V8', null, null, null, null, 6);
insert into Racecar (racecar_id, manufacturer, type, full_name, "number", class, power, weight, fuel_tank, front_tyres, back_tyres, engine_layout, displacement, length, width, wheelbase, team_team_id) values (114, 'Ferrari', '488 GT3', 'Ferrari 488 GT3', 321, 'GT3', 596, 1281, 100, null, null, 'V8', null, null, null, null, 47);
insert into Racecar (racecar_id, manufacturer, type, full_name, "number", class, power, weight, fuel_tank, front_tyres, back_tyres, engine_layout, displacement, length, width, wheelbase, team_team_id) values (115, 'Lamborghini', 'Huracan GT3', 'Lamborghini Huracan GT3', 712, 'GT3', 582, 1230, 100, null, null, 'V10', null, null, null, null, 19);
insert into Racecar (racecar_id, manufacturer, type, full_name, "number", class, power, weight, fuel_tank, front_tyres, back_tyres, engine_layout, displacement, length, width, wheelbase, team_team_id) values (116, 'Lexus', 'RC F GT3', 'Lexus RC F GT3', 368, 'GT3', 572, 1274, 100, null, null, 'V8', null, null, null, null, 40);
insert into Racecar (racecar_id, manufacturer, type, full_name, "number", class, power, weight, fuel_tank, front_tyres, back_tyres, engine_layout, displacement, length, width, wheelbase, team_team_id) values (117, 'McLaren', '650S GT3', 'McLaren 650S GT3', 626, 'GT3', 594, 1269, 100, null, null, 'V8', null, null, null, null, 29);
insert into Racecar (racecar_id, manufacturer, type, full_name, "number", class, power, weight, fuel_tank, front_tyres, back_tyres, engine_layout, displacement, length, width, wheelbase, team_team_id) values (118, 'Mercedes-AMG', 'GT3', 'Mercedes-AMG GT3', 853, 'GT3', 551, 1299, 100, null, null, 'V8', null, null, null, null, 2);
insert into Racecar (racecar_id, manufacturer, type, full_name, "number", class, power, weight, fuel_tank, front_tyres, back_tyres, engine_layout, displacement, length, width, wheelbase, team_team_id) values (119, 'Nissan', 'GT-R Nismo GT3', 'Nissan GT-R Nismo GT3', 108, 'GT3', 566, 1256, 100, null, null, 'I6', null, null, null, null, 21);
insert into Racecar (racecar_id, manufacturer, type, full_name, "number", class, power, weight, fuel_tank, front_tyres, back_tyres, engine_layout, displacement, length, width, wheelbase, team_team_id) values (120, 'Porsche', '911 GT3 R', 'Porsche 911 GT3 R', 869, 'GT3', 561, 1231, 100, null, null, 'F6', null, null, null, null, 17);
insert into Racecar (racecar_id, manufacturer, type, full_name, "number", class, power, weight, fuel_tank, front_tyres, back_tyres, engine_layout, displacement, length, width, wheelbase, team_team_id) values (121, 'Aston Martin', 'Vantage V12 GT3', 'Aston Martin Vantage V12 GT3', 106, 'GT3', 598, 1278, 100, null, null, 'V12', null, null, null, null, 17);
insert into Racecar (racecar_id, manufacturer, type, full_name, "number", class, power, weight, fuel_tank, front_tyres, back_tyres, engine_layout, displacement, length, width, wheelbase, team_team_id) values (122, 'Audi', 'R8 LMS', 'Audi R8 LMS', 267, 'GT3', 583, 1274, 100, null, null, 'V10', null, null, null, null, 35);
insert into Racecar (racecar_id, manufacturer, type, full_name, "number", class, power, weight, fuel_tank, front_tyres, back_tyres, engine_layout, displacement, length, width, wheelbase, team_team_id) values (123, 'Bentley', 'Continental GT3', 'Bentley Continental GT3', 176, 'GT3', 595, 1233, 100, null, null, 'V8', null, null, null, null, 40);
insert into Racecar (racecar_id, manufacturer, type, full_name, "number", class, power, weight, fuel_tank, front_tyres, back_tyres, engine_layout, displacement, length, width, wheelbase, team_team_id) values (124, 'BMW', 'M6 GT3', 'BMW M6 GT3', 46, 'GT3', 586, 1247, 100, null, null, 'V8', null, null, null, null, 9);
insert into Racecar (racecar_id, manufacturer, type, full_name, "number", class, power, weight, fuel_tank, front_tyres, back_tyres, engine_layout, displacement, length, width, wheelbase, team_team_id) values (125, 'Emil Frey Jaguar', 'G3', 'Emil Frey Jaguar G3', 443, 'GT3', 556, 1264, 100, null, null, 'V8', null, null, null, null, 43);
insert into Racecar (racecar_id, manufacturer, type, full_name, "number", class, power, weight, fuel_tank, front_tyres, back_tyres, engine_layout, displacement, length, width, wheelbase, team_team_id) values (126, 'Ferrari', '488 GT3', 'Ferrari 488 GT3', 681, 'GT3', 599, 1238, 100, null, null, 'V8', null, null, null, null, 20);
insert into Racecar (racecar_id, manufacturer, type, full_name, "number", class, power, weight, fuel_tank, front_tyres, back_tyres, engine_layout, displacement, length, width, wheelbase, team_team_id) values (127, 'Lamborghini', 'Huracan GT3', 'Lamborghini Huracan GT3', 731, 'GT3', 594, 1267, 100, null, null, 'V10', null, null, null, null, 49);
insert into Racecar (racecar_id, manufacturer, type, full_name, "number", class, power, weight, fuel_tank, front_tyres, back_tyres, engine_layout, displacement, length, width, wheelbase, team_team_id) values (128, 'Lexus', 'RC F GT3', 'Lexus RC F GT3', 775, 'GT3', 560, 1234, 100, null, null, 'V8', null, null, null, null, 24);
insert into Racecar (racecar_id, manufacturer, type, full_name, "number", class, power, weight, fuel_tank, front_tyres, back_tyres, engine_layout, displacement, length, width, wheelbase, team_team_id) values (129, 'McLaren', '650S GT3', 'McLaren 650S GT3', 261, 'GT3', 552, 1238, 100, null, null, 'V8', null, null, null, null, 38);
insert into Racecar (racecar_id, manufacturer, type, full_name, "number", class, power, weight, fuel_tank, front_tyres, back_tyres, engine_layout, displacement, length, width, wheelbase, team_team_id) values (130, 'Mercedes-AMG', 'GT3', 'Mercedes-AMG GT3', 669, 'GT3', 561, 1292, 100, null, null, 'V8', null, null, null, null, 39);
insert into Racecar (racecar_id, manufacturer, type, full_name, "number", class, power, weight, fuel_tank, front_tyres, back_tyres, engine_layout, displacement, length, width, wheelbase, team_team_id) values (131, 'Nissan', 'GT-R Nismo GT3', 'Nissan GT-R Nismo GT3', 269, 'GT3', 593, 1265, 100, null, null, 'I6', null, null, null, null, 17);
insert into Racecar (racecar_id, manufacturer, type, full_name, "number", class, power, weight, fuel_tank, front_tyres, back_tyres, engine_layout, displacement, length, width, wheelbase, team_team_id) values (132, 'Porsche', '911 GT3 R', 'Porsche 911 GT3 R', 601, 'GT3', 570, 1272, 100, null, null, 'F6', null, null, null, null, 17);
insert into Racecar (racecar_id, manufacturer, type, full_name, "number", class, power, weight, fuel_tank, front_tyres, back_tyres, engine_layout, displacement, length, width, wheelbase, team_team_id) values (133, 'Aston Martin', 'Vantage V12 GT3', 'Aston Martin Vantage V12 GT3', 819, 'GT3', 585, 1275, 100, null, null, 'V12', null, null, null, null, 21);
insert into Racecar (racecar_id, manufacturer, type, full_name, "number", class, power, weight, fuel_tank, front_tyres, back_tyres, engine_layout, displacement, length, width, wheelbase, team_team_id) values (134, 'Audi', 'R8 LMS', 'Audi R8 LMS', 286, 'GT3', 559, 1261, 100, null, null, 'V10', null, null, null, null, 42);
insert into Racecar (racecar_id, manufacturer, type, full_name, "number", class, power, weight, fuel_tank, front_tyres, back_tyres, engine_layout, displacement, length, width, wheelbase, team_team_id) values (135, 'Bentley', 'Continental GT3', 'Bentley Continental GT3', 688, 'GT3', 552, 1299, 100, null, null, 'V8', null, null, null, null, 7);
insert into Racecar (racecar_id, manufacturer, type, full_name, "number", class, power, weight, fuel_tank, front_tyres, back_tyres, engine_layout, displacement, length, width, wheelbase, team_team_id) values (136, 'BMW', 'M6 GT3', 'BMW M6 GT3', 209, 'GT3', 585, 1272, 100, null, null, 'V8', null, null, null, null, 7);
insert into Racecar (racecar_id, manufacturer, type, full_name, "number", class, power, weight, fuel_tank, front_tyres, back_tyres, engine_layout, displacement, length, width, wheelbase, team_team_id) values (137, 'Emil Frey Jaguar', 'G3', 'Emil Frey Jaguar G3', 600, 'GT3', 556, 1297, 100, null, null, 'V8', null, null, null, null, 28);
insert into Racecar (racecar_id, manufacturer, type, full_name, "number", class, power, weight, fuel_tank, front_tyres, back_tyres, engine_layout, displacement, length, width, wheelbase, team_team_id) values (138, 'Ferrari', '488 GT3', 'Ferrari 488 GT3', 839, 'GT3', 555, 1264, 100, null, null, 'V8', null, null, null, null, 28);
insert into Racecar (racecar_id, manufacturer, type, full_name, "number", class, power, weight, fuel_tank, front_tyres, back_tyres, engine_layout, displacement, length, width, wheelbase, team_team_id) values (139, 'Lamborghini', 'Huracan GT3', 'Lamborghini Huracan GT3', 360, 'GT3', 552, 1272, 100, null, null, 'V10', null, null, null, null, 40);
insert into Racecar (racecar_id, manufacturer, type, full_name, "number", class, power, weight, fuel_tank, front_tyres, back_tyres, engine_layout, displacement, length, width, wheelbase, team_team_id) values (140, 'Lexus', 'RC F GT3', 'Lexus RC F GT3', 470, 'GT3', 550, 1260, 100, null, null, 'V8', null, null, null, null, 45);
insert into Racecar (racecar_id, manufacturer, type, full_name, "number", class, power, weight, fuel_tank, front_tyres, back_tyres, engine_layout, displacement, length, width, wheelbase, team_team_id) values (141, 'McLaren', '650S GT3', 'McLaren 650S GT3', 64, 'GT3', 594, 1244, 100, null, null, 'V8', null, null, null, null, 3);
insert into Racecar (racecar_id, manufacturer, type, full_name, "number", class, power, weight, fuel_tank, front_tyres, back_tyres, engine_layout, displacement, length, width, wheelbase, team_team_id) values (142, 'Mercedes-AMG', 'GT3', 'Mercedes-AMG GT3', 881, 'GT3', 581, 1250, 100, null, null, 'V8', null, null, null, null, 16);
insert into Racecar (racecar_id, manufacturer, type, full_name, "number", class, power, weight, fuel_tank, front_tyres, back_tyres, engine_layout, displacement, length, width, wheelbase, team_team_id) values (143, 'Nissan', 'GT-R Nismo GT3', 'Nissan GT-R Nismo GT3', 308, 'GT3', 551, 1244, 100, null, null, 'I6', null, null, null, null, 43);
insert into Racecar (racecar_id, manufacturer, type, full_name, "number", class, power, weight, fuel_tank, front_tyres, back_tyres, engine_layout, displacement, length, width, wheelbase, team_team_id) values (144, 'Porsche', '911 GT3 R', 'Porsche 911 GT3 R', 3, 'GT3', 572, 1252, 100, null, null, 'F6', null, null, null, null, 39);
insert into Racecar (racecar_id, manufacturer, type, full_name, "number", class, power, weight, fuel_tank, front_tyres, back_tyres, engine_layout, displacement, length, width, wheelbase, team_team_id) values (145, 'Aston Martin', 'Vantage V12 GT3', 'Aston Martin Vantage V12 GT3', 35, 'GT3', 586, 1263, 100, null, null, 'V12', null, null, null, null, 48);
insert into Racecar (racecar_id, manufacturer, type, full_name, "number", class, power, weight, fuel_tank, front_tyres, back_tyres, engine_layout, displacement, length, width, wheelbase, team_team_id) values (146, 'Audi', 'R8 LMS', 'Audi R8 LMS', 908, 'GT3', 593, 1300, 100, null, null, 'V10', null, null, null, null, 40);
insert into Racecar (racecar_id, manufacturer, type, full_name, "number", class, power, weight, fuel_tank, front_tyres, back_tyres, engine_layout, displacement, length, width, wheelbase, team_team_id) values (147, 'Bentley', 'Continental GT3', 'Bentley Continental GT3', 501, 'GT3', 552, 1242, 100, null, null, 'V8', null, null, null, null, 21);
insert into Racecar (racecar_id, manufacturer, type, full_name, "number", class, power, weight, fuel_tank, front_tyres, back_tyres, engine_layout, displacement, length, width, wheelbase, team_team_id) values (148, 'BMW', 'M6 GT3', 'BMW M6 GT3', 48, 'GT3', 582, 1244, 100, null, null, 'V8', null, null, null, null, 20);
insert into Racecar (racecar_id, manufacturer, type, full_name, "number", class, power, weight, fuel_tank, front_tyres, back_tyres, engine_layout, displacement, length, width, wheelbase, team_team_id) values (149, 'Emil Frey Jaguar', 'G3', 'Emil Frey Jaguar G3', 560, 'GT3', 583, 1267, 100, null, null, 'V8', null, null, null, null, 27);
insert into Racecar (racecar_id, manufacturer, type, full_name, "number", class, power, weight, fuel_tank, front_tyres, back_tyres, engine_layout, displacement, length, width, wheelbase, team_team_id) values (150, 'Ferrari', '488 GT3', 'Ferrari 488 GT3', 896, 'GT3', 563, 1233, 100, null, null, 'V8', null, null, null, null, 27);
insert into Racecar (racecar_id, manufacturer, type, full_name, "number", class, power, weight, fuel_tank, front_tyres, back_tyres, engine_layout, displacement, length, width, wheelbase, team_team_id) values (151, 'Lamborghini', 'Huracan GT3', 'Lamborghini Huracan GT3', 387, 'GT3', 575, 1271, 100, null, null, 'V10', null, null, null, null, 17);
insert into Racecar (racecar_id, manufacturer, type, full_name, "number", class, power, weight, fuel_tank, front_tyres, back_tyres, engine_layout, displacement, length, width, wheelbase, team_team_id) values (152, 'Lexus', 'RC F GT3', 'Lexus RC F GT3', 123, 'GT3', 562, 1282, 100, null, null, 'V8', null, null, null, null, 40);
insert into Racecar (racecar_id, manufacturer, type, full_name, "number", class, power, weight, fuel_tank, front_tyres, back_tyres, engine_layout, displacement, length, width, wheelbase, team_team_id) values (153, 'McLaren', '650S GT3', 'McLaren 650S GT3', 205, 'GT3', 582, 1261, 100, null, null, 'V8', null, null, null, null, 6);
insert into Racecar (racecar_id, manufacturer, type, full_name, "number", class, power, weight, fuel_tank, front_tyres, back_tyres, engine_layout, displacement, length, width, wheelbase, team_team_id) values (154, 'Mercedes-AMG', 'GT3', 'Mercedes-AMG GT3', 537, 'GT3', 556, 1276, 100, null, null, 'V8', null, null, null, null, 35);
insert into Racecar (racecar_id, manufacturer, type, full_name, "number", class, power, weight, fuel_tank, front_tyres, back_tyres, engine_layout, displacement, length, width, wheelbase, team_team_id) values (155, 'Nissan', 'GT-R Nismo GT3', 'Nissan GT-R Nismo GT3', 770, 'GT3', 578, 1286, 100, null, null, 'I6', null, null, null, null, 43);
insert into Racecar (racecar_id, manufacturer, type, full_name, "number", class, power, weight, fuel_tank, front_tyres, back_tyres, engine_layout, displacement, length, width, wheelbase, team_team_id) values (156, 'Porsche', '911 GT3 R', 'Porsche 911 GT3 R', 786, 'GT3', 582, 1276, 100, null, null, 'F6', null, null, null, null, 11);
insert into Racecar (racecar_id, manufacturer, type, full_name, "number", class, power, weight, fuel_tank, front_tyres, back_tyres, engine_layout, displacement, length, width, wheelbase, team_team_id) values (157, 'Aston Martin', 'Vantage V12 GT3', 'Aston Martin Vantage V12 GT3', 337, 'GT3', 598, 1291, 100, null, null, 'V12', null, null, null, null, 47);
insert into Racecar (racecar_id, manufacturer, type, full_name, "number", class, power, weight, fuel_tank, front_tyres, back_tyres, engine_layout, displacement, length, width, wheelbase, team_team_id) values (158, 'Audi', 'R8 LMS', 'Audi R8 LMS', 609, 'GT3', 589, 1295, 100, null, null, 'V10', null, null, null, null, 15);
insert into Racecar (racecar_id, manufacturer, type, full_name, "number", class, power, weight, fuel_tank, front_tyres, back_tyres, engine_layout, displacement, length, width, wheelbase, team_team_id) values (159, 'Bentley', 'Continental GT3', 'Bentley Continental GT3', 722, 'GT3', 584, 1285, 100, null, null, 'V8', null, null, null, null, 16);
insert into Racecar (racecar_id, manufacturer, type, full_name, "number", class, power, weight, fuel_tank, front_tyres, back_tyres, engine_layout, displacement, length, width, wheelbase, team_team_id) values (160, 'BMW', 'M6 GT3', 'BMW M6 GT3', 626, 'GT3', 583, 1255, 100, null, null, 'V8', null, null, null, null, 21);
insert into Racecar (racecar_id, manufacturer, type, full_name, "number", class, power, weight, fuel_tank, front_tyres, back_tyres, engine_layout, displacement, length, width, wheelbase, team_team_id) values (161, 'Emil Frey Jaguar', 'G3', 'Emil Frey Jaguar G3', 385, 'GT3', 594, 1278, 100, null, null, 'V8', null, null, null, null, 23);
insert into Racecar (racecar_id, manufacturer, type, full_name, "number", class, power, weight, fuel_tank, front_tyres, back_tyres, engine_layout, displacement, length, width, wheelbase, team_team_id) values (162, 'Ferrari', '488 GT3', 'Ferrari 488 GT3', 490, 'GT3', 575, 1265, 100, null, null, 'V8', null, null, null, null, 7);
insert into Racecar (racecar_id, manufacturer, type, full_name, "number", class, power, weight, fuel_tank, front_tyres, back_tyres, engine_layout, displacement, length, width, wheelbase, team_team_id) values (163, 'Lamborghini', 'Huracan GT3', 'Lamborghini Huracan GT3', 104, 'GT3', 555, 1238, 100, null, null, 'V10', null, null, null, null, 36);
insert into Racecar (racecar_id, manufacturer, type, full_name, "number", class, power, weight, fuel_tank, front_tyres, back_tyres, engine_layout, displacement, length, width, wheelbase, team_team_id) values (164, 'Lexus', 'RC F GT3', 'Lexus RC F GT3', 560, 'GT3', 598, 1252, 100, null, null, 'V8', null, null, null, null, 15);
insert into Racecar (racecar_id, manufacturer, type, full_name, "number", class, power, weight, fuel_tank, front_tyres, back_tyres, engine_layout, displacement, length, width, wheelbase, team_team_id) values (165, 'McLaren', '650S GT3', 'McLaren 650S GT3', 811, 'GT3', 587, 1283, 100, null, null, 'V8', null, null, null, null, 45);
insert into Racecar (racecar_id, manufacturer, type, full_name, "number", class, power, weight, fuel_tank, front_tyres, back_tyres, engine_layout, displacement, length, width, wheelbase, team_team_id) values (166, 'Mercedes-AMG', 'GT3', 'Mercedes-AMG GT3', 354, 'GT3', 559, 1259, 100, null, null, 'V8', null, null, null, null, 45);
insert into Racecar (racecar_id, manufacturer, type, full_name, "number", class, power, weight, fuel_tank, front_tyres, back_tyres, engine_layout, displacement, length, width, wheelbase, team_team_id) values (167, 'Nissan', 'GT-R Nismo GT3', 'Nissan GT-R Nismo GT3', 185, 'GT3', 599, 1239, 100, null, null, 'I6', null, null, null, null, 26);
insert into Racecar (racecar_id, manufacturer, type, full_name, "number", class, power, weight, fuel_tank, front_tyres, back_tyres, engine_layout, displacement, length, width, wheelbase, team_team_id) values (168, 'Porsche', '911 GT3 R', 'Porsche 911 GT3 R', 990, 'GT3', 556, 1268, 100, null, null, 'F6', null, null, null, null, 36);
insert into Racecar (racecar_id, manufacturer, type, full_name, "number", class, power, weight, fuel_tank, front_tyres, back_tyres, engine_layout, displacement, length, width, wheelbase, team_team_id) values (169, 'Aston Martin', 'Vantage V12 GT3', 'Aston Martin Vantage V12 GT3', 897, 'GT3', 554, 1264, 100, null, null, 'V12', null, null, null, null, 19);
insert into Racecar (racecar_id, manufacturer, type, full_name, "number", class, power, weight, fuel_tank, front_tyres, back_tyres, engine_layout, displacement, length, width, wheelbase, team_team_id) values (170, 'Audi', 'R8 LMS', 'Audi R8 LMS', 954, 'GT3', 584, 1247, 100, null, null, 'V10', null, null, null, null, 40);
insert into Racecar (racecar_id, manufacturer, type, full_name, "number", class, power, weight, fuel_tank, front_tyres, back_tyres, engine_layout, displacement, length, width, wheelbase, team_team_id) values (171, 'Bentley', 'Continental GT3', 'Bentley Continental GT3', 467, 'GT3', 572, 1241, 100, null, null, 'V8', null, null, null, null, 24);
insert into Racecar (racecar_id, manufacturer, type, full_name, "number", class, power, weight, fuel_tank, front_tyres, back_tyres, engine_layout, displacement, length, width, wheelbase, team_team_id) values (172, 'BMW', 'M6 GT3', 'BMW M6 GT3', 12, 'GT3', 556, 1234, 100, null, null, 'V8', null, null, null, null, 41);
insert into Racecar (racecar_id, manufacturer, type, full_name, "number", class, power, weight, fuel_tank, front_tyres, back_tyres, engine_layout, displacement, length, width, wheelbase, team_team_id) values (173, 'Emil Frey Jaguar', 'G3', 'Emil Frey Jaguar G3', 114, 'GT3', 600, 1280, 100, null, null, 'V8', null, null, null, null, 2);
insert into Racecar (racecar_id, manufacturer, type, full_name, "number", class, power, weight, fuel_tank, front_tyres, back_tyres, engine_layout, displacement, length, width, wheelbase, team_team_id) values (174, 'Ferrari', '488 GT3', 'Ferrari 488 GT3', 511, 'GT3', 556, 1260, 100, null, null, 'V8', null, null, null, null, 44);
insert into Racecar (racecar_id, manufacturer, type, full_name, "number", class, power, weight, fuel_tank, front_tyres, back_tyres, engine_layout, displacement, length, width, wheelbase, team_team_id) values (175, 'Lamborghini', 'Huracan GT3', 'Lamborghini Huracan GT3', 617, 'GT3', 592, 1267, 100, null, null, 'V10', null, null, null, null, 17);
insert into Racecar (racecar_id, manufacturer, type, full_name, "number", class, power, weight, fuel_tank, front_tyres, back_tyres, engine_layout, displacement, length, width, wheelbase, team_team_id) values (176, 'Lexus', 'RC F GT3', 'Lexus RC F GT3', 438, 'GT3', 599, 1234, 100, null, null, 'V8', null, null, null, null, 31);
insert into Racecar (racecar_id, manufacturer, type, full_name, "number", class, power, weight, fuel_tank, front_tyres, back_tyres, engine_layout, displacement, length, width, wheelbase, team_team_id) values (177, 'McLaren', '650S GT3', 'McLaren 650S GT3', 891, 'GT3', 571, 1235, 100, null, null, 'V8', null, null, null, null, 46);
insert into Racecar (racecar_id, manufacturer, type, full_name, "number", class, power, weight, fuel_tank, front_tyres, back_tyres, engine_layout, displacement, length, width, wheelbase, team_team_id) values (178, 'Mercedes-AMG', 'GT3', 'Mercedes-AMG GT3', 431, 'GT3', 583, 1239, 100, null, null, 'V8', null, null, null, null, 18);
insert into Racecar (racecar_id, manufacturer, type, full_name, "number", class, power, weight, fuel_tank, front_tyres, back_tyres, engine_layout, displacement, length, width, wheelbase, team_team_id) values (179, 'Nissan', 'GT-R Nismo GT3', 'Nissan GT-R Nismo GT3', 728, 'GT3', 559, 1233, 100, null, null, 'I6', null, null, null, null, 7);
insert into Racecar (racecar_id, manufacturer, type, full_name, "number", class, power, weight, fuel_tank, front_tyres, back_tyres, engine_layout, displacement, length, width, wheelbase, team_team_id) values (180, 'Porsche', '911 GT3 R', 'Porsche 911 GT3 R', 100, 'GT3', 581, 1243, 100, null, null, 'F6', null, null, null, null, 10);
insert into Racecar (racecar_id, manufacturer, type, full_name, "number", class, power, weight, fuel_tank, front_tyres, back_tyres, engine_layout, displacement, length, width, wheelbase, team_team_id) values (181, 'Aston Martin', 'Vantage V12 GT3', 'Aston Martin Vantage V12 GT3', 587, 'GT3', 579, 1267, 100, null, null, 'V12', null, null, null, null, 30);
insert into Racecar (racecar_id, manufacturer, type, full_name, "number", class, power, weight, fuel_tank, front_tyres, back_tyres, engine_layout, displacement, length, width, wheelbase, team_team_id) values (182, 'Audi', 'R8 LMS', 'Audi R8 LMS', 627, 'GT3', 558, 1287, 100, null, null, 'V10', null, null, null, null, 1);
insert into Racecar (racecar_id, manufacturer, type, full_name, "number", class, power, weight, fuel_tank, front_tyres, back_tyres, engine_layout, displacement, length, width, wheelbase, team_team_id) values (183, 'Bentley', 'Continental GT3', 'Bentley Continental GT3', 184, 'GT3', 581, 1236, 100, null, null, 'V8', null, null, null, null, 45);
insert into Racecar (racecar_id, manufacturer, type, full_name, "number", class, power, weight, fuel_tank, front_tyres, back_tyres, engine_layout, displacement, length, width, wheelbase, team_team_id) values (184, 'BMW', 'M6 GT3', 'BMW M6 GT3', 810, 'GT3', 575, 1237, 100, null, null, 'V8', null, null, null, null, 22);
insert into Racecar (racecar_id, manufacturer, type, full_name, "number", class, power, weight, fuel_tank, front_tyres, back_tyres, engine_layout, displacement, length, width, wheelbase, team_team_id) values (185, 'Emil Frey Jaguar', 'G3', 'Emil Frey Jaguar G3', 171, 'GT3', 585, 1273, 100, null, null, 'V8', null, null, null, null, 33);
insert into Racecar (racecar_id, manufacturer, type, full_name, "number", class, power, weight, fuel_tank, front_tyres, back_tyres, engine_layout, displacement, length, width, wheelbase, team_team_id) values (186, 'Ferrari', '488 GT3', 'Ferrari 488 GT3', 846, 'GT3', 596, 1266, 100, null, null, 'V8', null, null, null, null, 31);
insert into Racecar (racecar_id, manufacturer, type, full_name, "number", class, power, weight, fuel_tank, front_tyres, back_tyres, engine_layout, displacement, length, width, wheelbase, team_team_id) values (187, 'Lamborghini', 'Huracan GT3', 'Lamborghini Huracan GT3', 421, 'GT3', 594, 1277, 100, null, null, 'V10', null, null, null, null, 43);
insert into Racecar (racecar_id, manufacturer, type, full_name, "number", class, power, weight, fuel_tank, front_tyres, back_tyres, engine_layout, displacement, length, width, wheelbase, team_team_id) values (188, 'Lexus', 'RC F GT3', 'Lexus RC F GT3', 498, 'GT3', 585, 1296, 100, null, null, 'V8', null, null, null, null, 37);
insert into Racecar (racecar_id, manufacturer, type, full_name, "number", class, power, weight, fuel_tank, front_tyres, back_tyres, engine_layout, displacement, length, width, wheelbase, team_team_id) values (189, 'McLaren', '650S GT3', 'McLaren 650S GT3', 933, 'GT3', 600, 1282, 100, null, null, 'V8', null, null, null, null, 9);
insert into Racecar (racecar_id, manufacturer, type, full_name, "number", class, power, weight, fuel_tank, front_tyres, back_tyres, engine_layout, displacement, length, width, wheelbase, team_team_id) values (190, 'Mercedes-AMG', 'GT3', 'Mercedes-AMG GT3', 302, 'GT3', 597, 1298, 100, null, null, 'V8', null, null, null, null, 11);
insert into Racecar (racecar_id, manufacturer, type, full_name, "number", class, power, weight, fuel_tank, front_tyres, back_tyres, engine_layout, displacement, length, width, wheelbase, team_team_id) values (191, 'Nissan', 'GT-R Nismo GT3', 'Nissan GT-R Nismo GT3', 95, 'GT3', 582, 1247, 100, null, null, 'I6', null, null, null, null, 25);
insert into Racecar (racecar_id, manufacturer, type, full_name, "number", class, power, weight, fuel_tank, front_tyres, back_tyres, engine_layout, displacement, length, width, wheelbase, team_team_id) values (192, 'Porsche', '911 GT3 R', 'Porsche 911 GT3 R', 522, 'GT3', 572, 1274, 100, null, null, 'F6', null, null, null, null, 41);
insert into Racecar (racecar_id, manufacturer, type, full_name, "number", class, power, weight, fuel_tank, front_tyres, back_tyres, engine_layout, displacement, length, width, wheelbase, team_team_id) values (193, 'Aston Martin', 'Vantage V12 GT3', 'Aston Martin Vantage V12 GT3', 420, 'GT3', 589, 1250, 100, null, null, 'V12', null, null, null, null, 47);
insert into Racecar (racecar_id, manufacturer, type, full_name, "number", class, power, weight, fuel_tank, front_tyres, back_tyres, engine_layout, displacement, length, width, wheelbase, team_team_id) values (194, 'Audi', 'R8 LMS', 'Audi R8 LMS', 196, 'GT3', 556, 1282, 100, null, null, 'V10', null, null, null, null, 18);
insert into Racecar (racecar_id, manufacturer, type, full_name, "number", class, power, weight, fuel_tank, front_tyres, back_tyres, engine_layout, displacement, length, width, wheelbase, team_team_id) values (195, 'Bentley', 'Continental GT3', 'Bentley Continental GT3', 746, 'GT3', 591, 1253, 100, null, null, 'V8', null, null, null, null, 14);
insert into Racecar (racecar_id, manufacturer, type, full_name, "number", class, power, weight, fuel_tank, front_tyres, back_tyres, engine_layout, displacement, length, width, wheelbase, team_team_id) values (196, 'BMW', 'M6 GT3', 'BMW M6 GT3', 373, 'GT3', 595, 1297, 100, null, null, 'V8', null, null, null, null, 7);
insert into Racecar (racecar_id, manufacturer, type, full_name, "number", class, power, weight, fuel_tank, front_tyres, back_tyres, engine_layout, displacement, length, width, wheelbase, team_team_id) values (197, 'Emil Frey Jaguar', 'G3', 'Emil Frey Jaguar G3', 671, 'GT3', 575, 1239, 100, null, null, 'V8', null, null, null, null, 32);
insert into Racecar (racecar_id, manufacturer, type, full_name, "number", class, power, weight, fuel_tank, front_tyres, back_tyres, engine_layout, displacement, length, width, wheelbase, team_team_id) values (198, 'Ferrari', '488 GT3', 'Ferrari 488 GT3', 673, 'GT3', 583, 1279, 100, null, null, 'V8', null, null, null, null, 24);
insert into Racecar (racecar_id, manufacturer, type, full_name, "number", class, power, weight, fuel_tank, front_tyres, back_tyres, engine_layout, displacement, length, width, wheelbase, team_team_id) values (199, 'Lamborghini', 'Huracan GT3', 'Lamborghini Huracan GT3', 283, 'GT3', 561, 1232, 100, null, null, 'V10', null, null, null, null, 28);
insert into Racecar (racecar_id, manufacturer, type, full_name, "number", class, power, weight, fuel_tank, front_tyres, back_tyres, engine_layout, displacement, length, width, wheelbase, team_team_id) values (200, 'Lexus', 'RC F GT3', 'Lexus RC F GT3', 507, 'GT3', 554, 1269, 100, null, null, 'V8', null, null, null, null, 7);
commit;
insert into mechanic (mechanic_id, first_name, last_name) values (1, 'Tucker', 'Minnock');
insert into mechanic (mechanic_id, first_name, last_name) values (2, 'Jarrad', 'Kmieciak');
insert into mechanic (mechanic_id, first_name, last_name) values (3, 'Siward', 'Reddish');
insert into mechanic (mechanic_id, first_name, last_name) values (4, 'Tanny', 'McGonnell');
insert into mechanic (mechanic_id, first_name, last_name) values (5, 'Barnie', 'Wybern');
insert into mechanic (mechanic_id, first_name, last_name) values (6, 'Edvard', 'Tremmel');
insert into mechanic (mechanic_id, first_name, last_name) values (7, 'Dionysus', 'Abthorpe');
insert into mechanic (mechanic_id, first_name, last_name) values (8, 'Berkly', 'Blaksland');
insert into mechanic (mechanic_id, first_name, last_name) values (9, 'Pincas', 'Upchurch');
insert into mechanic (mechanic_id, first_name, last_name) values (10, 'Oswell', 'Whilde');
insert into mechanic (mechanic_id, first_name, last_name) values (11, 'Brigham', 'Bosomworth');
insert into mechanic (mechanic_id, first_name, last_name) values (12, 'Biron', 'Middell');
insert into mechanic (mechanic_id, first_name, last_name) values (13, 'Amos', 'Betser');
insert into mechanic (mechanic_id, first_name, last_name) values (14, 'Vern', 'Titcumb');
insert into mechanic (mechanic_id, first_name, last_name) values (15, 'Sigismund', 'Lochhead');
insert into mechanic (mechanic_id, first_name, last_name) values (16, 'Josiah', 'Palomba');
insert into mechanic (mechanic_id, first_name, last_name) values (17, 'Tynan', 'Teodorski');
insert into mechanic (mechanic_id, first_name, last_name) values (18, 'Reginauld', 'McCurry');
insert into mechanic (mechanic_id, first_name, last_name) values (19, 'Hort', 'Ferdinand');
insert into mechanic (mechanic_id, first_name, last_name) values (20, 'Jase', 'Iacabucci');
insert into mechanic (mechanic_id, first_name, last_name) values (21, 'Salomo', 'Neeson');
insert into mechanic (mechanic_id, first_name, last_name) values (22, 'Bay', 'Eilers');
insert into mechanic (mechanic_id, first_name, last_name) values (23, 'Waiter', 'Bygrove');
insert into mechanic (mechanic_id, first_name, last_name) values (24, 'Gare', 'Broadnicke');
insert into mechanic (mechanic_id, first_name, last_name) values (25, 'Cleon', 'New');
insert into mechanic (mechanic_id, first_name, last_name) values (26, 'Rossie', 'Chevin');
insert into mechanic (mechanic_id, first_name, last_name) values (27, 'Benedikt', 'Caplan');
insert into mechanic (mechanic_id, first_name, last_name) values (28, 'Jamison', 'Hobbert');
insert into mechanic (mechanic_id, first_name, last_name) values (29, 'Federico', 'O''Feeny');
insert into mechanic (mechanic_id, first_name, last_name) values (30, 'Foss', 'Benet');
insert into mechanic (mechanic_id, first_name, last_name) values (31, 'Benjamen', 'Yedall');
insert into mechanic (mechanic_id, first_name, last_name) values (32, 'Lev', 'Scamp');
insert into mechanic (mechanic_id, first_name, last_name) values (33, 'Tod', 'Kittow');
insert into mechanic (mechanic_id, first_name, last_name) values (34, 'Howey', 'Macveigh');
insert into mechanic (mechanic_id, first_name, last_name) values (35, 'Griswold', 'Senyard');
insert into mechanic (mechanic_id, first_name, last_name) values (36, 'Toddy', 'Purton');
insert into mechanic (mechanic_id, first_name, last_name) values (37, 'Thedrick', 'Cord');
insert into mechanic (mechanic_id, first_name, last_name) values (38, 'Geno', 'Crawley');
insert into mechanic (mechanic_id, first_name, last_name) values (39, 'Talbert', 'Smitheram');
insert into mechanic (mechanic_id, first_name, last_name) values (40, 'Reinwald', 'Sneaker');
insert into mechanic (mechanic_id, first_name, last_name) values (41, 'Mart', 'McQuode');
insert into mechanic (mechanic_id, first_name, last_name) values (42, 'Kenyon', 'Grishagin');
insert into mechanic (mechanic_id, first_name, last_name) values (43, 'Sergio', 'Featherstonhaugh');
insert into mechanic (mechanic_id, first_name, last_name) values (44, 'Mano', 'Leversuch');
insert into mechanic (mechanic_id, first_name, last_name) values (45, 'Dario', 'Mercik');
insert into mechanic (mechanic_id, first_name, last_name) values (46, 'Ingelbert', 'Sargint');
insert into mechanic (mechanic_id, first_name, last_name) values (47, 'Jedd', 'Kimbrey');
insert into mechanic (mechanic_id, first_name, last_name) values (48, 'Hugibert', 'Farguhar');
insert into mechanic (mechanic_id, first_name, last_name) values (49, 'Emanuel', 'Selburn');
insert into mechanic (mechanic_id, first_name, last_name) values (50, 'Bradan', 'Norree');
insert into mechanic (mechanic_id, first_name, last_name) values (51, 'Cello', 'Giannini');
insert into mechanic (mechanic_id, first_name, last_name) values (52, 'Timofei', 'Brosh');
insert into mechanic (mechanic_id, first_name, last_name) values (53, 'Sheridan', 'Bullent');
insert into mechanic (mechanic_id, first_name, last_name) values (54, 'Delmer', 'Fetherston');
insert into mechanic (mechanic_id, first_name, last_name) values (55, 'Kliment', 'McCroft');
insert into mechanic (mechanic_id, first_name, last_name) values (56, 'Arvin', 'Perris');
insert into mechanic (mechanic_id, first_name, last_name) values (57, 'Angelo', 'Pymer');
insert into mechanic (mechanic_id, first_name, last_name) values (58, 'Hewie', 'Bowmaker');
insert into mechanic (mechanic_id, first_name, last_name) values (59, 'Skipp', 'Hens');
insert into mechanic (mechanic_id, first_name, last_name) values (60, 'Weylin', 'Edmonds');
insert into mechanic (mechanic_id, first_name, last_name) values (61, 'Cristian', 'Spinetti');
insert into mechanic (mechanic_id, first_name, last_name) values (62, 'Vernor', 'Shewen');
insert into mechanic (mechanic_id, first_name, last_name) values (63, 'Shermie', 'Toffel');
insert into mechanic (mechanic_id, first_name, last_name) values (64, 'Filmer', 'Harmon');
insert into mechanic (mechanic_id, first_name, last_name) values (65, 'Gaile', 'Higford');
insert into mechanic (mechanic_id, first_name, last_name) values (66, 'Daryl', 'Plampin');
insert into mechanic (mechanic_id, first_name, last_name) values (67, 'Thorsten', 'Racher');
insert into mechanic (mechanic_id, first_name, last_name) values (68, 'Timothy', 'Greensitt');
insert into mechanic (mechanic_id, first_name, last_name) values (69, 'Erek', 'Eitter');
insert into mechanic (mechanic_id, first_name, last_name) values (70, 'Toby', 'Yuryshev');
insert into mechanic (mechanic_id, first_name, last_name) values (71, 'Jere', 'Possek');
insert into mechanic (mechanic_id, first_name, last_name) values (72, 'Cyril', 'Sewall');
insert into mechanic (mechanic_id, first_name, last_name) values (73, 'Mord', 'Bearblock');
insert into mechanic (mechanic_id, first_name, last_name) values (74, 'Jeth', 'Dennes');
insert into mechanic (mechanic_id, first_name, last_name) values (75, 'Arley', 'Blemings');
insert into mechanic (mechanic_id, first_name, last_name) values (76, 'Man', 'Widdecombe');
insert into mechanic (mechanic_id, first_name, last_name) values (77, 'Elwood', 'Reaper');
insert into mechanic (mechanic_id, first_name, last_name) values (78, 'Alfonso', 'Mottershead');
insert into mechanic (mechanic_id, first_name, last_name) values (79, 'Ahmed', 'Mangeney');
insert into mechanic (mechanic_id, first_name, last_name) values (80, 'Rocky', 'Gruby');
insert into mechanic (mechanic_id, first_name, last_name) values (81, 'Jephthah', 'Deares');
insert into mechanic (mechanic_id, first_name, last_name) values (82, 'Chadwick', 'Matovic');
insert into mechanic (mechanic_id, first_name, last_name) values (83, 'Haily', 'Robart');
insert into mechanic (mechanic_id, first_name, last_name) values (84, 'Randal', 'Hultberg');
insert into mechanic (mechanic_id, first_name, last_name) values (85, 'Gabie', 'Keling');
insert into mechanic (mechanic_id, first_name, last_name) values (86, 'Deane', 'MacDaid');
insert into mechanic (mechanic_id, first_name, last_name) values (87, 'Adolpho', 'Santorini');
insert into mechanic (mechanic_id, first_name, last_name) values (88, 'Vincents', 'Ashfold');
insert into mechanic (mechanic_id, first_name, last_name) values (89, 'Enoch', 'Bromby');
insert into mechanic (mechanic_id, first_name, last_name) values (90, 'Woodman', 'Dennington');
insert into mechanic (mechanic_id, first_name, last_name) values (91, 'Pail', 'Stanley');
insert into mechanic (mechanic_id, first_name, last_name) values (92, 'Fred', 'Wilkinson');
insert into mechanic (mechanic_id, first_name, last_name) values (93, 'Launce', 'Carslaw');
insert into mechanic (mechanic_id, first_name, last_name) values (94, 'Ellery', 'O''Loughane');
insert into mechanic (mechanic_id, first_name, last_name) values (95, 'Findlay', 'McAllister');
insert into mechanic (mechanic_id, first_name, last_name) values (96, 'Desmond', 'Scarlet');
insert into mechanic (mechanic_id, first_name, last_name) values (97, 'Cleveland', 'Wheeliker');
insert into mechanic (mechanic_id, first_name, last_name) values (98, 'Dino', 'Pedrocchi');
insert into mechanic (mechanic_id, first_name, last_name) values (99, 'Sandor', 'Simond');
insert into mechanic (mechanic_id, first_name, last_name) values (100, 'Trev', 'O''Rodane');
insert into mechanic (mechanic_id, first_name, last_name) values (101, 'Rodney', 'Poland');
insert into mechanic (mechanic_id, first_name, last_name) values (102, 'Brock', 'Ioannidis');
insert into mechanic (mechanic_id, first_name, last_name) values (103, 'Armand', 'Fussell');
insert into mechanic (mechanic_id, first_name, last_name) values (104, 'Orran', 'Ridgway');
insert into mechanic (mechanic_id, first_name, last_name) values (105, 'Bancroft', 'Iwanowicz');
insert into mechanic (mechanic_id, first_name, last_name) values (106, 'Fleming', 'Luckman');
insert into mechanic (mechanic_id, first_name, last_name) values (107, 'Alexandros', 'Dalrymple');
insert into mechanic (mechanic_id, first_name, last_name) values (108, 'Francisco', 'Whittet');
insert into mechanic (mechanic_id, first_name, last_name) values (109, 'Paquito', 'MacRedmond');
insert into mechanic (mechanic_id, first_name, last_name) values (110, 'Alfonso', 'Cosins');
insert into mechanic (mechanic_id, first_name, last_name) values (111, 'Kile', 'Kelshaw');
insert into mechanic (mechanic_id, first_name, last_name) values (112, 'Johnnie', 'Premble');
insert into mechanic (mechanic_id, first_name, last_name) values (113, 'Chrissy', 'Minico');
insert into mechanic (mechanic_id, first_name, last_name) values (114, 'Elisha', 'de Quincey');
insert into mechanic (mechanic_id, first_name, last_name) values (115, 'Hermon', 'Yansons');
insert into mechanic (mechanic_id, first_name, last_name) values (116, 'Neill', 'Ropkins');
insert into mechanic (mechanic_id, first_name, last_name) values (117, 'Carney', 'Midford');
insert into mechanic (mechanic_id, first_name, last_name) values (118, 'Dell', 'Cogdell');
insert into mechanic (mechanic_id, first_name, last_name) values (119, 'Rab', 'Limmer');
insert into mechanic (mechanic_id, first_name, last_name) values (120, 'Raddy', 'Vautre');
insert into mechanic (mechanic_id, first_name, last_name) values (121, 'Giraud', 'Bernardt');
insert into mechanic (mechanic_id, first_name, last_name) values (122, 'Lazare', 'Dmytryk');
insert into mechanic (mechanic_id, first_name, last_name) values (123, 'Orville', 'McGuinness');
insert into mechanic (mechanic_id, first_name, last_name) values (124, 'Sim', 'Louthe');
insert into mechanic (mechanic_id, first_name, last_name) values (125, 'Hussein', 'Douce');
insert into mechanic (mechanic_id, first_name, last_name) values (126, 'Hailey', 'Joanic');
insert into mechanic (mechanic_id, first_name, last_name) values (127, 'Humphrey', 'Stenhouse');
insert into mechanic (mechanic_id, first_name, last_name) values (128, 'Kyle', 'Spinke');
insert into mechanic (mechanic_id, first_name, last_name) values (129, 'Hercule', 'Osinin');
insert into mechanic (mechanic_id, first_name, last_name) values (130, 'Gunther', 'Chappelow');
insert into mechanic (mechanic_id, first_name, last_name) values (131, 'Merv', 'Fergyson');
insert into mechanic (mechanic_id, first_name, last_name) values (132, 'Georg', 'Arnaldy');
insert into mechanic (mechanic_id, first_name, last_name) values (133, 'Dermot', 'Mateu');
insert into mechanic (mechanic_id, first_name, last_name) values (134, 'Remington', 'Zuan');
insert into mechanic (mechanic_id, first_name, last_name) values (135, 'Alfonso', 'Espinola');
insert into mechanic (mechanic_id, first_name, last_name) values (136, 'Rourke', 'Nerney');
insert into mechanic (mechanic_id, first_name, last_name) values (137, 'Allard', 'Pandya');
insert into mechanic (mechanic_id, first_name, last_name) values (138, 'Barron', 'Corner');
insert into mechanic (mechanic_id, first_name, last_name) values (139, 'Thain', 'Wipfler');
insert into mechanic (mechanic_id, first_name, last_name) values (140, 'James', 'Axon');
insert into mechanic (mechanic_id, first_name, last_name) values (141, 'Leif', 'Atcock');
insert into mechanic (mechanic_id, first_name, last_name) values (142, 'Zacharia', 'Rivitt');
insert into mechanic (mechanic_id, first_name, last_name) values (143, 'Aldin', 'Steeden');
insert into mechanic (mechanic_id, first_name, last_name) values (144, 'Stefan', 'Coope');
insert into mechanic (mechanic_id, first_name, last_name) values (145, 'Doyle', 'Garrood');
insert into mechanic (mechanic_id, first_name, last_name) values (146, 'Mannie', 'Ancketill');
insert into mechanic (mechanic_id, first_name, last_name) values (147, 'Barclay', 'Deerr');
insert into mechanic (mechanic_id, first_name, last_name) values (148, 'Erastus', 'Marin');
insert into mechanic (mechanic_id, first_name, last_name) values (149, 'Cchaddie', 'Walsham');
insert into mechanic (mechanic_id, first_name, last_name) values (150, 'Jason', 'Kepe');
insert into mechanic (mechanic_id, first_name, last_name) values (151, 'Renaud', 'Lardeur');
insert into mechanic (mechanic_id, first_name, last_name) values (152, 'Christophorus', 'Mussett');
insert into mechanic (mechanic_id, first_name, last_name) values (153, 'Cary', 'Monckton');
insert into mechanic (mechanic_id, first_name, last_name) values (154, 'Luis', 'Sloan');
insert into mechanic (mechanic_id, first_name, last_name) values (155, 'Shem', 'Atmore');
insert into mechanic (mechanic_id, first_name, last_name) values (156, 'Gardy', 'Gasnell');
insert into mechanic (mechanic_id, first_name, last_name) values (157, 'Basilio', 'Ganing');
insert into mechanic (mechanic_id, first_name, last_name) values (158, 'Doyle', 'Erley');
insert into mechanic (mechanic_id, first_name, last_name) values (159, 'Dilly', 'Bourke');
insert into mechanic (mechanic_id, first_name, last_name) values (160, 'Ferrel', 'Casina');
insert into mechanic (mechanic_id, first_name, last_name) values (161, 'Reinald', 'Belchem');
insert into mechanic (mechanic_id, first_name, last_name) values (162, 'Simmonds', 'Roswarne');
insert into mechanic (mechanic_id, first_name, last_name) values (163, 'Bronny', 'Slarke');
insert into mechanic (mechanic_id, first_name, last_name) values (164, 'Marve', 'Rivenzon');
insert into mechanic (mechanic_id, first_name, last_name) values (165, 'Emmett', 'Weakley');
insert into mechanic (mechanic_id, first_name, last_name) values (166, 'Camey', 'Brownsmith');
insert into mechanic (mechanic_id, first_name, last_name) values (167, 'Terence', 'Ludron');
insert into mechanic (mechanic_id, first_name, last_name) values (168, 'Natal', 'Pakeman');
insert into mechanic (mechanic_id, first_name, last_name) values (169, 'Ricki', 'Swains');
insert into mechanic (mechanic_id, first_name, last_name) values (170, 'Basile', 'Dosdell');
insert into mechanic (mechanic_id, first_name, last_name) values (171, 'Obediah', 'Jost');
insert into mechanic (mechanic_id, first_name, last_name) values (172, 'Konstantin', 'Collings');
insert into mechanic (mechanic_id, first_name, last_name) values (173, 'Benedetto', 'Fauguel');
insert into mechanic (mechanic_id, first_name, last_name) values (174, 'Marty', 'Croston');
insert into mechanic (mechanic_id, first_name, last_name) values (175, 'Obie', 'Storrah');
insert into mechanic (mechanic_id, first_name, last_name) values (176, 'Lamond', 'Thorndycraft');
insert into mechanic (mechanic_id, first_name, last_name) values (177, 'Sholom', 'Ryrie');
insert into mechanic (mechanic_id, first_name, last_name) values (178, 'Basilius', 'Claybourn');
insert into mechanic (mechanic_id, first_name, last_name) values (179, 'Win', 'L''Episcopio');
insert into mechanic (mechanic_id, first_name, last_name) values (180, 'Sutherland', 'Coan');
insert into mechanic (mechanic_id, first_name, last_name) values (181, 'Ludvig', 'Olivey');
insert into mechanic (mechanic_id, first_name, last_name) values (182, 'Sidnee', 'Vousden');
insert into mechanic (mechanic_id, first_name, last_name) values (183, 'Tucky', 'Petrou');
insert into mechanic (mechanic_id, first_name, last_name) values (184, 'Em', 'Walaron');
insert into mechanic (mechanic_id, first_name, last_name) values (185, 'Spencer', 'Hammerson');
insert into mechanic (mechanic_id, first_name, last_name) values (186, 'Alexander', 'Pimblett');
insert into mechanic (mechanic_id, first_name, last_name) values (187, 'Clarence', 'Cardillo');
insert into mechanic (mechanic_id, first_name, last_name) values (188, 'Quintus', 'Crinson');
insert into mechanic (mechanic_id, first_name, last_name) values (189, 'Olvan', 'MacLardie');
insert into mechanic (mechanic_id, first_name, last_name) values (190, 'Christoph', 'Browse');
insert into mechanic (mechanic_id, first_name, last_name) values (191, 'Jayson', 'Fanti');
insert into mechanic (mechanic_id, first_name, last_name) values (192, 'Hubert', 'Dearnaley');
insert into mechanic (mechanic_id, first_name, last_name) values (193, 'Beau', 'Hallbord');
insert into mechanic (mechanic_id, first_name, last_name) values (194, 'Roland', 'Landy');
insert into mechanic (mechanic_id, first_name, last_name) values (195, 'Myrwyn', 'Hassekl');
insert into mechanic (mechanic_id, first_name, last_name) values (196, 'Isaiah', 'Cawkwell');
insert into mechanic (mechanic_id, first_name, last_name) values (197, 'Gery', 'Alpe');
insert into mechanic (mechanic_id, first_name, last_name) values (198, 'Cornell', 'Jesteco');
insert into mechanic (mechanic_id, first_name, last_name) values (199, 'Mathias', 'Gobolos');
insert into mechanic (mechanic_id, first_name, last_name) values (200, 'Windham', 'Schoenrock');
commit;
insert into driver (driver_id, first_name, last_name, birth_date, gender, nationality, website_url) values (1, 'Archibold', 'Pietersen', '18.06.1997', 0, 'RU', 'gmpg.org');
insert into driver (driver_id, first_name, last_name, birth_date, gender, nationality, website_url) values (2, 'Garey', 'Claffey', '17.11.1980', 0, 'TZ', 'bandcamp.com');
insert into driver (driver_id, first_name, last_name, birth_date, gender, nationality, website_url) values (3, 'Jens', 'Cornell', '21.11.1987', 0, 'PK', 'lycos.com');
insert into driver (driver_id, first_name, last_name, birth_date, gender, nationality, website_url) values (4, 'Rhys', 'Frost', '03.01.1998', 0, 'ID', null);
insert into driver (driver_id, first_name, last_name, birth_date, gender, nationality, website_url) values (5, 'Reinold', 'Crosswaite', '30.10.1982', 0, 'BR', 'youtu.be');
insert into driver (driver_id, first_name, last_name, birth_date, gender, nationality, website_url) values (6, 'Brandyn', 'Turfin', '31.03.1984', 0, 'IE', 'spotify.com');
insert into driver (driver_id, first_name, last_name, birth_date, gender, nationality, website_url) values (7, 'Muffin', 'Priestnall', '11.02.1993', 0, 'CN', 'tripod.com');
insert into driver (driver_id, first_name, last_name, birth_date, gender, nationality, website_url) values (8, 'Ciro', 'Raincin', '24.08.1984', 0, 'NL', null);
insert into driver (driver_id, first_name, last_name, birth_date, gender, nationality, website_url) values (9, 'Artie', 'Dunton', '29.09.1982', 0, 'SE', null);
insert into driver (driver_id, first_name, last_name, birth_date, gender, nationality, website_url) values (10, 'Darren', 'Schneidau', '01.03.1998', 0, 'CN', null);
insert into driver (driver_id, first_name, last_name, birth_date, gender, nationality, website_url) values (11, 'Shayne', 'Fitzhenry', '10.01.1992', 0, 'CZ', 'a8.net');
insert into driver (driver_id, first_name, last_name, birth_date, gender, nationality, website_url) values (12, 'Ailbert', 'Cutridge', '30.11.1978', 0, 'UA', 'patch.com');
insert into driver (driver_id, first_name, last_name, birth_date, gender, nationality, website_url) values (13, 'Buiron', 'Hulstrom', '21.12.1983', 0, 'PL', null);
insert into driver (driver_id, first_name, last_name, birth_date, gender, nationality, website_url) values (14, 'Tannie', 'Gristhwaite', '30.08.1994', 0, 'CN', null);
insert into driver (driver_id, first_name, last_name, birth_date, gender, nationality, website_url) values (15, 'Ingemar', 'Dacombe', '23.04.1988', 0, 'ES', null);
insert into driver (driver_id, first_name, last_name, birth_date, gender, nationality, website_url) values (16, 'Rudiger', 'Moulder', '18.04.1984', 0, 'TH', null);
insert into driver (driver_id, first_name, last_name, birth_date, gender, nationality, website_url) values (17, 'Lionel', 'Brummell', '29.12.1986', 0, 'GR', null);
insert into driver (driver_id, first_name, last_name, birth_date, gender, nationality, website_url) values (18, 'Pascal', 'Loton', '16.10.1981', 0, 'ID', null);
insert into driver (driver_id, first_name, last_name, birth_date, gender, nationality, website_url) values (19, 'Noach', 'Schindler', '01.01.1981', 0, 'MK', null);
insert into driver (driver_id, first_name, last_name, birth_date, gender, nationality, website_url) values (20, 'Luce', 'Borth', '10.08.1982', 0, 'CN', null);
insert into driver (driver_id, first_name, last_name, birth_date, gender, nationality, website_url) values (21, 'Leroi', 'Palek', '31.01.1992', 0, 'PT', null);
insert into driver (driver_id, first_name, last_name, birth_date, gender, nationality, website_url) values (22, 'Morty', 'Borris', '31.07.1984', 0, 'MM', null);
insert into driver (driver_id, first_name, last_name, birth_date, gender, nationality, website_url) values (23, 'Keefer', 'Donett', '03.08.1981', 0, 'CA', null);
insert into driver (driver_id, first_name, last_name, birth_date, gender, nationality, website_url) values (24, 'Lewes', 'Dealy', '15.06.1986', 0, 'IL', 'about.me');
insert into driver (driver_id, first_name, last_name, birth_date, gender, nationality, website_url) values (25, 'Angelo', 'Gullan', '22.03.1990', 0, 'SE', 'ucsd.edu');
insert into driver (driver_id, first_name, last_name, birth_date, gender, nationality, website_url) values (26, 'Saunder', 'Etty', '14.12.1979', 0, 'VE', 'istockphoto.com');
insert into driver (driver_id, first_name, last_name, birth_date, gender, nationality, website_url) values (27, 'Martino', 'Nortcliffe', '10.11.1998', 0, 'AZ', null);
insert into driver (driver_id, first_name, last_name, birth_date, gender, nationality, website_url) values (28, 'Angie', 'Plait', '19.01.1997', 0, 'CI', 'istockphoto.com');
insert into driver (driver_id, first_name, last_name, birth_date, gender, nationality, website_url) values (29, 'Clayton', 'Kerwen', '05.08.1995', 0, 'SE', 'bigcartel.com');
insert into driver (driver_id, first_name, last_name, birth_date, gender, nationality, website_url) values (30, 'Woody', 'Matschuk', '16.06.1984', 0, 'RU', 'boston.com');
insert into driver (driver_id, first_name, last_name, birth_date, gender, nationality, website_url) values (31, 'Georas', 'Addenbrooke', '18.08.1995', 0, 'CN', null);
insert into driver (driver_id, first_name, last_name, birth_date, gender, nationality, website_url) values (32, 'Lucias', 'Shipcott', '23.04.1994', 0, 'AR', null);
insert into driver (driver_id, first_name, last_name, birth_date, gender, nationality, website_url) values (33, 'Beau', 'Soltan', '23.09.1983', 0, 'JP', null);
insert into driver (driver_id, first_name, last_name, birth_date, gender, nationality, website_url) values (34, 'Irvine', 'Brasner', '31.08.1992', 0, 'ID', null);
insert into driver (driver_id, first_name, last_name, birth_date, gender, nationality, website_url) values (35, 'Ambrosio', 'Quince', '11.02.1986', 0, 'TH', null);
insert into driver (driver_id, first_name, last_name, birth_date, gender, nationality, website_url) values (36, 'Phip', 'Jickles', '04.07.1979', 0, 'CZ', null);
insert into driver (driver_id, first_name, last_name, birth_date, gender, nationality, website_url) values (37, 'Hurley', 'Pummery', '05.05.1998', 0, 'FR', 'theatlantic.com');
insert into driver (driver_id, first_name, last_name, birth_date, gender, nationality, website_url) values (38, 'Simmonds', 'Matzen', '06.10.1989', 0, 'CN', 'jimdo.com');
insert into driver (driver_id, first_name, last_name, birth_date, gender, nationality, website_url) values (39, 'Durant', 'Franzke', '02.12.1991', 0, 'ES', 'hp.com');
insert into driver (driver_id, first_name, last_name, birth_date, gender, nationality, website_url) values (40, 'Harlan', 'Costin', '14.09.1994', 0, 'RS', null);
insert into driver (driver_id, first_name, last_name, birth_date, gender, nationality, website_url) values (41, 'Fraser', 'Cogman', '09.05.1982', 0, 'CN', null);
insert into driver (driver_id, first_name, last_name, birth_date, gender, nationality, website_url) values (42, 'Uriel', 'Dyka', '05.01.1988', 0, 'ZW', null);
insert into driver (driver_id, first_name, last_name, birth_date, gender, nationality, website_url) values (43, 'Kayne', 'Edyson', '17.12.1985', 0, 'PH', 'wikispaces.com');
insert into driver (driver_id, first_name, last_name, birth_date, gender, nationality, website_url) values (44, 'Bevon', 'Prattin', '14.11.1990', 0, 'JP', 'deviantart.com');
insert into driver (driver_id, first_name, last_name, birth_date, gender, nationality, website_url) values (45, 'Raddie', 'Oxe', '18.08.1991', 0, 'SI', null);
insert into driver (driver_id, first_name, last_name, birth_date, gender, nationality, website_url) values (46, 'Frants', 'Joron', '06.01.1995', 0, 'GE', null);
insert into driver (driver_id, first_name, last_name, birth_date, gender, nationality, website_url) values (47, 'Vic', 'Jaynes', '29.11.1984', 0, 'RU', null);
insert into driver (driver_id, first_name, last_name, birth_date, gender, nationality, website_url) values (48, 'Kincaid', 'Sprulls', '21.04.1985', 0, 'BR', null);
insert into driver (driver_id, first_name, last_name, birth_date, gender, nationality, website_url) values (49, 'Morgun', 'Didsbury', '23.06.1985', 0, 'RS', 'blogs.com');
insert into driver (driver_id, first_name, last_name, birth_date, gender, nationality, website_url) values (50, 'Maxie', 'Bainbridge', '16.12.1978', 0, 'ID', null);
insert into driver (driver_id, first_name, last_name, birth_date, gender, nationality, website_url) values (51, 'Averell', 'McLurg', '16.04.1994', 0, 'ID', null);
insert into driver (driver_id, first_name, last_name, birth_date, gender, nationality, website_url) values (52, 'Milt', 'Ottiwill', '19.07.1993', 0, 'PH', null);
insert into driver (driver_id, first_name, last_name, birth_date, gender, nationality, website_url) values (53, 'Krispin', 'Bennit', '26.10.1993', 0, 'RU', 'freewebs.com');
insert into driver (driver_id, first_name, last_name, birth_date, gender, nationality, website_url) values (54, 'Erhart', 'Scoffham', '16.02.1996', 0, 'CN', 'list-manage.com');
insert into driver (driver_id, first_name, last_name, birth_date, gender, nationality, website_url) values (55, 'Jean', 'Kettlewell', '09.01.1979', 0, 'BR', null);
insert into driver (driver_id, first_name, last_name, birth_date, gender, nationality, website_url) values (56, 'Andrea', 'Livesey', '05.08.1995', 0, 'PL', null);
insert into driver (driver_id, first_name, last_name, birth_date, gender, nationality, website_url) values (57, 'Jeff', 'Wortt', '12.08.1981', 0, 'AL', 'wikispaces.com');
insert into driver (driver_id, first_name, last_name, birth_date, gender, nationality, website_url) values (58, 'Urban', 'Guard', '01.01.1996', 0, 'MY', null);
insert into driver (driver_id, first_name, last_name, birth_date, gender, nationality, website_url) values (59, 'Logan', 'Schruur', '18.07.1981', 0, 'LB', null);
insert into driver (driver_id, first_name, last_name, birth_date, gender, nationality, website_url) values (60, 'Frankie', 'Skpsey', '02.08.1986', 0, 'CN', 'apple.com');
insert into driver (driver_id, first_name, last_name, birth_date, gender, nationality, website_url) values (61, 'West', 'Pether', '08.06.1992', 0, 'CN', null);
insert into driver (driver_id, first_name, last_name, birth_date, gender, nationality, website_url) values (62, 'Bearnard', 'MacCaughan', '11.03.1991', 0, 'HN', 'cbsnews.com');
insert into driver (driver_id, first_name, last_name, birth_date, gender, nationality, website_url) values (63, 'Aleksandr', 'Jopson', '23.09.1998', 0, 'ID', 'simplemachines.org');
insert into driver (driver_id, first_name, last_name, birth_date, gender, nationality, website_url) values (64, 'Christophorus', 'Nollet', '15.06.1987', 0, 'JO', null);
insert into driver (driver_id, first_name, last_name, birth_date, gender, nationality, website_url) values (65, 'Jasen', 'Baleine', '01.06.1997', 0, 'CN', null);
insert into driver (driver_id, first_name, last_name, birth_date, gender, nationality, website_url) values (66, 'Benito', 'Nott', '20.10.1988', 0, 'TH', 'sohu.com');
insert into driver (driver_id, first_name, last_name, birth_date, gender, nationality, website_url) values (67, 'Gino', 'Dadds', '26.05.1993', 0, 'CA', null);
insert into driver (driver_id, first_name, last_name, birth_date, gender, nationality, website_url) values (68, 'Angus', 'Covey', '19.12.1997', 0, 'CN', 'naver.com');
insert into driver (driver_id, first_name, last_name, birth_date, gender, nationality, website_url) values (69, 'Chaim', 'Tunnicliffe', '12.04.1992', 0, 'NZ', null);
insert into driver (driver_id, first_name, last_name, birth_date, gender, nationality, website_url) values (70, 'Dukey', 'Bownde', '13.01.1998', 0, 'ID', null);
insert into driver (driver_id, first_name, last_name, birth_date, gender, nationality, website_url) values (71, 'Hammad', 'Kleinfeld', '26.10.1994', 0, 'PS', 'microsoft.com');
insert into driver (driver_id, first_name, last_name, birth_date, gender, nationality, website_url) values (72, 'Godart', 'Comley', '24.05.1991', 0, 'CN', null);
insert into driver (driver_id, first_name, last_name, birth_date, gender, nationality, website_url) values (73, 'Roscoe', 'Melbourne', '08.01.1996', 0, 'UA', null);
insert into driver (driver_id, first_name, last_name, birth_date, gender, nationality, website_url) values (74, 'Staford', 'Brok', '24.11.1995', 0, 'FR', null);
insert into driver (driver_id, first_name, last_name, birth_date, gender, nationality, website_url) values (75, 'Wang', 'Bagshaw', '17.05.1996', 0, 'BA', null);
insert into driver (driver_id, first_name, last_name, birth_date, gender, nationality, website_url) values (76, 'Zacharias', 'Liven', '18.09.1996', 0, 'CN', null);
insert into driver (driver_id, first_name, last_name, birth_date, gender, nationality, website_url) values (77, 'Teador', 'Prozescky', '12.03.1990', 0, 'US', null);
insert into driver (driver_id, first_name, last_name, birth_date, gender, nationality, website_url) values (78, 'Pauly', 'Hulland', '14.01.1991', 0, 'PH', null);
insert into driver (driver_id, first_name, last_name, birth_date, gender, nationality, website_url) values (79, 'Maurizio', 'Oakhill', '22.09.1991', 0, 'US', null);
insert into driver (driver_id, first_name, last_name, birth_date, gender, nationality, website_url) values (80, 'Rolph', 'Nannetti', '12.07.1982', 0, 'AR', null);
insert into driver (driver_id, first_name, last_name, birth_date, gender, nationality, website_url) values (81, 'Theo', 'Gallymore', '10.02.1985', 0, 'MX', null);
insert into driver (driver_id, first_name, last_name, birth_date, gender, nationality, website_url) values (82, 'Redd', 'Luter', '07.02.1998', 0, 'NG', 'mozilla.org');
insert into driver (driver_id, first_name, last_name, birth_date, gender, nationality, website_url) values (83, 'Aube', 'Summerside', '19.06.1995', 0, 'CO', null);
insert into driver (driver_id, first_name, last_name, birth_date, gender, nationality, website_url) values (84, 'Troy', 'Danilovich', '06.02.1995', 0, 'PL', null);
insert into driver (driver_id, first_name, last_name, birth_date, gender, nationality, website_url) values (85, 'Ossie', 'Billie', '24.05.1998', 0, 'NZ', null);
insert into driver (driver_id, first_name, last_name, birth_date, gender, nationality, website_url) values (86, 'Chuck', 'Larmett', '20.02.1989', 0, 'PH', null);
insert into driver (driver_id, first_name, last_name, birth_date, gender, nationality, website_url) values (87, 'Morgan', 'Venus', '26.11.1985', 0, 'YE', null);
insert into driver (driver_id, first_name, last_name, birth_date, gender, nationality, website_url) values (88, 'Sky', 'Caulton', '07.05.1980', 0, 'CN', 'ft.com');
insert into driver (driver_id, first_name, last_name, birth_date, gender, nationality, website_url) values (89, 'Homere', 'Antuoni', '29.11.1985', 0, 'RU', 'woothemes.com');
insert into driver (driver_id, first_name, last_name, birth_date, gender, nationality, website_url) values (90, 'Braden', 'Tremouille', '29.07.1990', 0, 'CN', null);
insert into driver (driver_id, first_name, last_name, birth_date, gender, nationality, website_url) values (91, 'Donall', 'Phair', '13.05.1980', 0, 'BR', null);
insert into driver (driver_id, first_name, last_name, birth_date, gender, nationality, website_url) values (92, 'Hobie', 'Mustchin', '14.12.1990', 0, 'PE', null);
insert into driver (driver_id, first_name, last_name, birth_date, gender, nationality, website_url) values (93, 'Verge', 'Kelling', '11.07.1984', 0, 'PH', null);
insert into driver (driver_id, first_name, last_name, birth_date, gender, nationality, website_url) values (94, 'Khalil', 'Guage', '15.06.1994', 0, 'ZW', null);
insert into driver (driver_id, first_name, last_name, birth_date, gender, nationality, website_url) values (95, 'Reed', 'Pidgin', '22.03.1998', 0, 'AL', null);
insert into driver (driver_id, first_name, last_name, birth_date, gender, nationality, website_url) values (96, 'Arel', 'Wenger', '16.06.1989', 0, 'CN', null);
insert into driver (driver_id, first_name, last_name, birth_date, gender, nationality, website_url) values (97, 'Anselm', 'Wardington', '28.06.1982', 0, 'CN', 'ucoz.com');
insert into driver (driver_id, first_name, last_name, birth_date, gender, nationality, website_url) values (98, 'Yard', 'Swinbourne', '15.03.1984', 0, 'PH', 'nifty.com');
insert into driver (driver_id, first_name, last_name, birth_date, gender, nationality, website_url) values (99, 'Niko', 'Hessenthaler', '15.11.1981', 0, 'CN', null);
insert into driver (driver_id, first_name, last_name, birth_date, gender, nationality, website_url) values (100, 'Brendan', 'Pruckner', '18.08.1998', 0, 'ID', null);
commit;
insert into driver (driver_id, first_name, last_name, birth_date, gender, nationality, website_url) values (101, 'Ronni', 'Casassa', '30.07.1989', 1, 'AM', 'ebay.co.uk');
insert into driver (driver_id, first_name, last_name, birth_date, gender, nationality, website_url) values (102, 'Berti', 'Ickovic', '02.06.1982', 1, 'CD', 'fc2.com');
insert into driver (driver_id, first_name, last_name, birth_date, gender, nationality, website_url) values (103, 'Perry', 'Possel', '06.08.1996', 1, 'CN', null);
insert into driver (driver_id, first_name, last_name, birth_date, gender, nationality, website_url) values (104, 'Joete', 'Andrzejczak', '02.08.1985', 1, 'PH', 'goo.gl');
insert into driver (driver_id, first_name, last_name, birth_date, gender, nationality, website_url) values (105, 'Ulrikaumeko', 'Ludovico', '12.05.1986', 1, 'HR', null);
insert into driver (driver_id, first_name, last_name, birth_date, gender, nationality, website_url) values (106, 'Bella', 'Rowcliffe', '18.07.1985', 1, 'CN', null);
insert into driver (driver_id, first_name, last_name, birth_date, gender, nationality, website_url) values (107, 'Tallie', 'Dullingham', '25.08.1994', 1, 'PL', null);
insert into driver (driver_id, first_name, last_name, birth_date, gender, nationality, website_url) values (108, 'Ellynn', 'Plume', '28.05.1987', 1, 'NG', 'people.com.cn');
insert into driver (driver_id, first_name, last_name, birth_date, gender, nationality, website_url) values (109, 'Gabey', 'Betchley', '07.06.1991', 1, 'CN', null);
insert into driver (driver_id, first_name, last_name, birth_date, gender, nationality, website_url) values (110, 'Jillian', 'Lotte', '26.01.1982', 1, 'CN', 'nationalgeographic.com');
commit;
insert into Sponsor (sponsor_id, name, website) values (1, 'Rau LLC', 'google.ru');
insert into Sponsor (sponsor_id, name, website) values (2, 'Barrows LLC', 'constantcontact.com');
insert into Sponsor (sponsor_id, name, website) values (3, 'Howe-Cole', 'craigslist.org');
insert into Sponsor (sponsor_id, name, website) values (4, 'MacGyver-Runolfsdottir', '163.com');
insert into Sponsor (sponsor_id, name, website) values (5, 'Keebler-Leuschke', 'springer.com');
insert into Sponsor (sponsor_id, name, website) values (6, 'Ritchie LLC', 'webmd.com');
insert into Sponsor (sponsor_id, name, website) values (7, 'Sporer-Ernser', 'miibeian.gov.cn');
insert into Sponsor (sponsor_id, name, website) values (8, 'Kihn Group', 'nationalgeographic.com');
insert into Sponsor (sponsor_id, name, website) values (9, 'Bergstrom LLC', 'deviantart.com');
insert into Sponsor (sponsor_id, name, website) values (10, 'Aufderhar Group', '360.cn');
insert into Sponsor (sponsor_id, name, website) values (11, 'Emard-Schumm', 'va.gov');
insert into Sponsor (sponsor_id, name, website) values (12, 'Watsica LLC', 'pbs.org');
insert into Sponsor (sponsor_id, name, website) values (13, 'Towne, Kuhic and Howe', 'cnn.com');
insert into Sponsor (sponsor_id, name, website) values (14, 'Huels, Roob and Zulauf', 'springer.com');
insert into Sponsor (sponsor_id, name, website) values (15, 'VonRueden, Sauer and Hegmann', 'who.int');
insert into Sponsor (sponsor_id, name, website) values (16, 'Bergstrom, Ondricka and Christiansen', 'tmall.com');
insert into Sponsor (sponsor_id, name, website) values (17, 'Reinger Inc', 'webeden.co.uk');
insert into Sponsor (sponsor_id, name, website) values (18, 'Hamill, Mills and Larson', 'ihg.com');
insert into Sponsor (sponsor_id, name, website) values (19, 'Nienow Group', 'hatena.ne.jp');
insert into Sponsor (sponsor_id, name, website) values (20, 'Schimmel, Christiansen and Schuppe', 'goo.ne.jp');
insert into Sponsor (sponsor_id, name, website) values (21, 'Hettinger and Sons', 'usa.gov');
insert into Sponsor (sponsor_id, name, website) values (22, 'Bogan LLC', 'gov.uk');
insert into Sponsor (sponsor_id, name, website) values (23, 'Luettgen-Kovacek', 'cnet.com');
insert into Sponsor (sponsor_id, name, website) values (24, 'Schuppe, Spinka and Kerluke', 'deviantart.com');
insert into Sponsor (sponsor_id, name, website) values (25, 'Lakin, Block and Howe', 'yahoo.co.jp');
insert into Sponsor (sponsor_id, name, website) values (26, 'Friesen, Mann and McKenzie', 'toplist.cz');
insert into Sponsor (sponsor_id, name, website) values (27, 'Greenfelder and Sons', 'ft.com');
insert into Sponsor (sponsor_id, name, website) values (28, 'Brown LLC', 'yandex.ru');
insert into Sponsor (sponsor_id, name, website) values (29, 'Abshire-Heller', 'seesaa.net');
insert into Sponsor (sponsor_id, name, website) values (30, 'Waters, Rau and Koepp', 'weibo.com');
insert into Sponsor (sponsor_id, name, website) values (31, 'Rowe-Altenwerth', 'blogspot.com');
insert into Sponsor (sponsor_id, name, website) values (32, 'Kilback and Sons', 'bloomberg.com');
insert into Sponsor (sponsor_id, name, website) values (33, 'Johnston LLC', 'nasa.gov');
insert into Sponsor (sponsor_id, name, website) values (34, 'Rowe-Dibbert', 'jugem.jp');
insert into Sponsor (sponsor_id, name, website) values (35, 'Douglas, Ziemann and Haag', 'slideshare.net');
insert into Sponsor (sponsor_id, name, website) values (36, 'Christiansen, Ward and Schamberger', 'tinyurl.com');
insert into Sponsor (sponsor_id, name, website) values (37, 'Turner LLC', 'apple.com');
insert into Sponsor (sponsor_id, name, website) values (38, 'Bogan-Pagac', 'opensource.org');
insert into Sponsor (sponsor_id, name, website) values (39, 'Howe, Murray and Haag', 'squarespace.com');
insert into Sponsor (sponsor_id, name, website) values (40, 'Greenholt and Sons', 'ted.com');
insert into Sponsor (sponsor_id, name, website) values (41, 'Daugherty, Lindgren and Heaney', 'webs.com');
insert into Sponsor (sponsor_id, name, website) values (42, 'Nitzsche-Gorczany', 'usda.gov');
insert into Sponsor (sponsor_id, name, website) values (43, 'Beer LLC', 'go.com');
insert into Sponsor (sponsor_id, name, website) values (44, 'Schmeler-McDermott', 'examiner.com');
insert into Sponsor (sponsor_id, name, website) values (45, 'Rippin and Sons', 'google.com');
insert into Sponsor (sponsor_id, name, website) values (46, 'Maggio Group', 'topsy.com');
insert into Sponsor (sponsor_id, name, website) values (47, 'Willms and Sons', 'foxnews.com');
insert into Sponsor (sponsor_id, name, website) values (48, 'Kerluke, Moore and Sipes', 'phoca.cz');
insert into Sponsor (sponsor_id, name, website) values (49, 'Eichmann, Lang and Willms', 'istockphoto.com');
insert into Sponsor (sponsor_id, name, website) values (50, 'Carter Inc', 'pen.io');
insert into Sponsor (sponsor_id, name, website) values (51, 'Gerlach, Macejkovic and Goldner', 'trellian.com');
insert into Sponsor (sponsor_id, name, website) values (52, 'Wolf Group', 'bbb.org');
insert into Sponsor (sponsor_id, name, website) values (53, 'Champlin, Raynor and Gislason', 'cyberchimps.com');
insert into Sponsor (sponsor_id, name, website) values (54, 'Hintz-Schulist', 'ifeng.com');
insert into Sponsor (sponsor_id, name, website) values (55, 'Rippin and Sons', 'unicef.org');
insert into Sponsor (sponsor_id, name, website) values (56, 'Ortiz, Kerluke and McCullough', 'ftc.gov');
insert into Sponsor (sponsor_id, name, website) values (57, 'Hilpert Inc', 'globo.com');
insert into Sponsor (sponsor_id, name, website) values (58, 'Altenwerth, Paucek and Marks', 'free.fr');
insert into Sponsor (sponsor_id, name, website) values (59, 'Kutch, Dooley and Bednar', 'delicious.com');
insert into Sponsor (sponsor_id, name, website) values (60, 'Huels-Tillman', 'gov.uk');
insert into Sponsor (sponsor_id, name, website) values (61, 'Konopelski Group', 'miibeian.gov.cn');
insert into Sponsor (sponsor_id, name, website) values (62, 'Hyatt, Casper and Franecki', 'wunderground.com');
insert into Sponsor (sponsor_id, name, website) values (63, 'Kreiger Inc', 'tiny.cc');
insert into Sponsor (sponsor_id, name, website) values (64, 'Huel, Ledner and Volkman', 'weibo.com');
insert into Sponsor (sponsor_id, name, website) values (65, 'Dickens Group', 'chicagotribune.com');
insert into Sponsor (sponsor_id, name, website) values (66, 'Littel LLC', 'exblog.jp');
insert into Sponsor (sponsor_id, name, website) values (67, 'Lemke and Sons', 'gov.uk');
insert into Sponsor (sponsor_id, name, website) values (68, 'Hayes, Casper and Konopelski', 'ted.com');
insert into Sponsor (sponsor_id, name, website) values (69, 'Russel, Runolfsdottir and Funk', '163.com');
insert into Sponsor (sponsor_id, name, website) values (70, 'Cummerata, Bayer and Hansen', 'google.it');
insert into Sponsor (sponsor_id, name, website) values (71, 'Ryan LLC', 'drupal.org');
insert into Sponsor (sponsor_id, name, website) values (72, 'Fritsch, Boyer and Emard', 'cyberchimps.com');
insert into Sponsor (sponsor_id, name, website) values (73, 'Gerlach and Sons', 'about.com');
insert into Sponsor (sponsor_id, name, website) values (74, 'Brekke, Nicolas and Purdy', 'twitpic.com');
insert into Sponsor (sponsor_id, name, website) values (75, 'Feeney Inc', 'dion.ne.jp');
insert into Sponsor (sponsor_id, name, website) values (76, 'Leannon Group', 'desdev.cn');
insert into Sponsor (sponsor_id, name, website) values (77, 'Christiansen-Borer', 'storify.com');
insert into Sponsor (sponsor_id, name, website) values (78, 'Murphy Inc', 'flavors.me');
insert into Sponsor (sponsor_id, name, website) values (79, 'Connelly and Sons', 'goodreads.com');
insert into Sponsor (sponsor_id, name, website) values (80, 'Borer, Hermiston and Will', 'gmpg.org');
insert into Sponsor (sponsor_id, name, website) values (81, 'Schmidt and Sons', 'wikia.com');
insert into Sponsor (sponsor_id, name, website) values (82, 'Cummerata-Legros', 't-online.de');
insert into Sponsor (sponsor_id, name, website) values (83, 'Sipes-Hahn', 'github.com');
insert into Sponsor (sponsor_id, name, website) values (84, 'Weber, McDermott and Hills', 'kickstarter.com');
insert into Sponsor (sponsor_id, name, website) values (85, 'Schmitt, Miller and Hartmann', 'de.vu');
insert into Sponsor (sponsor_id, name, website) values (86, 'Lubowitz-Mueller', 'godaddy.com');
insert into Sponsor (sponsor_id, name, website) values (87, 'Medhurst, Turner and Osinski', 'exblog.jp');
insert into Sponsor (sponsor_id, name, website) values (88, 'Gutkowski Inc', 'deliciousdays.com');
insert into Sponsor (sponsor_id, name, website) values (89, 'Klocko-Durgan', 'sciencedirect.com');
insert into Sponsor (sponsor_id, name, website) values (90, 'Roob and Sons', 'techcrunch.com');
insert into Sponsor (sponsor_id, name, website) values (91, 'Cummerata, Hills and Stoltenberg', 'about.com');
insert into Sponsor (sponsor_id, name, website) values (92, 'Windler-Nolan', 'hostgator.com');
insert into Sponsor (sponsor_id, name, website) values (93, 'Shanahan, Pollich and Parker', 'tiny.cc');
insert into Sponsor (sponsor_id, name, website) values (94, 'Friesen Inc', 'csmonitor.com');
insert into Sponsor (sponsor_id, name, website) values (95, 'Quigley, Kiehn and Reichel', 'bloomberg.com');
insert into Sponsor (sponsor_id, name, website) values (96, 'Gleichner, Will and McGlynn', 'gov.uk');
insert into Sponsor (sponsor_id, name, website) values (97, 'Heller and Sons', 'desdev.cn');
insert into Sponsor (sponsor_id, name, website) values (98, 'Wiza LLC', 'un.org');
insert into Sponsor (sponsor_id, name, website) values (99, 'Rosenbaum Group', 'admin.ch');
insert into Sponsor (sponsor_id, name, website) values (100, 'Konopelski, Turcotte and Kautzer', 'cnn.com');
commit;
insert into circuit_sponsor (sponsor_sponsor_id, circuit_circuit_id) values (1, 1);
insert into circuit_sponsor (sponsor_sponsor_id, circuit_circuit_id) values (1, 10);
insert into circuit_sponsor (sponsor_sponsor_id, circuit_circuit_id) values (1, 2);
insert into circuit_sponsor (sponsor_sponsor_id, circuit_circuit_id) values (1, 4);
insert into circuit_sponsor (sponsor_sponsor_id, circuit_circuit_id) values (1, 6);
insert into circuit_sponsor (sponsor_sponsor_id, circuit_circuit_id) values (1, 7);
insert into circuit_sponsor (sponsor_sponsor_id, circuit_circuit_id) values (1, 8);
insert into circuit_sponsor (sponsor_sponsor_id, circuit_circuit_id) values (1, 9);
insert into circuit_sponsor (sponsor_sponsor_id, circuit_circuit_id) values (10, 2);
insert into circuit_sponsor (sponsor_sponsor_id, circuit_circuit_id) values (10, 3);
insert into circuit_sponsor (sponsor_sponsor_id, circuit_circuit_id) values (10, 4);
insert into circuit_sponsor (sponsor_sponsor_id, circuit_circuit_id) values (10, 5);
insert into circuit_sponsor (sponsor_sponsor_id, circuit_circuit_id) values (10, 7);
insert into circuit_sponsor (sponsor_sponsor_id, circuit_circuit_id) values (100, 1);
insert into circuit_sponsor (sponsor_sponsor_id, circuit_circuit_id) values (100, 2);
insert into circuit_sponsor (sponsor_sponsor_id, circuit_circuit_id) values (100, 3);
insert into circuit_sponsor (sponsor_sponsor_id, circuit_circuit_id) values (100, 5);
insert into circuit_sponsor (sponsor_sponsor_id, circuit_circuit_id) values (100, 6);
insert into circuit_sponsor (sponsor_sponsor_id, circuit_circuit_id) values (100, 9);
insert into circuit_sponsor (sponsor_sponsor_id, circuit_circuit_id) values (11, 10);
insert into circuit_sponsor (sponsor_sponsor_id, circuit_circuit_id) values (11, 2);
insert into circuit_sponsor (sponsor_sponsor_id, circuit_circuit_id) values (11, 3);
insert into circuit_sponsor (sponsor_sponsor_id, circuit_circuit_id) values (11, 4);
insert into circuit_sponsor (sponsor_sponsor_id, circuit_circuit_id) values (11, 5);
insert into circuit_sponsor (sponsor_sponsor_id, circuit_circuit_id) values (11, 7);
insert into circuit_sponsor (sponsor_sponsor_id, circuit_circuit_id) values (12, 1);
insert into circuit_sponsor (sponsor_sponsor_id, circuit_circuit_id) values (12, 5);
insert into circuit_sponsor (sponsor_sponsor_id, circuit_circuit_id) values (12, 8);
insert into circuit_sponsor (sponsor_sponsor_id, circuit_circuit_id) values (12, 9);
insert into circuit_sponsor (sponsor_sponsor_id, circuit_circuit_id) values (13, 1);
insert into circuit_sponsor (sponsor_sponsor_id, circuit_circuit_id) values (13, 10);
insert into circuit_sponsor (sponsor_sponsor_id, circuit_circuit_id) values (13, 4);
insert into circuit_sponsor (sponsor_sponsor_id, circuit_circuit_id) values (13, 7);
insert into circuit_sponsor (sponsor_sponsor_id, circuit_circuit_id) values (13, 8);
insert into circuit_sponsor (sponsor_sponsor_id, circuit_circuit_id) values (14, 10);
insert into circuit_sponsor (sponsor_sponsor_id, circuit_circuit_id) values (14, 2);
insert into circuit_sponsor (sponsor_sponsor_id, circuit_circuit_id) values (14, 3);
insert into circuit_sponsor (sponsor_sponsor_id, circuit_circuit_id) values (14, 6);
insert into circuit_sponsor (sponsor_sponsor_id, circuit_circuit_id) values (14, 9);
insert into circuit_sponsor (sponsor_sponsor_id, circuit_circuit_id) values (15, 10);
insert into circuit_sponsor (sponsor_sponsor_id, circuit_circuit_id) values (15, 2);
insert into circuit_sponsor (sponsor_sponsor_id, circuit_circuit_id) values (15, 3);
insert into circuit_sponsor (sponsor_sponsor_id, circuit_circuit_id) values (15, 4);
insert into circuit_sponsor (sponsor_sponsor_id, circuit_circuit_id) values (15, 5);
insert into circuit_sponsor (sponsor_sponsor_id, circuit_circuit_id) values (15, 6);
insert into circuit_sponsor (sponsor_sponsor_id, circuit_circuit_id) values (15, 7);
insert into circuit_sponsor (sponsor_sponsor_id, circuit_circuit_id) values (16, 10);
insert into circuit_sponsor (sponsor_sponsor_id, circuit_circuit_id) values (16, 3);
insert into circuit_sponsor (sponsor_sponsor_id, circuit_circuit_id) values (16, 4);
insert into circuit_sponsor (sponsor_sponsor_id, circuit_circuit_id) values (16, 6);
insert into circuit_sponsor (sponsor_sponsor_id, circuit_circuit_id) values (16, 7);
insert into circuit_sponsor (sponsor_sponsor_id, circuit_circuit_id) values (16, 8);
insert into circuit_sponsor (sponsor_sponsor_id, circuit_circuit_id) values (17, 1);
insert into circuit_sponsor (sponsor_sponsor_id, circuit_circuit_id) values (17, 10);
insert into circuit_sponsor (sponsor_sponsor_id, circuit_circuit_id) values (17, 2);
insert into circuit_sponsor (sponsor_sponsor_id, circuit_circuit_id) values (17, 3);
insert into circuit_sponsor (sponsor_sponsor_id, circuit_circuit_id) values (17, 4);
insert into circuit_sponsor (sponsor_sponsor_id, circuit_circuit_id) values (17, 6);
insert into circuit_sponsor (sponsor_sponsor_id, circuit_circuit_id) values (17, 7);
insert into circuit_sponsor (sponsor_sponsor_id, circuit_circuit_id) values (17, 8);
insert into circuit_sponsor (sponsor_sponsor_id, circuit_circuit_id) values (17, 9);
insert into circuit_sponsor (sponsor_sponsor_id, circuit_circuit_id) values (18, 1);
insert into circuit_sponsor (sponsor_sponsor_id, circuit_circuit_id) values (18, 10);
insert into circuit_sponsor (sponsor_sponsor_id, circuit_circuit_id) values (18, 2);
insert into circuit_sponsor (sponsor_sponsor_id, circuit_circuit_id) values (18, 5);
insert into circuit_sponsor (sponsor_sponsor_id, circuit_circuit_id) values (18, 7);
insert into circuit_sponsor (sponsor_sponsor_id, circuit_circuit_id) values (19, 10);
insert into circuit_sponsor (sponsor_sponsor_id, circuit_circuit_id) values (19, 2);
insert into circuit_sponsor (sponsor_sponsor_id, circuit_circuit_id) values (19, 3);
insert into circuit_sponsor (sponsor_sponsor_id, circuit_circuit_id) values (19, 4);
insert into circuit_sponsor (sponsor_sponsor_id, circuit_circuit_id) values (19, 6);
insert into circuit_sponsor (sponsor_sponsor_id, circuit_circuit_id) values (19, 7);
insert into circuit_sponsor (sponsor_sponsor_id, circuit_circuit_id) values (19, 8);
insert into circuit_sponsor (sponsor_sponsor_id, circuit_circuit_id) values (19, 9);
insert into circuit_sponsor (sponsor_sponsor_id, circuit_circuit_id) values (2, 2);
insert into circuit_sponsor (sponsor_sponsor_id, circuit_circuit_id) values (2, 3);
insert into circuit_sponsor (sponsor_sponsor_id, circuit_circuit_id) values (2, 4);
insert into circuit_sponsor (sponsor_sponsor_id, circuit_circuit_id) values (2, 5);
insert into circuit_sponsor (sponsor_sponsor_id, circuit_circuit_id) values (2, 6);
insert into circuit_sponsor (sponsor_sponsor_id, circuit_circuit_id) values (2, 7);
insert into circuit_sponsor (sponsor_sponsor_id, circuit_circuit_id) values (2, 8);
insert into circuit_sponsor (sponsor_sponsor_id, circuit_circuit_id) values (20, 1);
insert into circuit_sponsor (sponsor_sponsor_id, circuit_circuit_id) values (20, 10);
insert into circuit_sponsor (sponsor_sponsor_id, circuit_circuit_id) values (20, 3);
insert into circuit_sponsor (sponsor_sponsor_id, circuit_circuit_id) values (20, 4);
insert into circuit_sponsor (sponsor_sponsor_id, circuit_circuit_id) values (20, 5);
insert into circuit_sponsor (sponsor_sponsor_id, circuit_circuit_id) values (20, 7);
insert into circuit_sponsor (sponsor_sponsor_id, circuit_circuit_id) values (20, 8);
insert into circuit_sponsor (sponsor_sponsor_id, circuit_circuit_id) values (21, 1);
insert into circuit_sponsor (sponsor_sponsor_id, circuit_circuit_id) values (21, 2);
insert into circuit_sponsor (sponsor_sponsor_id, circuit_circuit_id) values (21, 3);
insert into circuit_sponsor (sponsor_sponsor_id, circuit_circuit_id) values (21, 7);
insert into circuit_sponsor (sponsor_sponsor_id, circuit_circuit_id) values (21, 9);
insert into circuit_sponsor (sponsor_sponsor_id, circuit_circuit_id) values (22, 1);
insert into circuit_sponsor (sponsor_sponsor_id, circuit_circuit_id) values (22, 10);
insert into circuit_sponsor (sponsor_sponsor_id, circuit_circuit_id) values (22, 2);
insert into circuit_sponsor (sponsor_sponsor_id, circuit_circuit_id) values (22, 3);
insert into circuit_sponsor (sponsor_sponsor_id, circuit_circuit_id) values (22, 5);
insert into circuit_sponsor (sponsor_sponsor_id, circuit_circuit_id) values (22, 6);
insert into circuit_sponsor (sponsor_sponsor_id, circuit_circuit_id) values (22, 7);
insert into circuit_sponsor (sponsor_sponsor_id, circuit_circuit_id) values (22, 8);
insert into circuit_sponsor (sponsor_sponsor_id, circuit_circuit_id) values (22, 9);
insert into circuit_sponsor (sponsor_sponsor_id, circuit_circuit_id) values (23, 10);
insert into circuit_sponsor (sponsor_sponsor_id, circuit_circuit_id) values (23, 2);
insert into circuit_sponsor (sponsor_sponsor_id, circuit_circuit_id) values (23, 4);
insert into circuit_sponsor (sponsor_sponsor_id, circuit_circuit_id) values (23, 6);
insert into circuit_sponsor (sponsor_sponsor_id, circuit_circuit_id) values (23, 7);
insert into circuit_sponsor (sponsor_sponsor_id, circuit_circuit_id) values (24, 1);
insert into circuit_sponsor (sponsor_sponsor_id, circuit_circuit_id) values (24, 10);
insert into circuit_sponsor (sponsor_sponsor_id, circuit_circuit_id) values (24, 3);
insert into circuit_sponsor (sponsor_sponsor_id, circuit_circuit_id) values (24, 6);
insert into circuit_sponsor (sponsor_sponsor_id, circuit_circuit_id) values (24, 7);
insert into circuit_sponsor (sponsor_sponsor_id, circuit_circuit_id) values (24, 8);
insert into circuit_sponsor (sponsor_sponsor_id, circuit_circuit_id) values (25, 1);
insert into circuit_sponsor (sponsor_sponsor_id, circuit_circuit_id) values (25, 10);
insert into circuit_sponsor (sponsor_sponsor_id, circuit_circuit_id) values (25, 3);
insert into circuit_sponsor (sponsor_sponsor_id, circuit_circuit_id) values (25, 4);
insert into circuit_sponsor (sponsor_sponsor_id, circuit_circuit_id) values (25, 6);
insert into circuit_sponsor (sponsor_sponsor_id, circuit_circuit_id) values (25, 7);
insert into circuit_sponsor (sponsor_sponsor_id, circuit_circuit_id) values (25, 8);
insert into circuit_sponsor (sponsor_sponsor_id, circuit_circuit_id) values (26, 10);
insert into circuit_sponsor (sponsor_sponsor_id, circuit_circuit_id) values (26, 3);
insert into circuit_sponsor (sponsor_sponsor_id, circuit_circuit_id) values (26, 4);
insert into circuit_sponsor (sponsor_sponsor_id, circuit_circuit_id) values (26, 5);
insert into circuit_sponsor (sponsor_sponsor_id, circuit_circuit_id) values (26, 6);
insert into circuit_sponsor (sponsor_sponsor_id, circuit_circuit_id) values (26, 9);
insert into circuit_sponsor (sponsor_sponsor_id, circuit_circuit_id) values (27, 1);
insert into circuit_sponsor (sponsor_sponsor_id, circuit_circuit_id) values (27, 10);
insert into circuit_sponsor (sponsor_sponsor_id, circuit_circuit_id) values (27, 2);
insert into circuit_sponsor (sponsor_sponsor_id, circuit_circuit_id) values (27, 3);
insert into circuit_sponsor (sponsor_sponsor_id, circuit_circuit_id) values (27, 4);
insert into circuit_sponsor (sponsor_sponsor_id, circuit_circuit_id) values (27, 5);
insert into circuit_sponsor (sponsor_sponsor_id, circuit_circuit_id) values (27, 6);
insert into circuit_sponsor (sponsor_sponsor_id, circuit_circuit_id) values (27, 7);
insert into circuit_sponsor (sponsor_sponsor_id, circuit_circuit_id) values (27, 8);
insert into circuit_sponsor (sponsor_sponsor_id, circuit_circuit_id) values (27, 9);
insert into circuit_sponsor (sponsor_sponsor_id, circuit_circuit_id) values (28, 1);
insert into circuit_sponsor (sponsor_sponsor_id, circuit_circuit_id) values (28, 10);
insert into circuit_sponsor (sponsor_sponsor_id, circuit_circuit_id) values (28, 3);
insert into circuit_sponsor (sponsor_sponsor_id, circuit_circuit_id) values (28, 5);
insert into circuit_sponsor (sponsor_sponsor_id, circuit_circuit_id) values (28, 7);
insert into circuit_sponsor (sponsor_sponsor_id, circuit_circuit_id) values (28, 9);
insert into circuit_sponsor (sponsor_sponsor_id, circuit_circuit_id) values (29, 10);
insert into circuit_sponsor (sponsor_sponsor_id, circuit_circuit_id) values (29, 3);
insert into circuit_sponsor (sponsor_sponsor_id, circuit_circuit_id) values (29, 7);
insert into circuit_sponsor (sponsor_sponsor_id, circuit_circuit_id) values (29, 9);
insert into circuit_sponsor (sponsor_sponsor_id, circuit_circuit_id) values (3, 10);
insert into circuit_sponsor (sponsor_sponsor_id, circuit_circuit_id) values (3, 3);
insert into circuit_sponsor (sponsor_sponsor_id, circuit_circuit_id) values (3, 4);
insert into circuit_sponsor (sponsor_sponsor_id, circuit_circuit_id) values (3, 5);
insert into circuit_sponsor (sponsor_sponsor_id, circuit_circuit_id) values (3, 7);
insert into circuit_sponsor (sponsor_sponsor_id, circuit_circuit_id) values (3, 8);
insert into circuit_sponsor (sponsor_sponsor_id, circuit_circuit_id) values (30, 10);
insert into circuit_sponsor (sponsor_sponsor_id, circuit_circuit_id) values (30, 2);
insert into circuit_sponsor (sponsor_sponsor_id, circuit_circuit_id) values (30, 3);
insert into circuit_sponsor (sponsor_sponsor_id, circuit_circuit_id) values (30, 4);
insert into circuit_sponsor (sponsor_sponsor_id, circuit_circuit_id) values (30, 5);
insert into circuit_sponsor (sponsor_sponsor_id, circuit_circuit_id) values (30, 6);
insert into circuit_sponsor (sponsor_sponsor_id, circuit_circuit_id) values (30, 7);
insert into circuit_sponsor (sponsor_sponsor_id, circuit_circuit_id) values (31, 1);
insert into circuit_sponsor (sponsor_sponsor_id, circuit_circuit_id) values (31, 2);
insert into circuit_sponsor (sponsor_sponsor_id, circuit_circuit_id) values (31, 3);
insert into circuit_sponsor (sponsor_sponsor_id, circuit_circuit_id) values (31, 4);
insert into circuit_sponsor (sponsor_sponsor_id, circuit_circuit_id) values (31, 5);
insert into circuit_sponsor (sponsor_sponsor_id, circuit_circuit_id) values (31, 6);
insert into circuit_sponsor (sponsor_sponsor_id, circuit_circuit_id) values (31, 7);
insert into circuit_sponsor (sponsor_sponsor_id, circuit_circuit_id) values (32, 2);
insert into circuit_sponsor (sponsor_sponsor_id, circuit_circuit_id) values (32, 3);
insert into circuit_sponsor (sponsor_sponsor_id, circuit_circuit_id) values (32, 5);
insert into circuit_sponsor (sponsor_sponsor_id, circuit_circuit_id) values (32, 6);
insert into circuit_sponsor (sponsor_sponsor_id, circuit_circuit_id) values (32, 7);
insert into circuit_sponsor (sponsor_sponsor_id, circuit_circuit_id) values (32, 8);
insert into circuit_sponsor (sponsor_sponsor_id, circuit_circuit_id) values (33, 1);
insert into circuit_sponsor (sponsor_sponsor_id, circuit_circuit_id) values (33, 10);
insert into circuit_sponsor (sponsor_sponsor_id, circuit_circuit_id) values (33, 3);
insert into circuit_sponsor (sponsor_sponsor_id, circuit_circuit_id) values (33, 4);
insert into circuit_sponsor (sponsor_sponsor_id, circuit_circuit_id) values (33, 5);
insert into circuit_sponsor (sponsor_sponsor_id, circuit_circuit_id) values (33, 7);
insert into circuit_sponsor (sponsor_sponsor_id, circuit_circuit_id) values (33, 9);
insert into circuit_sponsor (sponsor_sponsor_id, circuit_circuit_id) values (34, 3);
insert into circuit_sponsor (sponsor_sponsor_id, circuit_circuit_id) values (34, 8);
insert into circuit_sponsor (sponsor_sponsor_id, circuit_circuit_id) values (34, 9);
insert into circuit_sponsor (sponsor_sponsor_id, circuit_circuit_id) values (35, 1);
insert into circuit_sponsor (sponsor_sponsor_id, circuit_circuit_id) values (35, 10);
insert into circuit_sponsor (sponsor_sponsor_id, circuit_circuit_id) values (35, 2);
insert into circuit_sponsor (sponsor_sponsor_id, circuit_circuit_id) values (35, 4);
insert into circuit_sponsor (sponsor_sponsor_id, circuit_circuit_id) values (35, 5);
insert into circuit_sponsor (sponsor_sponsor_id, circuit_circuit_id) values (35, 7);
insert into circuit_sponsor (sponsor_sponsor_id, circuit_circuit_id) values (35, 8);
insert into circuit_sponsor (sponsor_sponsor_id, circuit_circuit_id) values (35, 9);
insert into circuit_sponsor (sponsor_sponsor_id, circuit_circuit_id) values (36, 1);
insert into circuit_sponsor (sponsor_sponsor_id, circuit_circuit_id) values (36, 10);
insert into circuit_sponsor (sponsor_sponsor_id, circuit_circuit_id) values (36, 4);
insert into circuit_sponsor (sponsor_sponsor_id, circuit_circuit_id) values (36, 8);
insert into circuit_sponsor (sponsor_sponsor_id, circuit_circuit_id) values (37, 1);
insert into circuit_sponsor (sponsor_sponsor_id, circuit_circuit_id) values (37, 10);
insert into circuit_sponsor (sponsor_sponsor_id, circuit_circuit_id) values (37, 2);
insert into circuit_sponsor (sponsor_sponsor_id, circuit_circuit_id) values (37, 3);
insert into circuit_sponsor (sponsor_sponsor_id, circuit_circuit_id) values (37, 4);
insert into circuit_sponsor (sponsor_sponsor_id, circuit_circuit_id) values (37, 5);
insert into circuit_sponsor (sponsor_sponsor_id, circuit_circuit_id) values (37, 7);
insert into circuit_sponsor (sponsor_sponsor_id, circuit_circuit_id) values (37, 8);
insert into circuit_sponsor (sponsor_sponsor_id, circuit_circuit_id) values (37, 9);
insert into circuit_sponsor (sponsor_sponsor_id, circuit_circuit_id) values (38, 3);
insert into circuit_sponsor (sponsor_sponsor_id, circuit_circuit_id) values (38, 4);
insert into circuit_sponsor (sponsor_sponsor_id, circuit_circuit_id) values (38, 5);
insert into circuit_sponsor (sponsor_sponsor_id, circuit_circuit_id) values (38, 6);
insert into circuit_sponsor (sponsor_sponsor_id, circuit_circuit_id) values (38, 7);
insert into circuit_sponsor (sponsor_sponsor_id, circuit_circuit_id) values (38, 8);
insert into circuit_sponsor (sponsor_sponsor_id, circuit_circuit_id) values (39, 2);
insert into circuit_sponsor (sponsor_sponsor_id, circuit_circuit_id) values (39, 3);
insert into circuit_sponsor (sponsor_sponsor_id, circuit_circuit_id) values (39, 4);
insert into circuit_sponsor (sponsor_sponsor_id, circuit_circuit_id) values (39, 5);
insert into circuit_sponsor (sponsor_sponsor_id, circuit_circuit_id) values (39, 6);
insert into circuit_sponsor (sponsor_sponsor_id, circuit_circuit_id) values (39, 9);
insert into circuit_sponsor (sponsor_sponsor_id, circuit_circuit_id) values (4, 6);
insert into circuit_sponsor (sponsor_sponsor_id, circuit_circuit_id) values (4, 7);
insert into circuit_sponsor (sponsor_sponsor_id, circuit_circuit_id) values (4, 8);
insert into circuit_sponsor (sponsor_sponsor_id, circuit_circuit_id) values (40, 1);
insert into circuit_sponsor (sponsor_sponsor_id, circuit_circuit_id) values (40, 10);
insert into circuit_sponsor (sponsor_sponsor_id, circuit_circuit_id) values (40, 2);
insert into circuit_sponsor (sponsor_sponsor_id, circuit_circuit_id) values (40, 3);
insert into circuit_sponsor (sponsor_sponsor_id, circuit_circuit_id) values (40, 5);
insert into circuit_sponsor (sponsor_sponsor_id, circuit_circuit_id) values (40, 6);
insert into circuit_sponsor (sponsor_sponsor_id, circuit_circuit_id) values (40, 8);
insert into circuit_sponsor (sponsor_sponsor_id, circuit_circuit_id) values (40, 9);
insert into circuit_sponsor (sponsor_sponsor_id, circuit_circuit_id) values (41, 1);
insert into circuit_sponsor (sponsor_sponsor_id, circuit_circuit_id) values (41, 2);
insert into circuit_sponsor (sponsor_sponsor_id, circuit_circuit_id) values (41, 5);
insert into circuit_sponsor (sponsor_sponsor_id, circuit_circuit_id) values (41, 7);
insert into circuit_sponsor (sponsor_sponsor_id, circuit_circuit_id) values (41, 9);
insert into circuit_sponsor (sponsor_sponsor_id, circuit_circuit_id) values (42, 1);
insert into circuit_sponsor (sponsor_sponsor_id, circuit_circuit_id) values (42, 2);
insert into circuit_sponsor (sponsor_sponsor_id, circuit_circuit_id) values (42, 3);
insert into circuit_sponsor (sponsor_sponsor_id, circuit_circuit_id) values (42, 4);
insert into circuit_sponsor (sponsor_sponsor_id, circuit_circuit_id) values (42, 5);
insert into circuit_sponsor (sponsor_sponsor_id, circuit_circuit_id) values (42, 7);
insert into circuit_sponsor (sponsor_sponsor_id, circuit_circuit_id) values (42, 8);
insert into circuit_sponsor (sponsor_sponsor_id, circuit_circuit_id) values (42, 9);
insert into circuit_sponsor (sponsor_sponsor_id, circuit_circuit_id) values (43, 10);
insert into circuit_sponsor (sponsor_sponsor_id, circuit_circuit_id) values (43, 3);
insert into circuit_sponsor (sponsor_sponsor_id, circuit_circuit_id) values (43, 4);
insert into circuit_sponsor (sponsor_sponsor_id, circuit_circuit_id) values (43, 5);
insert into circuit_sponsor (sponsor_sponsor_id, circuit_circuit_id) values (43, 6);
insert into circuit_sponsor (sponsor_sponsor_id, circuit_circuit_id) values (43, 7);
insert into circuit_sponsor (sponsor_sponsor_id, circuit_circuit_id) values (43, 8);
insert into circuit_sponsor (sponsor_sponsor_id, circuit_circuit_id) values (44, 1);
insert into circuit_sponsor (sponsor_sponsor_id, circuit_circuit_id) values (44, 10);
insert into circuit_sponsor (sponsor_sponsor_id, circuit_circuit_id) values (44, 2);
insert into circuit_sponsor (sponsor_sponsor_id, circuit_circuit_id) values (44, 3);
insert into circuit_sponsor (sponsor_sponsor_id, circuit_circuit_id) values (44, 7);
insert into circuit_sponsor (sponsor_sponsor_id, circuit_circuit_id) values (44, 9);
insert into circuit_sponsor (sponsor_sponsor_id, circuit_circuit_id) values (45, 1);
insert into circuit_sponsor (sponsor_sponsor_id, circuit_circuit_id) values (45, 3);
insert into circuit_sponsor (sponsor_sponsor_id, circuit_circuit_id) values (45, 4);
insert into circuit_sponsor (sponsor_sponsor_id, circuit_circuit_id) values (45, 6);
insert into circuit_sponsor (sponsor_sponsor_id, circuit_circuit_id) values (45, 7);
insert into circuit_sponsor (sponsor_sponsor_id, circuit_circuit_id) values (45, 9);
insert into circuit_sponsor (sponsor_sponsor_id, circuit_circuit_id) values (46, 1);
insert into circuit_sponsor (sponsor_sponsor_id, circuit_circuit_id) values (46, 2);
insert into circuit_sponsor (sponsor_sponsor_id, circuit_circuit_id) values (46, 3);
insert into circuit_sponsor (sponsor_sponsor_id, circuit_circuit_id) values (46, 4);
insert into circuit_sponsor (sponsor_sponsor_id, circuit_circuit_id) values (46, 5);
insert into circuit_sponsor (sponsor_sponsor_id, circuit_circuit_id) values (46, 7);
insert into circuit_sponsor (sponsor_sponsor_id, circuit_circuit_id) values (46, 8);
insert into circuit_sponsor (sponsor_sponsor_id, circuit_circuit_id) values (47, 3);
insert into circuit_sponsor (sponsor_sponsor_id, circuit_circuit_id) values (47, 5);
insert into circuit_sponsor (sponsor_sponsor_id, circuit_circuit_id) values (47, 6);
insert into circuit_sponsor (sponsor_sponsor_id, circuit_circuit_id) values (47, 7);
insert into circuit_sponsor (sponsor_sponsor_id, circuit_circuit_id) values (47, 8);
insert into circuit_sponsor (sponsor_sponsor_id, circuit_circuit_id) values (47, 9);
insert into circuit_sponsor (sponsor_sponsor_id, circuit_circuit_id) values (48, 1);
insert into circuit_sponsor (sponsor_sponsor_id, circuit_circuit_id) values (48, 2);
insert into circuit_sponsor (sponsor_sponsor_id, circuit_circuit_id) values (48, 4);
insert into circuit_sponsor (sponsor_sponsor_id, circuit_circuit_id) values (48, 8);
insert into circuit_sponsor (sponsor_sponsor_id, circuit_circuit_id) values (48, 9);
insert into circuit_sponsor (sponsor_sponsor_id, circuit_circuit_id) values (49, 2);
insert into circuit_sponsor (sponsor_sponsor_id, circuit_circuit_id) values (49, 3);
insert into circuit_sponsor (sponsor_sponsor_id, circuit_circuit_id) values (49, 4);
insert into circuit_sponsor (sponsor_sponsor_id, circuit_circuit_id) values (49, 5);
insert into circuit_sponsor (sponsor_sponsor_id, circuit_circuit_id) values (49, 6);
insert into circuit_sponsor (sponsor_sponsor_id, circuit_circuit_id) values (49, 8);
insert into circuit_sponsor (sponsor_sponsor_id, circuit_circuit_id) values (49, 9);
insert into circuit_sponsor (sponsor_sponsor_id, circuit_circuit_id) values (5, 2);
insert into circuit_sponsor (sponsor_sponsor_id, circuit_circuit_id) values (5, 4);
insert into circuit_sponsor (sponsor_sponsor_id, circuit_circuit_id) values (5, 5);
insert into circuit_sponsor (sponsor_sponsor_id, circuit_circuit_id) values (5, 6);
insert into circuit_sponsor (sponsor_sponsor_id, circuit_circuit_id) values (5, 7);
insert into circuit_sponsor (sponsor_sponsor_id, circuit_circuit_id) values (5, 8);
insert into circuit_sponsor (sponsor_sponsor_id, circuit_circuit_id) values (5, 9);
insert into circuit_sponsor (sponsor_sponsor_id, circuit_circuit_id) values (50, 10);
insert into circuit_sponsor (sponsor_sponsor_id, circuit_circuit_id) values (50, 3);
insert into circuit_sponsor (sponsor_sponsor_id, circuit_circuit_id) values (50, 4);
insert into circuit_sponsor (sponsor_sponsor_id, circuit_circuit_id) values (50, 5);
insert into circuit_sponsor (sponsor_sponsor_id, circuit_circuit_id) values (50, 6);
insert into circuit_sponsor (sponsor_sponsor_id, circuit_circuit_id) values (50, 7);
insert into circuit_sponsor (sponsor_sponsor_id, circuit_circuit_id) values (50, 8);
insert into circuit_sponsor (sponsor_sponsor_id, circuit_circuit_id) values (50, 9);
insert into circuit_sponsor (sponsor_sponsor_id, circuit_circuit_id) values (51, 1);
insert into circuit_sponsor (sponsor_sponsor_id, circuit_circuit_id) values (51, 10);
insert into circuit_sponsor (sponsor_sponsor_id, circuit_circuit_id) values (51, 7);
insert into circuit_sponsor (sponsor_sponsor_id, circuit_circuit_id) values (51, 8);
insert into circuit_sponsor (sponsor_sponsor_id, circuit_circuit_id) values (51, 9);
insert into circuit_sponsor (sponsor_sponsor_id, circuit_circuit_id) values (52, 1);
insert into circuit_sponsor (sponsor_sponsor_id, circuit_circuit_id) values (52, 10);
insert into circuit_sponsor (sponsor_sponsor_id, circuit_circuit_id) values (52, 3);
insert into circuit_sponsor (sponsor_sponsor_id, circuit_circuit_id) values (52, 4);
insert into circuit_sponsor (sponsor_sponsor_id, circuit_circuit_id) values (52, 5);
insert into circuit_sponsor (sponsor_sponsor_id, circuit_circuit_id) values (52, 6);
insert into circuit_sponsor (sponsor_sponsor_id, circuit_circuit_id) values (52, 7);
insert into circuit_sponsor (sponsor_sponsor_id, circuit_circuit_id) values (52, 9);
insert into circuit_sponsor (sponsor_sponsor_id, circuit_circuit_id) values (53, 1);
insert into circuit_sponsor (sponsor_sponsor_id, circuit_circuit_id) values (53, 2);
insert into circuit_sponsor (sponsor_sponsor_id, circuit_circuit_id) values (53, 3);
insert into circuit_sponsor (sponsor_sponsor_id, circuit_circuit_id) values (53, 4);
insert into circuit_sponsor (sponsor_sponsor_id, circuit_circuit_id) values (53, 6);
insert into circuit_sponsor (sponsor_sponsor_id, circuit_circuit_id) values (53, 7);
insert into circuit_sponsor (sponsor_sponsor_id, circuit_circuit_id) values (53, 8);
insert into circuit_sponsor (sponsor_sponsor_id, circuit_circuit_id) values (53, 9);
insert into circuit_sponsor (sponsor_sponsor_id, circuit_circuit_id) values (54, 3);
insert into circuit_sponsor (sponsor_sponsor_id, circuit_circuit_id) values (54, 4);
insert into circuit_sponsor (sponsor_sponsor_id, circuit_circuit_id) values (54, 5);
insert into circuit_sponsor (sponsor_sponsor_id, circuit_circuit_id) values (54, 8);
insert into circuit_sponsor (sponsor_sponsor_id, circuit_circuit_id) values (55, 2);
insert into circuit_sponsor (sponsor_sponsor_id, circuit_circuit_id) values (55, 3);
insert into circuit_sponsor (sponsor_sponsor_id, circuit_circuit_id) values (55, 5);
insert into circuit_sponsor (sponsor_sponsor_id, circuit_circuit_id) values (55, 6);
insert into circuit_sponsor (sponsor_sponsor_id, circuit_circuit_id) values (55, 8);
insert into circuit_sponsor (sponsor_sponsor_id, circuit_circuit_id) values (55, 9);
insert into circuit_sponsor (sponsor_sponsor_id, circuit_circuit_id) values (56, 1);
insert into circuit_sponsor (sponsor_sponsor_id, circuit_circuit_id) values (56, 10);
insert into circuit_sponsor (sponsor_sponsor_id, circuit_circuit_id) values (56, 3);
insert into circuit_sponsor (sponsor_sponsor_id, circuit_circuit_id) values (56, 4);
insert into circuit_sponsor (sponsor_sponsor_id, circuit_circuit_id) values (56, 9);
insert into circuit_sponsor (sponsor_sponsor_id, circuit_circuit_id) values (57, 2);
insert into circuit_sponsor (sponsor_sponsor_id, circuit_circuit_id) values (57, 4);
insert into circuit_sponsor (sponsor_sponsor_id, circuit_circuit_id) values (57, 5);
insert into circuit_sponsor (sponsor_sponsor_id, circuit_circuit_id) values (57, 6);
insert into circuit_sponsor (sponsor_sponsor_id, circuit_circuit_id) values (57, 7);
insert into circuit_sponsor (sponsor_sponsor_id, circuit_circuit_id) values (57, 8);
insert into circuit_sponsor (sponsor_sponsor_id, circuit_circuit_id) values (58, 1);
insert into circuit_sponsor (sponsor_sponsor_id, circuit_circuit_id) values (58, 10);
insert into circuit_sponsor (sponsor_sponsor_id, circuit_circuit_id) values (58, 2);
insert into circuit_sponsor (sponsor_sponsor_id, circuit_circuit_id) values (58, 3);
insert into circuit_sponsor (sponsor_sponsor_id, circuit_circuit_id) values (58, 5);
insert into circuit_sponsor (sponsor_sponsor_id, circuit_circuit_id) values (58, 6);
insert into circuit_sponsor (sponsor_sponsor_id, circuit_circuit_id) values (58, 7);
insert into circuit_sponsor (sponsor_sponsor_id, circuit_circuit_id) values (58, 8);
insert into circuit_sponsor (sponsor_sponsor_id, circuit_circuit_id) values (58, 9);
insert into circuit_sponsor (sponsor_sponsor_id, circuit_circuit_id) values (59, 3);
insert into circuit_sponsor (sponsor_sponsor_id, circuit_circuit_id) values (59, 4);
insert into circuit_sponsor (sponsor_sponsor_id, circuit_circuit_id) values (59, 6);
insert into circuit_sponsor (sponsor_sponsor_id, circuit_circuit_id) values (59, 7);
insert into circuit_sponsor (sponsor_sponsor_id, circuit_circuit_id) values (59, 8);
insert into circuit_sponsor (sponsor_sponsor_id, circuit_circuit_id) values (6, 2);
insert into circuit_sponsor (sponsor_sponsor_id, circuit_circuit_id) values (6, 3);
insert into circuit_sponsor (sponsor_sponsor_id, circuit_circuit_id) values (6, 4);
insert into circuit_sponsor (sponsor_sponsor_id, circuit_circuit_id) values (6, 5);
insert into circuit_sponsor (sponsor_sponsor_id, circuit_circuit_id) values (6, 6);
insert into circuit_sponsor (sponsor_sponsor_id, circuit_circuit_id) values (6, 9);
insert into circuit_sponsor (sponsor_sponsor_id, circuit_circuit_id) values (60, 1);
insert into circuit_sponsor (sponsor_sponsor_id, circuit_circuit_id) values (60, 10);
insert into circuit_sponsor (sponsor_sponsor_id, circuit_circuit_id) values (60, 2);
insert into circuit_sponsor (sponsor_sponsor_id, circuit_circuit_id) values (60, 3);
insert into circuit_sponsor (sponsor_sponsor_id, circuit_circuit_id) values (60, 5);
insert into circuit_sponsor (sponsor_sponsor_id, circuit_circuit_id) values (60, 7);
insert into circuit_sponsor (sponsor_sponsor_id, circuit_circuit_id) values (60, 8);
insert into circuit_sponsor (sponsor_sponsor_id, circuit_circuit_id) values (61, 2);
insert into circuit_sponsor (sponsor_sponsor_id, circuit_circuit_id) values (61, 3);
insert into circuit_sponsor (sponsor_sponsor_id, circuit_circuit_id) values (61, 5);
insert into circuit_sponsor (sponsor_sponsor_id, circuit_circuit_id) values (61, 6);
insert into circuit_sponsor (sponsor_sponsor_id, circuit_circuit_id) values (61, 8);
insert into circuit_sponsor (sponsor_sponsor_id, circuit_circuit_id) values (62, 1);
insert into circuit_sponsor (sponsor_sponsor_id, circuit_circuit_id) values (62, 2);
insert into circuit_sponsor (sponsor_sponsor_id, circuit_circuit_id) values (62, 3);
insert into circuit_sponsor (sponsor_sponsor_id, circuit_circuit_id) values (62, 5);
insert into circuit_sponsor (sponsor_sponsor_id, circuit_circuit_id) values (62, 7);
insert into circuit_sponsor (sponsor_sponsor_id, circuit_circuit_id) values (62, 8);
insert into circuit_sponsor (sponsor_sponsor_id, circuit_circuit_id) values (63, 10);
insert into circuit_sponsor (sponsor_sponsor_id, circuit_circuit_id) values (63, 2);
insert into circuit_sponsor (sponsor_sponsor_id, circuit_circuit_id) values (63, 3);
insert into circuit_sponsor (sponsor_sponsor_id, circuit_circuit_id) values (63, 4);
insert into circuit_sponsor (sponsor_sponsor_id, circuit_circuit_id) values (64, 1);
insert into circuit_sponsor (sponsor_sponsor_id, circuit_circuit_id) values (64, 3);
insert into circuit_sponsor (sponsor_sponsor_id, circuit_circuit_id) values (64, 4);
insert into circuit_sponsor (sponsor_sponsor_id, circuit_circuit_id) values (64, 5);
insert into circuit_sponsor (sponsor_sponsor_id, circuit_circuit_id) values (64, 6);
insert into circuit_sponsor (sponsor_sponsor_id, circuit_circuit_id) values (64, 7);
insert into circuit_sponsor (sponsor_sponsor_id, circuit_circuit_id) values (64, 9);
insert into circuit_sponsor (sponsor_sponsor_id, circuit_circuit_id) values (65, 1);
insert into circuit_sponsor (sponsor_sponsor_id, circuit_circuit_id) values (65, 2);
insert into circuit_sponsor (sponsor_sponsor_id, circuit_circuit_id) values (65, 3);
insert into circuit_sponsor (sponsor_sponsor_id, circuit_circuit_id) values (65, 4);
insert into circuit_sponsor (sponsor_sponsor_id, circuit_circuit_id) values (65, 5);
insert into circuit_sponsor (sponsor_sponsor_id, circuit_circuit_id) values (65, 6);
insert into circuit_sponsor (sponsor_sponsor_id, circuit_circuit_id) values (65, 8);
insert into circuit_sponsor (sponsor_sponsor_id, circuit_circuit_id) values (65, 9);
insert into circuit_sponsor (sponsor_sponsor_id, circuit_circuit_id) values (66, 1);
insert into circuit_sponsor (sponsor_sponsor_id, circuit_circuit_id) values (66, 10);
insert into circuit_sponsor (sponsor_sponsor_id, circuit_circuit_id) values (66, 4);
insert into circuit_sponsor (sponsor_sponsor_id, circuit_circuit_id) values (66, 5);
insert into circuit_sponsor (sponsor_sponsor_id, circuit_circuit_id) values (66, 6);
insert into circuit_sponsor (sponsor_sponsor_id, circuit_circuit_id) values (66, 7);
insert into circuit_sponsor (sponsor_sponsor_id, circuit_circuit_id) values (67, 10);
insert into circuit_sponsor (sponsor_sponsor_id, circuit_circuit_id) values (67, 2);
insert into circuit_sponsor (sponsor_sponsor_id, circuit_circuit_id) values (67, 4);
insert into circuit_sponsor (sponsor_sponsor_id, circuit_circuit_id) values (67, 6);
insert into circuit_sponsor (sponsor_sponsor_id, circuit_circuit_id) values (67, 7);
insert into circuit_sponsor (sponsor_sponsor_id, circuit_circuit_id) values (67, 9);
insert into circuit_sponsor (sponsor_sponsor_id, circuit_circuit_id) values (68, 10);
insert into circuit_sponsor (sponsor_sponsor_id, circuit_circuit_id) values (68, 3);
insert into circuit_sponsor (sponsor_sponsor_id, circuit_circuit_id) values (68, 6);
insert into circuit_sponsor (sponsor_sponsor_id, circuit_circuit_id) values (68, 9);
insert into circuit_sponsor (sponsor_sponsor_id, circuit_circuit_id) values (69, 1);
insert into circuit_sponsor (sponsor_sponsor_id, circuit_circuit_id) values (69, 10);
insert into circuit_sponsor (sponsor_sponsor_id, circuit_circuit_id) values (69, 2);
insert into circuit_sponsor (sponsor_sponsor_id, circuit_circuit_id) values (69, 3);
insert into circuit_sponsor (sponsor_sponsor_id, circuit_circuit_id) values (69, 4);
insert into circuit_sponsor (sponsor_sponsor_id, circuit_circuit_id) values (69, 5);
insert into circuit_sponsor (sponsor_sponsor_id, circuit_circuit_id) values (69, 7);
insert into circuit_sponsor (sponsor_sponsor_id, circuit_circuit_id) values (69, 8);
insert into circuit_sponsor (sponsor_sponsor_id, circuit_circuit_id) values (69, 9);
insert into circuit_sponsor (sponsor_sponsor_id, circuit_circuit_id) values (7, 2);
insert into circuit_sponsor (sponsor_sponsor_id, circuit_circuit_id) values (7, 4);
insert into circuit_sponsor (sponsor_sponsor_id, circuit_circuit_id) values (7, 6);
insert into circuit_sponsor (sponsor_sponsor_id, circuit_circuit_id) values (7, 7);
insert into circuit_sponsor (sponsor_sponsor_id, circuit_circuit_id) values (7, 9);
insert into circuit_sponsor (sponsor_sponsor_id, circuit_circuit_id) values (70, 1);
insert into circuit_sponsor (sponsor_sponsor_id, circuit_circuit_id) values (70, 10);
insert into circuit_sponsor (sponsor_sponsor_id, circuit_circuit_id) values (70, 2);
insert into circuit_sponsor (sponsor_sponsor_id, circuit_circuit_id) values (70, 4);
insert into circuit_sponsor (sponsor_sponsor_id, circuit_circuit_id) values (70, 5);
insert into circuit_sponsor (sponsor_sponsor_id, circuit_circuit_id) values (71, 1);
insert into circuit_sponsor (sponsor_sponsor_id, circuit_circuit_id) values (71, 10);
insert into circuit_sponsor (sponsor_sponsor_id, circuit_circuit_id) values (71, 3);
insert into circuit_sponsor (sponsor_sponsor_id, circuit_circuit_id) values (71, 7);
insert into circuit_sponsor (sponsor_sponsor_id, circuit_circuit_id) values (71, 9);
insert into circuit_sponsor (sponsor_sponsor_id, circuit_circuit_id) values (72, 1);
insert into circuit_sponsor (sponsor_sponsor_id, circuit_circuit_id) values (72, 10);
insert into circuit_sponsor (sponsor_sponsor_id, circuit_circuit_id) values (72, 6);
insert into circuit_sponsor (sponsor_sponsor_id, circuit_circuit_id) values (72, 7);
insert into circuit_sponsor (sponsor_sponsor_id, circuit_circuit_id) values (72, 9);
insert into circuit_sponsor (sponsor_sponsor_id, circuit_circuit_id) values (73, 10);
insert into circuit_sponsor (sponsor_sponsor_id, circuit_circuit_id) values (73, 2);
insert into circuit_sponsor (sponsor_sponsor_id, circuit_circuit_id) values (73, 3);
insert into circuit_sponsor (sponsor_sponsor_id, circuit_circuit_id) values (73, 6);
insert into circuit_sponsor (sponsor_sponsor_id, circuit_circuit_id) values (73, 7);
insert into circuit_sponsor (sponsor_sponsor_id, circuit_circuit_id) values (73, 8);
insert into circuit_sponsor (sponsor_sponsor_id, circuit_circuit_id) values (74, 1);
insert into circuit_sponsor (sponsor_sponsor_id, circuit_circuit_id) values (74, 2);
insert into circuit_sponsor (sponsor_sponsor_id, circuit_circuit_id) values (74, 3);
insert into circuit_sponsor (sponsor_sponsor_id, circuit_circuit_id) values (74, 4);
insert into circuit_sponsor (sponsor_sponsor_id, circuit_circuit_id) values (74, 5);
insert into circuit_sponsor (sponsor_sponsor_id, circuit_circuit_id) values (74, 6);
insert into circuit_sponsor (sponsor_sponsor_id, circuit_circuit_id) values (75, 1);
insert into circuit_sponsor (sponsor_sponsor_id, circuit_circuit_id) values (75, 10);
insert into circuit_sponsor (sponsor_sponsor_id, circuit_circuit_id) values (75, 3);
insert into circuit_sponsor (sponsor_sponsor_id, circuit_circuit_id) values (75, 5);
insert into circuit_sponsor (sponsor_sponsor_id, circuit_circuit_id) values (75, 7);
insert into circuit_sponsor (sponsor_sponsor_id, circuit_circuit_id) values (75, 8);
insert into circuit_sponsor (sponsor_sponsor_id, circuit_circuit_id) values (76, 1);
insert into circuit_sponsor (sponsor_sponsor_id, circuit_circuit_id) values (76, 10);
insert into circuit_sponsor (sponsor_sponsor_id, circuit_circuit_id) values (76, 2);
insert into circuit_sponsor (sponsor_sponsor_id, circuit_circuit_id) values (76, 3);
insert into circuit_sponsor (sponsor_sponsor_id, circuit_circuit_id) values (76, 5);
insert into circuit_sponsor (sponsor_sponsor_id, circuit_circuit_id) values (76, 6);
insert into circuit_sponsor (sponsor_sponsor_id, circuit_circuit_id) values (76, 7);
insert into circuit_sponsor (sponsor_sponsor_id, circuit_circuit_id) values (76, 8);
insert into circuit_sponsor (sponsor_sponsor_id, circuit_circuit_id) values (77, 1);
insert into circuit_sponsor (sponsor_sponsor_id, circuit_circuit_id) values (77, 10);
insert into circuit_sponsor (sponsor_sponsor_id, circuit_circuit_id) values (77, 2);
insert into circuit_sponsor (sponsor_sponsor_id, circuit_circuit_id) values (77, 3);
insert into circuit_sponsor (sponsor_sponsor_id, circuit_circuit_id) values (77, 4);
insert into circuit_sponsor (sponsor_sponsor_id, circuit_circuit_id) values (77, 6);
insert into circuit_sponsor (sponsor_sponsor_id, circuit_circuit_id) values (77, 9);
insert into circuit_sponsor (sponsor_sponsor_id, circuit_circuit_id) values (78, 2);
insert into circuit_sponsor (sponsor_sponsor_id, circuit_circuit_id) values (78, 3);
insert into circuit_sponsor (sponsor_sponsor_id, circuit_circuit_id) values (78, 4);
insert into circuit_sponsor (sponsor_sponsor_id, circuit_circuit_id) values (78, 6);
insert into circuit_sponsor (sponsor_sponsor_id, circuit_circuit_id) values (78, 8);
insert into circuit_sponsor (sponsor_sponsor_id, circuit_circuit_id) values (78, 9);
insert into circuit_sponsor (sponsor_sponsor_id, circuit_circuit_id) values (79, 10);
insert into circuit_sponsor (sponsor_sponsor_id, circuit_circuit_id) values (79, 2);
insert into circuit_sponsor (sponsor_sponsor_id, circuit_circuit_id) values (79, 4);
insert into circuit_sponsor (sponsor_sponsor_id, circuit_circuit_id) values (79, 5);
insert into circuit_sponsor (sponsor_sponsor_id, circuit_circuit_id) values (79, 6);
insert into circuit_sponsor (sponsor_sponsor_id, circuit_circuit_id) values (79, 8);
insert into circuit_sponsor (sponsor_sponsor_id, circuit_circuit_id) values (8, 1);
insert into circuit_sponsor (sponsor_sponsor_id, circuit_circuit_id) values (8, 5);
insert into circuit_sponsor (sponsor_sponsor_id, circuit_circuit_id) values (8, 6);
insert into circuit_sponsor (sponsor_sponsor_id, circuit_circuit_id) values (8, 7);
insert into circuit_sponsor (sponsor_sponsor_id, circuit_circuit_id) values (80, 1);
insert into circuit_sponsor (sponsor_sponsor_id, circuit_circuit_id) values (80, 10);
insert into circuit_sponsor (sponsor_sponsor_id, circuit_circuit_id) values (80, 2);
insert into circuit_sponsor (sponsor_sponsor_id, circuit_circuit_id) values (80, 4);
insert into circuit_sponsor (sponsor_sponsor_id, circuit_circuit_id) values (80, 5);
insert into circuit_sponsor (sponsor_sponsor_id, circuit_circuit_id) values (80, 6);
insert into circuit_sponsor (sponsor_sponsor_id, circuit_circuit_id) values (80, 7);
insert into circuit_sponsor (sponsor_sponsor_id, circuit_circuit_id) values (81, 1);
insert into circuit_sponsor (sponsor_sponsor_id, circuit_circuit_id) values (81, 10);
insert into circuit_sponsor (sponsor_sponsor_id, circuit_circuit_id) values (81, 2);
insert into circuit_sponsor (sponsor_sponsor_id, circuit_circuit_id) values (81, 3);
insert into circuit_sponsor (sponsor_sponsor_id, circuit_circuit_id) values (81, 4);
insert into circuit_sponsor (sponsor_sponsor_id, circuit_circuit_id) values (81, 5);
insert into circuit_sponsor (sponsor_sponsor_id, circuit_circuit_id) values (81, 6);
insert into circuit_sponsor (sponsor_sponsor_id, circuit_circuit_id) values (81, 8);
insert into circuit_sponsor (sponsor_sponsor_id, circuit_circuit_id) values (81, 9);
insert into circuit_sponsor (sponsor_sponsor_id, circuit_circuit_id) values (82, 1);
insert into circuit_sponsor (sponsor_sponsor_id, circuit_circuit_id) values (82, 4);
insert into circuit_sponsor (sponsor_sponsor_id, circuit_circuit_id) values (82, 6);
insert into circuit_sponsor (sponsor_sponsor_id, circuit_circuit_id) values (82, 8);
insert into circuit_sponsor (sponsor_sponsor_id, circuit_circuit_id) values (83, 1);
insert into circuit_sponsor (sponsor_sponsor_id, circuit_circuit_id) values (83, 10);
insert into circuit_sponsor (sponsor_sponsor_id, circuit_circuit_id) values (83, 3);
insert into circuit_sponsor (sponsor_sponsor_id, circuit_circuit_id) values (83, 4);
insert into circuit_sponsor (sponsor_sponsor_id, circuit_circuit_id) values (83, 5);
insert into circuit_sponsor (sponsor_sponsor_id, circuit_circuit_id) values (83, 7);
insert into circuit_sponsor (sponsor_sponsor_id, circuit_circuit_id) values (83, 8);
insert into circuit_sponsor (sponsor_sponsor_id, circuit_circuit_id) values (83, 9);
insert into circuit_sponsor (sponsor_sponsor_id, circuit_circuit_id) values (84, 1);
insert into circuit_sponsor (sponsor_sponsor_id, circuit_circuit_id) values (84, 10);
insert into circuit_sponsor (sponsor_sponsor_id, circuit_circuit_id) values (84, 3);
insert into circuit_sponsor (sponsor_sponsor_id, circuit_circuit_id) values (84, 4);
insert into circuit_sponsor (sponsor_sponsor_id, circuit_circuit_id) values (84, 6);
insert into circuit_sponsor (sponsor_sponsor_id, circuit_circuit_id) values (84, 7);
insert into circuit_sponsor (sponsor_sponsor_id, circuit_circuit_id) values (84, 8);
insert into circuit_sponsor (sponsor_sponsor_id, circuit_circuit_id) values (84, 9);
insert into circuit_sponsor (sponsor_sponsor_id, circuit_circuit_id) values (85, 2);
insert into circuit_sponsor (sponsor_sponsor_id, circuit_circuit_id) values (85, 5);
insert into circuit_sponsor (sponsor_sponsor_id, circuit_circuit_id) values (85, 7);
insert into circuit_sponsor (sponsor_sponsor_id, circuit_circuit_id) values (85, 8);
insert into circuit_sponsor (sponsor_sponsor_id, circuit_circuit_id) values (86, 1);
insert into circuit_sponsor (sponsor_sponsor_id, circuit_circuit_id) values (86, 10);
insert into circuit_sponsor (sponsor_sponsor_id, circuit_circuit_id) values (86, 3);
insert into circuit_sponsor (sponsor_sponsor_id, circuit_circuit_id) values (86, 6);
insert into circuit_sponsor (sponsor_sponsor_id, circuit_circuit_id) values (86, 8);
insert into circuit_sponsor (sponsor_sponsor_id, circuit_circuit_id) values (86, 9);
insert into circuit_sponsor (sponsor_sponsor_id, circuit_circuit_id) values (87, 10);
insert into circuit_sponsor (sponsor_sponsor_id, circuit_circuit_id) values (87, 3);
insert into circuit_sponsor (sponsor_sponsor_id, circuit_circuit_id) values (87, 5);
insert into circuit_sponsor (sponsor_sponsor_id, circuit_circuit_id) values (87, 8);
insert into circuit_sponsor (sponsor_sponsor_id, circuit_circuit_id) values (87, 9);
insert into circuit_sponsor (sponsor_sponsor_id, circuit_circuit_id) values (88, 10);
insert into circuit_sponsor (sponsor_sponsor_id, circuit_circuit_id) values (88, 2);
insert into circuit_sponsor (sponsor_sponsor_id, circuit_circuit_id) values (88, 3);
insert into circuit_sponsor (sponsor_sponsor_id, circuit_circuit_id) values (88, 4);
insert into circuit_sponsor (sponsor_sponsor_id, circuit_circuit_id) values (88, 6);
insert into circuit_sponsor (sponsor_sponsor_id, circuit_circuit_id) values (88, 7);
insert into circuit_sponsor (sponsor_sponsor_id, circuit_circuit_id) values (88, 9);
insert into circuit_sponsor (sponsor_sponsor_id, circuit_circuit_id) values (89, 10);
insert into circuit_sponsor (sponsor_sponsor_id, circuit_circuit_id) values (89, 2);
insert into circuit_sponsor (sponsor_sponsor_id, circuit_circuit_id) values (89, 3);
insert into circuit_sponsor (sponsor_sponsor_id, circuit_circuit_id) values (89, 4);
insert into circuit_sponsor (sponsor_sponsor_id, circuit_circuit_id) values (89, 6);
insert into circuit_sponsor (sponsor_sponsor_id, circuit_circuit_id) values (89, 7);
insert into circuit_sponsor (sponsor_sponsor_id, circuit_circuit_id) values (89, 9);
insert into circuit_sponsor (sponsor_sponsor_id, circuit_circuit_id) values (9, 1);
insert into circuit_sponsor (sponsor_sponsor_id, circuit_circuit_id) values (9, 10);
insert into circuit_sponsor (sponsor_sponsor_id, circuit_circuit_id) values (9, 2);
insert into circuit_sponsor (sponsor_sponsor_id, circuit_circuit_id) values (9, 3);
insert into circuit_sponsor (sponsor_sponsor_id, circuit_circuit_id) values (9, 4);
insert into circuit_sponsor (sponsor_sponsor_id, circuit_circuit_id) values (9, 5);
insert into circuit_sponsor (sponsor_sponsor_id, circuit_circuit_id) values (9, 6);
insert into circuit_sponsor (sponsor_sponsor_id, circuit_circuit_id) values (9, 7);
insert into circuit_sponsor (sponsor_sponsor_id, circuit_circuit_id) values (9, 9);
insert into circuit_sponsor (sponsor_sponsor_id, circuit_circuit_id) values (90, 1);
insert into circuit_sponsor (sponsor_sponsor_id, circuit_circuit_id) values (90, 10);
insert into circuit_sponsor (sponsor_sponsor_id, circuit_circuit_id) values (90, 3);
insert into circuit_sponsor (sponsor_sponsor_id, circuit_circuit_id) values (90, 5);
insert into circuit_sponsor (sponsor_sponsor_id, circuit_circuit_id) values (90, 6);
insert into circuit_sponsor (sponsor_sponsor_id, circuit_circuit_id) values (90, 7);
insert into circuit_sponsor (sponsor_sponsor_id, circuit_circuit_id) values (90, 9);
insert into circuit_sponsor (sponsor_sponsor_id, circuit_circuit_id) values (91, 4);
insert into circuit_sponsor (sponsor_sponsor_id, circuit_circuit_id) values (91, 5);
insert into circuit_sponsor (sponsor_sponsor_id, circuit_circuit_id) values (91, 6);
insert into circuit_sponsor (sponsor_sponsor_id, circuit_circuit_id) values (91, 7);
insert into circuit_sponsor (sponsor_sponsor_id, circuit_circuit_id) values (91, 8);
insert into circuit_sponsor (sponsor_sponsor_id, circuit_circuit_id) values (92, 10);
insert into circuit_sponsor (sponsor_sponsor_id, circuit_circuit_id) values (92, 4);
insert into circuit_sponsor (sponsor_sponsor_id, circuit_circuit_id) values (92, 7);
insert into circuit_sponsor (sponsor_sponsor_id, circuit_circuit_id) values (92, 9);
insert into circuit_sponsor (sponsor_sponsor_id, circuit_circuit_id) values (93, 1);
insert into circuit_sponsor (sponsor_sponsor_id, circuit_circuit_id) values (93, 10);
insert into circuit_sponsor (sponsor_sponsor_id, circuit_circuit_id) values (93, 3);
insert into circuit_sponsor (sponsor_sponsor_id, circuit_circuit_id) values (93, 4);
insert into circuit_sponsor (sponsor_sponsor_id, circuit_circuit_id) values (93, 5);
insert into circuit_sponsor (sponsor_sponsor_id, circuit_circuit_id) values (93, 6);
insert into circuit_sponsor (sponsor_sponsor_id, circuit_circuit_id) values (93, 8);
insert into circuit_sponsor (sponsor_sponsor_id, circuit_circuit_id) values (94, 1);
insert into circuit_sponsor (sponsor_sponsor_id, circuit_circuit_id) values (94, 2);
insert into circuit_sponsor (sponsor_sponsor_id, circuit_circuit_id) values (94, 3);
insert into circuit_sponsor (sponsor_sponsor_id, circuit_circuit_id) values (94, 4);
insert into circuit_sponsor (sponsor_sponsor_id, circuit_circuit_id) values (94, 5);
insert into circuit_sponsor (sponsor_sponsor_id, circuit_circuit_id) values (94, 6);
insert into circuit_sponsor (sponsor_sponsor_id, circuit_circuit_id) values (94, 8);
insert into circuit_sponsor (sponsor_sponsor_id, circuit_circuit_id) values (94, 9);
insert into circuit_sponsor (sponsor_sponsor_id, circuit_circuit_id) values (95, 2);
insert into circuit_sponsor (sponsor_sponsor_id, circuit_circuit_id) values (95, 3);
insert into circuit_sponsor (sponsor_sponsor_id, circuit_circuit_id) values (95, 5);
insert into circuit_sponsor (sponsor_sponsor_id, circuit_circuit_id) values (95, 9);
insert into circuit_sponsor (sponsor_sponsor_id, circuit_circuit_id) values (96, 1);
insert into circuit_sponsor (sponsor_sponsor_id, circuit_circuit_id) values (96, 10);
insert into circuit_sponsor (sponsor_sponsor_id, circuit_circuit_id) values (96, 3);
insert into circuit_sponsor (sponsor_sponsor_id, circuit_circuit_id) values (96, 5);
insert into circuit_sponsor (sponsor_sponsor_id, circuit_circuit_id) values (96, 6);
insert into circuit_sponsor (sponsor_sponsor_id, circuit_circuit_id) values (96, 8);
insert into circuit_sponsor (sponsor_sponsor_id, circuit_circuit_id) values (97, 1);
insert into circuit_sponsor (sponsor_sponsor_id, circuit_circuit_id) values (97, 10);
insert into circuit_sponsor (sponsor_sponsor_id, circuit_circuit_id) values (97, 2);
insert into circuit_sponsor (sponsor_sponsor_id, circuit_circuit_id) values (97, 3);
insert into circuit_sponsor (sponsor_sponsor_id, circuit_circuit_id) values (97, 6);
insert into circuit_sponsor (sponsor_sponsor_id, circuit_circuit_id) values (97, 9);
insert into circuit_sponsor (sponsor_sponsor_id, circuit_circuit_id) values (98, 2);
insert into circuit_sponsor (sponsor_sponsor_id, circuit_circuit_id) values (98, 3);
insert into circuit_sponsor (sponsor_sponsor_id, circuit_circuit_id) values (98, 4);
insert into circuit_sponsor (sponsor_sponsor_id, circuit_circuit_id) values (98, 5);
insert into circuit_sponsor (sponsor_sponsor_id, circuit_circuit_id) values (98, 6);
insert into circuit_sponsor (sponsor_sponsor_id, circuit_circuit_id) values (98, 7);
insert into circuit_sponsor (sponsor_sponsor_id, circuit_circuit_id) values (98, 8);
insert into circuit_sponsor (sponsor_sponsor_id, circuit_circuit_id) values (99, 1);
insert into circuit_sponsor (sponsor_sponsor_id, circuit_circuit_id) values (99, 3);
insert into circuit_sponsor (sponsor_sponsor_id, circuit_circuit_id) values (99, 4);
insert into circuit_sponsor (sponsor_sponsor_id, circuit_circuit_id) values (99, 5);
insert into circuit_sponsor (sponsor_sponsor_id, circuit_circuit_id) values (99, 7);
insert into circuit_sponsor (sponsor_sponsor_id, circuit_circuit_id) values (99, 8);
insert into circuit_sponsor (sponsor_sponsor_id, circuit_circuit_id) values (99, 9);
commit;
