<?xml version = '1.0' encoding = 'UTF-8'?>
<FKIndexAssociation class="oracle.dbtools.crest.model.design.relational.FKIndexAssociation" directorySegmentName="seg_0" id="0D20A3F9-1EB8-C1E8-248D-1AE75CD42571" containerWithKeyObject="99B51820-639E-9683-F254-3F3AF542C027" localFKIndex="3DBFE8AE-48C4-32BF-079A-BFE504F2E689" name="Qualifying_results_Race_FK">
<createdBy>haras</createdBy>
<createdTime>2018-11-12 16:26:25 UTC</createdTime>
<generatorID>3C0A0826-0C39-3ABF-A6E9-7DDDEA5F9066</generatorID>
<ownerDesignName>blancpain_gt_series</ownerDesignName>
<referredTableLongName>Race</referredTableLongName>
<deleteRule>NO ACTION</deleteRule>
<referredTableID>5DCEB945-3E05-7BD7-525F-0D263E4852A8</referredTableID>
<keyObject>4EF4E68F-CDBA-00B1-5C6D-25028C34A44E</keyObject>
<referredKeyID>4EF4E68F-CDBA-00B1-5C6D-25028C34A44E</referredKeyID>
<mandatory>true</mandatory>
<refColNames>session_id</refColNames>
<transferable>true</transferable>
<rely>false</rely>
<columnDependencyConstraintGenerateInDDL>true</columnDependencyConstraintGenerateInDDL>
</FKIndexAssociation>