<?xml version = '1.0' encoding = 'UTF-8'?>
<FKIndexAssociation class="oracle.dbtools.crest.model.design.relational.FKIndexAssociation" directorySegmentName="seg_0" id="21D388CD-2E19-960E-761A-A9F8A69A2B78" containerWithKeyObject="CBC7EDDC-5CDF-1BD2-E3AB-A21030183142" localFKIndex="3EBAE376-13A9-AF40-53C9-D6A55DE29121" name="Qualifying_Session_FK">
<createdBy>haras</createdBy>
<createdTime>2018-11-12 16:26:25 UTC</createdTime>
<generatorID>AE5EFA74-D8F8-3E5C-958A-18493E14BC56</generatorID>
<ownerDesignName>blancpain_gt_series</ownerDesignName>
<referredTableLongName>Session</referredTableLongName>
<arc>2B141C7D-F3A4-40BB-7E62-D6587BBF253E</arc>
<deleteRule>NO ACTION</deleteRule>
<referredTableID>A3728ED5-47AC-64A8-484C-D878712EE190</referredTableID>
<keyObject>9EA5D740-E894-619D-0C80-3725D61444AF</keyObject>
<referredKeyID>9EA5D740-E894-619D-0C80-3725D61444AF</referredKeyID>
<mandatory>true</mandatory>
<refColNames>session_id</refColNames>
<transferable>true</transferable>
<rely>false</rely>
<columnDependencyConstraintGenerateInDDL>true</columnDependencyConstraintGenerateInDDL>
</FKIndexAssociation>