<?xml version = '1.0' encoding = 'UTF-8'?>
<FKIndexAssociation class="oracle.dbtools.crest.model.design.relational.FKIndexAssociation" directorySegmentName="seg_0" id="311BFC98-AA70-01BC-1918-988A3114F5CE" containerWithKeyObject="A3728ED5-47AC-64A8-484C-D878712EE190" localFKIndex="0835CEC6-C621-CEF2-F5DD-1D6E3E7FEA97" name="Session_Circuit_FK">
<createdBy>haras</createdBy>
<createdTime>2018-11-12 16:26:25 UTC</createdTime>
<generatorID>4A1CBB56-472F-E1E0-B694-2F330583283B</generatorID>
<ownerDesignName>blancpain_gt_series</ownerDesignName>
<referredTableLongName>Circuit</referredTableLongName>
<deleteRule>NO ACTION</deleteRule>
<referredTableID>5FDBFA3B-8062-C956-24A8-4E80738B3CD9</referredTableID>
<keyObject>01D76E03-281B-3975-4E2B-4A4471D28343</keyObject>
<referredKeyID>01D76E03-281B-3975-4E2B-4A4471D28343</referredKeyID>
<mandatory>true</mandatory>
<refColNames>circuit_id</refColNames>
<transferable>true</transferable>
<rely>false</rely>
<columnDependencyConstraintGenerateInDDL>true</columnDependencyConstraintGenerateInDDL>
</FKIndexAssociation>