<?xml version = '1.0' encoding = 'UTF-8'?>
<FKIndexAssociation class="oracle.dbtools.crest.model.design.relational.FKIndexAssociation" directorySegmentName="seg_0" id="8B08B070-5DB7-0643-702E-6C920A238B7D" containerWithKeyObject="98E7018B-B232-CFFB-F2FF-CE2719BA56F4" localFKIndex="F3ADA856-DFCB-9F8C-E20C-D9345783CE19" name="Racecar_Team_FK">
<createdBy>haras</createdBy>
<createdTime>2018-11-12 16:26:25 UTC</createdTime>
<generatorID>4E82373A-31B5-1269-8ADC-C8DD412AE8AB</generatorID>
<ownerDesignName>blancpain_gt_series</ownerDesignName>
<referredTableLongName>Team</referredTableLongName>
<deleteRule>NO ACTION</deleteRule>
<referredTableID>5C74370D-A633-86B3-8B41-C861DE3FDB3A</referredTableID>
<keyObject>617A8A2B-A915-24AE-6EBC-109F2763DB5B</keyObject>
<referredKeyID>617A8A2B-A915-24AE-6EBC-109F2763DB5B</referredKeyID>
<mandatory>true</mandatory>
<refColNames>team_id</refColNames>
<transferable>true</transferable>
<rely>false</rely>
<columnDependencyConstraintGenerateInDDL>true</columnDependencyConstraintGenerateInDDL>
</FKIndexAssociation>