<?xml version = '1.0' encoding = 'UTF-8'?>
<FKIndexAssociation class="oracle.dbtools.crest.model.design.relational.FKIndexAssociation" directorySegmentName="seg_0" id="CC12EDE5-E571-E012-B50F-53059970E157" containerWithKeyObject="99B51820-639E-9683-F254-3F3AF542C027" localFKIndex="663B0B7F-0FC3-08C9-67A8-747B720D1D2A" name="Qualifying_results_Qualifying_FK">
<createdBy>haras</createdBy>
<createdTime>2018-11-12 16:26:25 UTC</createdTime>
<generatorID>1D001B4F-E424-E471-7051-99010EF35347</generatorID>
<ownerDesignName>blancpain_gt_series</ownerDesignName>
<referredTableLongName>Qualifying</referredTableLongName>
<deleteRule>NO ACTION</deleteRule>
<referredTableID>CBC7EDDC-5CDF-1BD2-E3AB-A21030183142</referredTableID>
<keyObject>2EB6BB5F-72CD-CDCD-0AB7-A9D287F2F2FC</keyObject>
<referredKeyID>2EB6BB5F-72CD-CDCD-0AB7-A9D287F2F2FC</referredKeyID>
<mandatory>true</mandatory>
<refColNames>session_id</refColNames>
<transferable>true</transferable>
<rely>false</rely>
<columnDependencyConstraintGenerateInDDL>true</columnDependencyConstraintGenerateInDDL>
</FKIndexAssociation>