<?xml version = '1.0' encoding = 'UTF-8'?>
<FKIndexAssociation class="oracle.dbtools.crest.model.design.relational.FKIndexAssociation" directorySegmentName="seg_0" id="E1F71E8A-8800-7D4B-7B68-47C24E3CF87C" containerWithKeyObject="99B51820-639E-9683-F254-3F3AF542C027" localFKIndex="4E7B4D05-0DEB-35E7-52CE-B0915AD17A78" name="Qualifying_results_Driver_FK">
<createdBy>haras</createdBy>
<createdTime>2018-11-12 16:26:25 UTC</createdTime>
<generatorID>525EA926-4D08-F1F3-F20D-CFD3180A41E5</generatorID>
<ownerDesignName>blancpain_gt_series</ownerDesignName>
<referredTableLongName>Driver</referredTableLongName>
<deleteRule>NO ACTION</deleteRule>
<referredTableID>5201ED73-7A6C-E80D-57F0-8ECA47996E66</referredTableID>
<keyObject>65CDC690-A71B-BC40-2374-8CEA7892A858</keyObject>
<referredKeyID>65CDC690-A71B-BC40-2374-8CEA7892A858</referredKeyID>
<mandatory>true</mandatory>
<refColNames>driver_id</refColNames>
<transferable>true</transferable>
<rely>false</rely>
<columnDependencyConstraintGenerateInDDL>true</columnDependencyConstraintGenerateInDDL>
</FKIndexAssociation>